2025-05-20 03:37:14.556: [INFO][Sync] Reset engine, reason: 8
2025-05-20 03:37:14.556: [INFO][Sync] Stopped: Bookmarks
2025-05-20 03:37:14.556: [INFO][Sync] Stopped: Preferences
2025-05-20 03:37:14.556: [INFO][Sync] Stopped: Passwords
2025-05-20 03:37:14.556: [INFO][Sync] Stopped: Autofill Profiles
2025-05-20 03:37:14.556: [INFO][Sync] Stopped: Autofill
2025-05-20 03:37:14.556: [INFO][Sync] Stopped: Extensions
2025-05-20 03:37:14.556: [INFO][Sync] Stopped: Sessions
2025-05-20 03:37:14.556: [INFO][Sync] Stopped: Extension settings
2025-05-20 03:37:14.556: [INFO][Sync] Stopped: History Delete Directives
2025-05-20 03:37:14.556: [INFO][Sync] Stopped: Device Info
2025-05-20 03:37:14.556: [INFO][Sync] Stopped: User Consents
2025-05-20 03:37:14.556: [INFO][Sync] Stopped: Send Tab To Self
2025-05-20 03:37:14.556: [INFO][Sync] Stopped: Web Apps
2025-05-20 03:37:14.556: [INFO][Sync] Stopped: History
2025-05-20 03:37:14.556: [INFO][Sync] Stopped: Saved Tab Group
2025-05-20 03:37:14.556: [INFO][Sync] Stopped: Collection
2025-05-20 03:37:14.556: [INFO][Sync] Stopped: Edge E Drop
2025-05-20 03:37:14.556: [INFO][Sync] Stopped: Edge Hub App Usage
2025-05-20 03:37:14.556: [INFO][Sync] Stopped: Edge Tab Group
2025-05-20 03:37:14.556: [INFO][Sync] Stopped: Edge Wallet
2025-05-20 03:37:14.556: [INFO][Sync] SyncState after authenticated was: NotSignedIn
2025-05-20 03:37:14.782: [INFO][Sync] Reset engine, reason: 8
2025-05-20 03:37:14.782: [INFO][Sync] Stopped: Bookmarks
2025-05-20 03:37:14.782: [INFO][Sync] Stopped: Preferences
2025-05-20 03:37:14.782: [INFO][Sync] Stopped: Passwords
2025-05-20 03:37:14.782: [INFO][Sync] Stopped: Autofill Profiles
2025-05-20 03:37:14.782: [INFO][Sync] Stopped: Autofill
2025-05-20 03:37:14.782: [INFO][Sync] Stopped: Extensions
2025-05-20 03:37:14.782: [INFO][Sync] Stopped: Sessions
2025-05-20 03:37:14.782: [INFO][Sync] Stopped: Extension settings
2025-05-20 03:37:14.782: [INFO][Sync] Stopped: History Delete Directives
2025-05-20 03:37:14.782: [INFO][Sync] Stopped: Device Info
2025-05-20 03:37:14.782: [INFO][Sync] Stopped: User Consents
2025-05-20 03:37:14.782: [INFO][Sync] Stopped: Send Tab To Self
2025-05-20 03:37:14.782: [INFO][Sync] Stopped: Web Apps
2025-05-20 03:37:14.782: [INFO][Sync] Stopped: History
2025-05-20 03:37:14.782: [INFO][Sync] Stopped: Saved Tab Group
2025-05-20 03:37:14.782: [INFO][Sync] Stopped: Collection
2025-05-20 03:37:14.782: [INFO][Sync] Stopped: Edge E Drop
2025-05-20 03:37:14.782: [INFO][Sync] Stopped: Edge Hub App Usage
2025-05-20 03:37:14.782: [INFO][Sync] Stopped: Edge Tab Group
2025-05-20 03:37:14.782: [INFO][Sync] Stopped: Edge Wallet
2025-05-20 03:37:18.485: [INFO][Sync] Try to start sync engine
2025-05-20 03:37:18.768: [INFO][SyncManagerImpl::NudgeForInitialDownload] Initial download nudge for Encryption Keys
2025-05-20 03:37:18.768: [INFO][SyncEngineBackend::LoadAndConnectNigoriController] Load and connect Nigori controller
2025-05-20 03:37:18.768: [INFO][SyncEngineBackend::DoInitialize] Control Types added: Encryption Keys
2025-05-20 03:37:18.769: [INFO][SyncManagerImpl::ConfigureSyncer] Types to download: Encryption Keys with reason: 3
2025-05-20 03:37:18.769: [INFO][SyncSchedulerImpl::DoConfigurationSyncCycleJob] Configure job was blocked
2025-05-20 03:37:21.024: [INFO][SyncAuthManager::SetLastAuthError] Current auth error: None
2025-05-20 03:37:21.024: [INFO][SyncAuthManager::EdgeLogTokenErrorState] Token error with: None for account type: AAD
2025-05-20 03:37:21.024: [INFO][Sync] Credentials changed for: EdgeSyncScopeNew
2025-05-20 03:37:22.924: [INFO][SyncAuthManager::SetLastAuthError] Current auth error: None
2025-05-20 03:37:22.924: [INFO][SyncAuthManager::EdgeLogTokenErrorState] Token error with: None for account type: AAD
2025-05-20 03:37:22.924: [INFO][Sync] Credentials changed for: EdgeSyncKeyDataScope
2025-05-20 03:37:22.924: [INFO][SyncEngineBackend::DoUpdateKeyDataCredentials] Update key data credentials
2025-05-20 03:37:22.924: [INFO][SyncEngineBackend::DoUpdateCredentials] Update credentials
2025-05-20 03:37:22.924: [INFO][SyncSchedulerImpl::DoConfigurationSyncCycleJob] Blocked types:  and types to download: Encryption Keys
2025-05-20 03:37:26.517: [INFO][Sync] Started DataTypeManager configuration, reason: 4
2025-05-20 03:37:26.517: [INFO][Sync] Configuring for: Bookmarks, Preferences, Passwords, Autofill Profiles, Autofill, Extensions, Sessions, Extension settings, History Delete Directives, Device Info, User Consents, Send Tab To Self, Web Apps, History, Saved Tab Group, Collection, Edge E Drop, Edge Hub App Usage, Edge Tab Group, Edge Wallet, Encryption Keys, reason: 3, current state: 0
2025-05-20 03:37:26.518: [INFO][Sync] Configure, desired: Bookmarks, Preferences, Passwords, Autofill Profiles, Autofill, Extensions, Sessions, Extension settings, History Delete Directives, Device Info, User Consents, Send Tab To Self, Web Apps, History, Saved Tab Group, Collection, Edge E Drop, Edge Hub App Usage, Edge Tab Group, Edge Wallet, Encryption Keys; Allow fail: 
2025-05-20 03:37:26.518: [INFO][Sync] Loading: Bookmarks
2025-05-20 03:37:26.518: [INFO][Sync] Loading: Preferences
2025-05-20 03:37:26.518: [INFO][Sync] Loading: Passwords
2025-05-20 03:37:26.518: [INFO][Sync] Loading: Autofill Profiles
2025-05-20 03:37:26.518: [INFO][Sync] Loading: Autofill
2025-05-20 03:37:26.518: [INFO][Sync] Loading: Extensions
2025-05-20 03:37:26.518: [INFO][Sync] Loading: Sessions
2025-05-20 03:37:26.518: [INFO][Sync] Loading: Extension settings
2025-05-20 03:37:26.518: [INFO][Sync] Loading: History Delete Directives
2025-05-20 03:37:26.518: [INFO][Sync] Loading: Device Info
2025-05-20 03:37:26.518: [INFO][Sync] Loading: User Consents
2025-05-20 03:37:26.518: [INFO][Sync] Loading: Send Tab To Self
2025-05-20 03:37:26.518: [INFO][Sync] Loading: Web Apps
2025-05-20 03:37:26.518: [INFO][Sync] Loading: History
2025-05-20 03:37:26.518: [INFO][Sync] Loading: Saved Tab Group
2025-05-20 03:37:26.518: [INFO][Sync] Loading: Collection
2025-05-20 03:37:26.518: [INFO][Sync] Loading: Edge E Drop
2025-05-20 03:37:26.518: [INFO][Sync] Loading: Edge Hub App Usage
2025-05-20 03:37:26.518: [INFO][Sync] Loading: Edge Tab Group
2025-05-20 03:37:26.518: [INFO][Sync] Loading: Edge Wallet
2025-05-20 03:37:26.523: [INFO][SyncEngineBackend::DoStartConfiguration] Start configuration
2025-05-20 03:37:26.526: [INFO][Sync] All data types are ready for configure.
2025-05-20 03:37:26.526: [INFO][SyncManagerImpl::NudgeForInitialDownload] Initial download nudge for Bookmarks
2025-05-20 03:37:26.526: [INFO][SyncManagerImpl::NudgeForInitialDownload] Initial download nudge for Preferences
2025-05-20 03:37:26.526: [INFO][SyncManagerImpl::NudgeForInitialDownload] Initial download nudge for Passwords
2025-05-20 03:37:26.526: [INFO][SyncManagerImpl::NudgeForInitialDownload] Initial download nudge for Autofill Profiles
2025-05-20 03:37:26.526: [INFO][SyncManagerImpl::NudgeForInitialDownload] Initial download nudge for Autofill
2025-05-20 03:37:26.526: [INFO][SyncManagerImpl::NudgeForInitialDownload] Initial download nudge for Extensions
2025-05-20 03:37:26.526: [INFO][SyncManagerImpl::NudgeForInitialDownload] Initial download nudge for Sessions
2025-05-20 03:37:26.526: [INFO][SyncManagerImpl::NudgeForInitialDownload] Initial download nudge for Extension settings
2025-05-20 03:37:26.526: [INFO][SyncManagerImpl::NudgeForInitialDownload] Initial download nudge for History Delete Directives
2025-05-20 03:37:26.526: [INFO][SyncManagerImpl::NudgeForInitialDownload] Initial download nudge for Device Info
2025-05-20 03:37:26.526: [INFO][SyncManagerImpl::NudgeForInitialDownload] Initial download nudge for Send Tab To Self
2025-05-20 03:37:26.526: [INFO][SyncManagerImpl::NudgeForInitialDownload] Initial download nudge for Web Apps
2025-05-20 03:37:26.526: [INFO][SyncManagerImpl::NudgeForInitialDownload] Initial download nudge for History
2025-05-20 03:37:26.526: [INFO][SyncManagerImpl::NudgeForInitialDownload] Initial download nudge for Saved Tab Group
2025-05-20 03:37:26.526: [INFO][SyncManagerImpl::NudgeForInitialDownload] Initial download nudge for Collection
2025-05-20 03:37:26.526: [INFO][SyncManagerImpl::NudgeForInitialDownload] Initial download nudge for Edge E Drop
2025-05-20 03:37:26.527: [INFO][SyncManagerImpl::NudgeForInitialDownload] Initial download nudge for Edge Hub App Usage
2025-05-20 03:37:26.527: [INFO][SyncManagerImpl::NudgeForInitialDownload] Initial download nudge for Edge Tab Group
2025-05-20 03:37:26.527: [INFO][SyncManagerImpl::NudgeForInitialDownload] Initial download nudge for Edge Wallet
2025-05-20 03:37:26.527: [INFO][SyncManagerImpl::ConfigureSyncer] Types to download:  with reason: 3
2025-05-20 03:37:26.527: [INFO][SyncEngineBackend::DoFinishConfigureDataTypes] Failed to download types:  and succeeded types: 
2025-05-20 03:37:26.528: [INFO][Sync] ConfigurationDone, failed: , succeeded: , remaining count: 4
2025-05-20 03:37:26.528: [INFO][Sync] Prepare to configure types: Preferences, Passwords, Device Info, Send Tab To Self, Edge E Drop, Encryption Keys
2025-05-20 03:37:26.528: [INFO][SyncManagerImpl::ConfigureSyncer] Types to download: Preferences, Passwords, Device Info, Send Tab To Self, Edge E Drop, Encryption Keys with reason: 3
2025-05-20 03:37:26.528: [INFO][SyncSchedulerImpl::DoConfigurationSyncCycleJob] Blocked types:  and types to download: Preferences, Passwords, Device Info, Send Tab To Self, Edge E Drop, Encryption Keys
2025-05-20 03:37:26.732: [INFO][SyncEngineBackend::DoFinishConfigureDataTypes] Failed to download types:  and succeeded types: Preferences, Passwords, Device Info, Send Tab To Self, Edge E Drop, Encryption Keys
2025-05-20 03:37:26.734: [INFO][Sync] ConfigurationDone, failed: , succeeded: Preferences, Passwords, Device Info, Send Tab To Self, Edge E Drop, Encryption Keys, remaining count: 3
2025-05-20 03:37:26.734: [INFO][Sync] Prepare to configure types: Bookmarks, Encryption Keys
2025-05-20 03:37:26.734: [INFO][SyncManagerImpl::ConfigureSyncer] Types to download: Bookmarks, Encryption Keys with reason: 3
2025-05-20 03:37:26.734: [INFO][SyncSchedulerImpl::DoConfigurationSyncCycleJob] Blocked types:  and types to download: Bookmarks, Encryption Keys
2025-05-20 03:37:26.969: [INFO][SyncEngineBackend::DoFinishConfigureDataTypes] Failed to download types:  and succeeded types: Bookmarks, Encryption Keys
2025-05-20 03:37:26.971: [INFO][Sync] ConfigurationDone, failed: , succeeded: Bookmarks, Encryption Keys, remaining count: 2
2025-05-20 03:37:26.971: [INFO][Sync] Prepare to configure types: Autofill Profiles, Autofill, Extensions, Sessions, Extension settings, History Delete Directives, Web Apps, Saved Tab Group, Collection, Edge Hub App Usage, Edge Tab Group, Edge Wallet, Encryption Keys
2025-05-20 03:37:26.971: [INFO][SyncManagerImpl::ConfigureSyncer] Types to download: Autofill Profiles, Autofill, Extensions, Sessions, Extension settings, History Delete Directives, Web Apps, Saved Tab Group, Collection, Edge Hub App Usage, Edge Tab Group, Edge Wallet, Encryption Keys with reason: 3
2025-05-20 03:37:26.971: [INFO][SyncSchedulerImpl::DoConfigurationSyncCycleJob] Blocked types:  and types to download: Autofill Profiles, Autofill, Extensions, Sessions, Extension settings, History Delete Directives, Web Apps, Saved Tab Group, Collection, Edge Hub App Usage, Edge Tab Group, Edge Wallet, Encryption Keys
2025-05-20 03:37:27.160: [INFO][SyncEngineBackend::DoFinishConfigureDataTypes] Failed to download types:  and succeeded types: Autofill Profiles, Autofill, Extensions, Sessions, Extension settings, History Delete Directives, Web Apps, Saved Tab Group, Collection, Edge Hub App Usage, Edge Tab Group, Edge Wallet, Encryption Keys
2025-05-20 03:37:27.162: [INFO][Sync] ConfigurationDone, failed: , succeeded: Autofill Profiles, Autofill, Extensions, Sessions, Extension settings, History Delete Directives, Web Apps, Saved Tab Group, Collection, Edge Hub App Usage, Edge Tab Group, Edge Wallet, Encryption Keys, remaining count: 1
2025-05-20 03:37:27.164: [INFO][Sync] Prepare to configure types: History, Encryption Keys
2025-05-20 03:37:27.164: [INFO][SyncManagerImpl::ConfigureSyncer] Types to download: History, Encryption Keys with reason: 3
2025-05-20 03:37:27.164: [INFO][SyncSchedulerImpl::DoConfigurationSyncCycleJob] Blocked types:  and types to download: History, Encryption Keys
2025-05-20 03:37:27.351: [INFO][SyncEngineBackend::DoFinishConfigureDataTypes] Failed to download types:  and succeeded types: History, Encryption Keys
2025-05-20 03:37:27.352: [INFO][Sync] ConfigurationDone, failed: , succeeded: History, Encryption Keys, remaining count: 0
2025-05-20 03:37:27.354: [INFO][Sync]     Configuration completed, state: 3
2025-05-20 03:37:27.354: [INFO][Sync] Configured DataTypeManager: Ok
2025-05-20 03:37:27.356: [INFO][SyncEngineBackend::DoStartSyncing] Start syncing
2025-05-20 03:43:46.371: [INFO][Sync] Reset engine, reason: 0
2025-05-20 03:43:46.371: [INFO][Sync] Reset engine with reason: 0
2025-05-20 03:49:48.147: [INFO][Sync] SyncState after authenticated was: FeatureCanStart
2025-05-20 03:49:48.538: [INFO][Sync] Try to start sync engine
2025-05-20 03:49:48.546: [INFO][SyncManagerImpl::NudgeForInitialDownload] Initial download nudge for Encryption Keys
2025-05-20 03:49:48.546: [INFO][SyncEngineBackend::LoadAndConnectNigoriController] Load and connect Nigori controller
2025-05-20 03:49:48.546: [INFO][SyncEngineBackend::DoInitialize] Control Types added: Encryption Keys
2025-05-20 03:49:48.546: [INFO][SyncManagerImpl::ConfigureSyncer] Types to download: Encryption Keys with reason: 3
2025-05-20 03:49:48.546: [INFO][SyncSchedulerImpl::DoConfigurationSyncCycleJob] Configure job was blocked
2025-05-20 03:49:48.576: [INFO][SyncAuthManager::SetLastAuthError] Current auth error: None
2025-05-20 03:49:48.576: [INFO][SyncAuthManager::EdgeLogTokenErrorState] Token error with: None for account type: AAD
2025-05-20 03:49:48.576: [INFO][Sync] Credentials changed for: EdgeSyncKeyDataScope
2025-05-20 03:49:48.576: [INFO][SyncEngineBackend::DoUpdateKeyDataCredentials] Update key data credentials
2025-05-20 03:49:48.617: [INFO][SyncAuthManager::SetLastAuthError] Current auth error: None
2025-05-20 03:49:48.617: [INFO][SyncAuthManager::EdgeLogTokenErrorState] Token error with: None for account type: AAD
2025-05-20 03:49:48.617: [INFO][Sync] Credentials changed for: EdgeSyncScopeNew
2025-05-20 03:49:48.617: [INFO][SyncEngineBackend::DoUpdateCredentials] Update credentials
2025-05-20 03:49:48.618: [INFO][SyncSchedulerImpl::DoConfigurationSyncCycleJob] Blocked types:  and types to download: Encryption Keys
2025-05-20 03:49:55.935: [INFO][SyncEngineBackend::DoUpdateKeyDataCredentials] Update key data credentials
2025-05-20 03:49:55.936: [INFO][Sync] Started DataTypeManager configuration, reason: 4
2025-05-20 03:49:55.936: [INFO][Sync] Configuring for: Bookmarks, Preferences, Passwords, Autofill Profiles, Autofill, Extensions, Sessions, Extension settings, History Delete Directives, Device Info, User Consents, Send Tab To Self, Web Apps, History, Saved Tab Group, Collection, Edge E Drop, Edge Hub App Usage, Edge Tab Group, Edge Wallet, Encryption Keys, reason: 4, current state: 0
2025-05-20 03:49:55.936: [INFO][SyncEngineBackend::DoStartConfiguration] Start configuration
2025-05-20 03:49:55.937: [INFO][Sync] Configure, desired: Bookmarks, Preferences, Passwords, Autofill Profiles, Autofill, Extensions, Sessions, Extension settings, History Delete Directives, Device Info, User Consents, Send Tab To Self, Web Apps, History, Saved Tab Group, Collection, Edge E Drop, Edge Hub App Usage, Edge Tab Group, Edge Wallet, Encryption Keys; Allow fail: 
2025-05-20 03:49:55.937: [INFO][Sync] Loading: Bookmarks
2025-05-20 03:49:55.937: [INFO][Sync] Loading: Preferences
2025-05-20 03:49:55.937: [INFO][Sync] Loading: Passwords
2025-05-20 03:49:55.937: [INFO][Sync] Loading: Autofill Profiles
2025-05-20 03:49:55.937: [INFO][Sync] Loading: Autofill
2025-05-20 03:49:55.937: [INFO][Sync] Loading: Extensions
2025-05-20 03:49:55.937: [INFO][Sync] Loading: Sessions
2025-05-20 03:49:55.937: [INFO][Sync] Loading: Extension settings
2025-05-20 03:49:55.937: [INFO][Sync] Loading: History Delete Directives
2025-05-20 03:49:55.938: [INFO][Sync] Loading: Device Info
2025-05-20 03:49:55.938: [INFO][Sync] Loading: User Consents
2025-05-20 03:49:55.938: [INFO][Sync] Loading: Send Tab To Self
2025-05-20 03:49:55.938: [INFO][Sync] Loading: Web Apps
2025-05-20 03:49:55.938: [INFO][Sync] Loading: History
2025-05-20 03:49:55.938: [INFO][Sync] Loading: Saved Tab Group
2025-05-20 03:49:55.938: [INFO][Sync] Loading: Collection
2025-05-20 03:49:55.938: [INFO][Sync] Loading: Edge E Drop
2025-05-20 03:49:55.938: [INFO][Sync] Loading: Edge Hub App Usage
2025-05-20 03:49:55.938: [INFO][Sync] Loading: Edge Tab Group
2025-05-20 03:49:55.938: [INFO][Sync] Loading: Edge Wallet
2025-05-20 03:49:55.942: [INFO][Sync] All data types are ready for configure.
2025-05-20 03:49:55.943: [INFO][SyncManagerImpl::ConfigureSyncer] Types to download:  with reason: 4
2025-05-20 03:49:55.943: [INFO][SyncEngineBackend::DoFinishConfigureDataTypes] Failed to download types:  and succeeded types: 
2025-05-20 03:49:55.943: [INFO][Sync] ConfigurationDone, failed: , succeeded: , remaining count: 4
2025-05-20 03:49:55.944: [INFO][SyncManagerImpl::ConfigureSyncer] Types to download:  with reason: 4
2025-05-20 03:49:55.944: [INFO][SyncEngineBackend::DoFinishConfigureDataTypes] Failed to download types:  and succeeded types: 
2025-05-20 03:49:55.944: [INFO][Sync] ConfigurationDone, failed: , succeeded: , remaining count: 3
2025-05-20 03:49:55.944: [INFO][SyncManagerImpl::ConfigureSyncer] Types to download:  with reason: 4
2025-05-20 03:49:55.944: [INFO][SyncEngineBackend::DoFinishConfigureDataTypes] Failed to download types:  and succeeded types: 
2025-05-20 03:49:55.944: [INFO][Sync] ConfigurationDone, failed: , succeeded: , remaining count: 2
2025-05-20 03:49:55.944: [INFO][SyncManagerImpl::ConfigureSyncer] Types to download:  with reason: 4
2025-05-20 03:49:55.944: [INFO][SyncEngineBackend::DoFinishConfigureDataTypes] Failed to download types:  and succeeded types: 
2025-05-20 03:49:55.944: [INFO][Sync] ConfigurationDone, failed: , succeeded: , remaining count: 1
2025-05-20 03:49:55.945: [INFO][SyncManagerImpl::ConfigureSyncer] Types to download:  with reason: 4
2025-05-20 03:49:55.945: [INFO][SyncEngineBackend::DoFinishConfigureDataTypes] Failed to download types:  and succeeded types: 
2025-05-20 03:49:55.945: [INFO][Sync] ConfigurationDone, failed: , succeeded: , remaining count: 0
2025-05-20 03:49:55.946: [INFO][Sync]     Configuration completed, state: 3
2025-05-20 03:49:55.946: [INFO][Sync] Configured DataTypeManager: Ok
2025-05-20 03:49:55.947: [INFO][SyncEngineBackend::DoStartSyncing] Start syncing
2025-05-20 04:08:50.550: [INFO][Sync] Reset engine, reason: 0
2025-05-20 04:08:50.550: [INFO][Sync] Reset engine with reason: 0
2025-05-20 04:09:13.540: [INFO][Sync] SyncState after authenticated was: FeatureCanStart
2025-05-20 04:09:13.888: [INFO][SyncAuthManager::SetLastAuthError] Current auth error: None
2025-05-20 04:09:13.888: [INFO][SyncAuthManager::EdgeLogTokenErrorState] Token error with: None for account type: AAD
2025-05-20 04:09:13.888: [INFO][Sync] Credentials changed for: EdgeSyncKeyDataScope
2025-05-20 04:09:13.888: [INFO][Sync] Try to start sync engine
2025-05-20 04:09:13.894: [INFO][SyncManagerImpl::NudgeForInitialDownload] Initial download nudge for Encryption Keys
2025-05-20 04:09:13.894: [INFO][SyncEngineBackend::LoadAndConnectNigoriController] Load and connect Nigori controller
2025-05-20 04:09:13.894: [INFO][SyncEngineBackend::DoInitialize] Control Types added: Encryption Keys
2025-05-20 04:09:13.894: [INFO][SyncManagerImpl::ConfigureSyncer] Types to download: Encryption Keys with reason: 3
2025-05-20 04:09:13.894: [INFO][SyncEngineBackend::DoUpdateKeyDataCredentials] Update key data credentials
2025-05-20 04:09:13.895: [INFO][SyncSchedulerImpl::DoConfigurationSyncCycleJob] Configure job was blocked
2025-05-20 04:09:13.930: [INFO][SyncAuthManager::SetLastAuthError] Current auth error: None
2025-05-20 04:09:13.930: [INFO][SyncAuthManager::EdgeLogTokenErrorState] Token error with: None for account type: AAD
2025-05-20 04:09:13.930: [INFO][Sync] Credentials changed for: EdgeSyncScopeNew
2025-05-20 04:09:13.930: [INFO][SyncEngineBackend::DoUpdateCredentials] Update credentials
2025-05-20 04:09:13.930: [INFO][SyncEngineBackend::DoUpdateKeyDataCredentials] Update key data credentials
2025-05-20 04:09:13.930: [INFO][SyncSchedulerImpl::DoConfigurationSyncCycleJob] Blocked types:  and types to download: Encryption Keys
2025-05-20 04:09:17.533: [INFO][Sync] Started DataTypeManager configuration, reason: 4
2025-05-20 04:09:17.533: [INFO][Sync] Configuring for: Bookmarks, Preferences, Passwords, Autofill Profiles, Autofill, Extensions, Sessions, Extension settings, History Delete Directives, Device Info, User Consents, Send Tab To Self, Web Apps, History, Saved Tab Group, Collection, Edge E Drop, Edge Hub App Usage, Edge Tab Group, Edge Wallet, Encryption Keys, reason: 4, current state: 0
2025-05-20 04:09:17.533: [INFO][SyncEngineBackend::DoStartConfiguration] Start configuration
2025-05-20 04:09:17.534: [INFO][Sync] Configure, desired: Bookmarks, Preferences, Passwords, Autofill Profiles, Autofill, Extensions, Sessions, Extension settings, History Delete Directives, Device Info, User Consents, Send Tab To Self, Web Apps, History, Saved Tab Group, Collection, Edge E Drop, Edge Hub App Usage, Edge Tab Group, Edge Wallet, Encryption Keys; Allow fail: 
2025-05-20 04:09:17.534: [INFO][Sync] Loading: Bookmarks
2025-05-20 04:09:17.534: [INFO][Sync] Loading: Preferences
2025-05-20 04:09:17.534: [INFO][Sync] Loading: Passwords
2025-05-20 04:09:17.534: [INFO][Sync] Loading: Autofill Profiles
2025-05-20 04:09:17.534: [INFO][Sync] Loading: Autofill
2025-05-20 04:09:17.534: [INFO][Sync] Loading: Extensions
2025-05-20 04:09:17.534: [INFO][Sync] Loading: Sessions
2025-05-20 04:09:17.534: [INFO][Sync] Loading: Extension settings
2025-05-20 04:09:17.534: [INFO][Sync] Loading: History Delete Directives
2025-05-20 04:09:17.534: [INFO][Sync] Loading: Device Info
2025-05-20 04:09:17.534: [INFO][Sync] Loading: User Consents
2025-05-20 04:09:17.534: [INFO][Sync] Loading: Send Tab To Self
2025-05-20 04:09:17.535: [INFO][Sync] Loading: Web Apps
2025-05-20 04:09:17.535: [INFO][Sync] Loading: History
2025-05-20 04:09:17.535: [INFO][Sync] Loading: Saved Tab Group
2025-05-20 04:09:17.535: [INFO][Sync] Loading: Collection
2025-05-20 04:09:17.535: [INFO][Sync] Loading: Edge E Drop
2025-05-20 04:09:17.535: [INFO][Sync] Loading: Edge Hub App Usage
2025-05-20 04:09:17.535: [INFO][Sync] Loading: Edge Tab Group
2025-05-20 04:09:17.535: [INFO][Sync] Loading: Edge Wallet
2025-05-20 04:09:17.540: [INFO][Sync] All data types are ready for configure.
2025-05-20 04:09:17.541: [INFO][SyncManagerImpl::ConfigureSyncer] Types to download:  with reason: 4
2025-05-20 04:09:17.541: [INFO][SyncEngineBackend::DoFinishConfigureDataTypes] Failed to download types:  and succeeded types: 
2025-05-20 04:09:17.541: [INFO][Sync] ConfigurationDone, failed: , succeeded: , remaining count: 4
2025-05-20 04:09:17.541: [INFO][SyncManagerImpl::ConfigureSyncer] Types to download:  with reason: 4
2025-05-20 04:09:17.541: [INFO][SyncEngineBackend::DoFinishConfigureDataTypes] Failed to download types:  and succeeded types: 
2025-05-20 04:09:17.541: [INFO][Sync] ConfigurationDone, failed: , succeeded: , remaining count: 3
2025-05-20 04:09:17.541: [INFO][SyncManagerImpl::ConfigureSyncer] Types to download:  with reason: 4
2025-05-20 04:09:17.541: [INFO][SyncEngineBackend::DoFinishConfigureDataTypes] Failed to download types:  and succeeded types: 
2025-05-20 04:09:17.541: [INFO][Sync] ConfigurationDone, failed: , succeeded: , remaining count: 2
2025-05-20 04:09:17.541: [INFO][SyncManagerImpl::ConfigureSyncer] Types to download:  with reason: 4
2025-05-20 04:09:17.541: [INFO][SyncEngineBackend::DoFinishConfigureDataTypes] Failed to download types:  and succeeded types: 
2025-05-20 04:09:17.541: [INFO][Sync] ConfigurationDone, failed: , succeeded: , remaining count: 1
2025-05-20 04:09:17.542: [INFO][SyncManagerImpl::ConfigureSyncer] Types to download:  with reason: 4
2025-05-20 04:09:17.542: [INFO][SyncEngineBackend::DoFinishConfigureDataTypes] Failed to download types:  and succeeded types: 
2025-05-20 04:09:17.542: [INFO][Sync] ConfigurationDone, failed: , succeeded: , remaining count: 0
2025-05-20 04:09:17.544: [INFO][Sync]     Configuration completed, state: 3
2025-05-20 04:09:17.544: [INFO][Sync] Configured DataTypeManager: Ok
2025-05-20 04:09:17.545: [INFO][SyncEngineBackend::DoStartSyncing] Start syncing
2025-05-20 04:11:26.131: [INFO][Sync] Reset engine, reason: 0
2025-05-20 04:11:26.131: [INFO][Sync] Reset engine with reason: 0
2025-05-20 04:11:49.144: [INFO][Sync] SyncState after authenticated was: FeatureCanStart
2025-05-20 04:11:49.440: [INFO][SyncAuthManager::SetLastAuthError] Current auth error: None
2025-05-20 04:11:49.440: [INFO][SyncAuthManager::EdgeLogTokenErrorState] Token error with: None for account type: AAD
2025-05-20 04:11:49.440: [INFO][Sync] Credentials changed for: EdgeSyncKeyDataScope
2025-05-20 04:11:49.440: [INFO][Sync] Try to start sync engine
2025-05-20 04:11:49.441: [INFO][SyncManagerImpl::NudgeForInitialDownload] Initial download nudge for Encryption Keys
2025-05-20 04:11:49.441: [INFO][SyncEngineBackend::LoadAndConnectNigoriController] Load and connect Nigori controller
2025-05-20 04:11:49.441: [INFO][SyncEngineBackend::DoInitialize] Control Types added: Encryption Keys
2025-05-20 04:11:49.441: [INFO][SyncManagerImpl::ConfigureSyncer] Types to download: Encryption Keys with reason: 3
2025-05-20 04:11:49.441: [INFO][SyncEngineBackend::DoUpdateKeyDataCredentials] Update key data credentials
2025-05-20 04:11:49.441: [INFO][SyncSchedulerImpl::DoConfigurationSyncCycleJob] Configure job was blocked
2025-05-20 04:11:49.497: [INFO][SyncAuthManager::SetLastAuthError] Current auth error: None
2025-05-20 04:11:49.497: [INFO][SyncAuthManager::EdgeLogTokenErrorState] Token error with: None for account type: AAD
2025-05-20 04:11:49.497: [INFO][Sync] Credentials changed for: EdgeSyncScopeNew
2025-05-20 04:11:49.497: [INFO][SyncEngineBackend::DoUpdateCredentials] Update credentials
2025-05-20 04:11:49.497: [INFO][SyncSchedulerImpl::DoConfigurationSyncCycleJob] Blocked types:  and types to download: Encryption Keys
2025-05-20 04:11:52.679: [INFO][SyncEngineBackend::DoUpdateKeyDataCredentials] Update key data credentials
2025-05-20 04:11:52.682: [INFO][Sync] Started DataTypeManager configuration, reason: 4
2025-05-20 04:11:52.682: [INFO][Sync] Configuring for: Bookmarks, Preferences, Passwords, Autofill Profiles, Autofill, Extensions, Sessions, Extension settings, History Delete Directives, Device Info, User Consents, Send Tab To Self, Web Apps, History, Saved Tab Group, Collection, Edge E Drop, Edge Hub App Usage, Edge Tab Group, Edge Wallet, Encryption Keys, reason: 4, current state: 0
2025-05-20 04:11:52.682: [INFO][SyncEngineBackend::DoStartConfiguration] Start configuration
2025-05-20 04:11:52.683: [INFO][Sync] Configure, desired: Bookmarks, Preferences, Passwords, Autofill Profiles, Autofill, Extensions, Sessions, Extension settings, History Delete Directives, Device Info, User Consents, Send Tab To Self, Web Apps, History, Saved Tab Group, Collection, Edge E Drop, Edge Hub App Usage, Edge Tab Group, Edge Wallet, Encryption Keys; Allow fail: 
2025-05-20 04:11:52.683: [INFO][Sync] Loading: Bookmarks
2025-05-20 04:11:52.683: [INFO][Sync] Loading: Preferences
2025-05-20 04:11:52.683: [INFO][Sync] Loading: Passwords
2025-05-20 04:11:52.683: [INFO][Sync] Loading: Autofill Profiles
2025-05-20 04:11:52.683: [INFO][Sync] Loading: Autofill
2025-05-20 04:11:52.683: [INFO][Sync] Loading: Extensions
2025-05-20 04:11:52.683: [INFO][Sync] Loading: Sessions
2025-05-20 04:11:52.683: [INFO][Sync] Loading: Extension settings
2025-05-20 04:11:52.683: [INFO][Sync] Loading: History Delete Directives
2025-05-20 04:11:52.683: [INFO][Sync] Loading: Device Info
2025-05-20 04:11:52.683: [INFO][Sync] Loading: User Consents
2025-05-20 04:11:52.683: [INFO][Sync] Loading: Send Tab To Self
2025-05-20 04:11:52.683: [INFO][Sync] Loading: Web Apps
2025-05-20 04:11:52.683: [INFO][Sync] Loading: History
2025-05-20 04:11:52.683: [INFO][Sync] Loading: Saved Tab Group
2025-05-20 04:11:52.683: [INFO][Sync] Loading: Collection
2025-05-20 04:11:52.684: [INFO][Sync] Loading: Edge E Drop
2025-05-20 04:11:52.684: [INFO][Sync] Loading: Edge Hub App Usage
2025-05-20 04:11:52.684: [INFO][Sync] Loading: Edge Tab Group
2025-05-20 04:11:52.684: [INFO][Sync] Loading: Edge Wallet
2025-05-20 04:11:52.689: [INFO][Sync] All data types are ready for configure.
2025-05-20 04:11:52.690: [INFO][SyncManagerImpl::ConfigureSyncer] Types to download:  with reason: 4
2025-05-20 04:11:52.690: [INFO][SyncEngineBackend::DoFinishConfigureDataTypes] Failed to download types:  and succeeded types: 
2025-05-20 04:11:52.690: [INFO][Sync] ConfigurationDone, failed: , succeeded: , remaining count: 4
2025-05-20 04:11:52.690: [INFO][SyncManagerImpl::ConfigureSyncer] Types to download:  with reason: 4
2025-05-20 04:11:52.690: [INFO][SyncEngineBackend::DoFinishConfigureDataTypes] Failed to download types:  and succeeded types: 
2025-05-20 04:11:52.690: [INFO][Sync] ConfigurationDone, failed: , succeeded: , remaining count: 3
2025-05-20 04:11:52.690: [INFO][SyncManagerImpl::ConfigureSyncer] Types to download:  with reason: 4
2025-05-20 04:11:52.690: [INFO][SyncEngineBackend::DoFinishConfigureDataTypes] Failed to download types:  and succeeded types: 
2025-05-20 04:11:52.690: [INFO][Sync] ConfigurationDone, failed: , succeeded: , remaining count: 2
2025-05-20 04:11:52.690: [INFO][SyncManagerImpl::ConfigureSyncer] Types to download:  with reason: 4
2025-05-20 04:11:52.690: [INFO][SyncEngineBackend::DoFinishConfigureDataTypes] Failed to download types:  and succeeded types: 
2025-05-20 04:11:52.690: [INFO][Sync] ConfigurationDone, failed: , succeeded: , remaining count: 1
2025-05-20 04:11:52.691: [INFO][SyncManagerImpl::ConfigureSyncer] Types to download:  with reason: 4
2025-05-20 04:11:52.691: [INFO][SyncEngineBackend::DoFinishConfigureDataTypes] Failed to download types:  and succeeded types: 
2025-05-20 04:11:52.691: [INFO][Sync] ConfigurationDone, failed: , succeeded: , remaining count: 0
2025-05-20 04:11:52.692: [INFO][Sync]     Configuration completed, state: 3
2025-05-20 04:11:52.693: [INFO][Sync] Configured DataTypeManager: Ok
2025-05-20 04:11:52.694: [INFO][SyncEngineBackend::DoStartSyncing] Start syncing
2025-05-20 04:22:09.289: [INFO][Sync] Reset engine, reason: 0
2025-05-20 04:22:09.289: [INFO][Sync] Reset engine with reason: 0
2025-05-20 04:22:46.671: [INFO][Sync] SyncState after authenticated was: FeatureCanStart
2025-05-20 04:22:47.041: [INFO][SyncAuthManager::SetLastAuthError] Current auth error: None
2025-05-20 04:22:47.041: [INFO][SyncAuthManager::EdgeLogTokenErrorState] Token error with: None for account type: AAD
2025-05-20 04:22:47.041: [INFO][Sync] Credentials changed for: EdgeSyncKeyDataScope
2025-05-20 04:22:47.041: [INFO][Sync] Try to start sync engine
2025-05-20 04:22:47.046: [INFO][SyncManagerImpl::NudgeForInitialDownload] Initial download nudge for Encryption Keys
2025-05-20 04:22:47.046: [INFO][SyncEngineBackend::LoadAndConnectNigoriController] Load and connect Nigori controller
2025-05-20 04:22:47.046: [INFO][SyncEngineBackend::DoInitialize] Control Types added: Encryption Keys
2025-05-20 04:22:47.046: [INFO][SyncManagerImpl::ConfigureSyncer] Types to download: Encryption Keys with reason: 3
2025-05-20 04:22:47.046: [INFO][SyncEngineBackend::DoUpdateKeyDataCredentials] Update key data credentials
2025-05-20 04:22:47.046: [INFO][SyncSchedulerImpl::DoConfigurationSyncCycleJob] Configure job was blocked
2025-05-20 04:22:47.109: [INFO][SyncAuthManager::SetLastAuthError] Current auth error: None
2025-05-20 04:22:47.109: [INFO][SyncAuthManager::EdgeLogTokenErrorState] Token error with: None for account type: AAD
2025-05-20 04:22:47.109: [INFO][Sync] Credentials changed for: EdgeSyncScopeNew
2025-05-20 04:22:47.109: [INFO][SyncEngineBackend::DoUpdateCredentials] Update credentials
2025-05-20 04:22:47.109: [INFO][SyncSchedulerImpl::DoConfigurationSyncCycleJob] Blocked types:  and types to download: Encryption Keys
2025-05-20 04:22:55.114: [INFO][SyncEngineBackend::DoUpdateKeyDataCredentials] Update key data credentials
2025-05-20 04:22:55.116: [INFO][Sync] Started DataTypeManager configuration, reason: 4
2025-05-20 04:22:55.116: [INFO][Sync] Configuring for: Bookmarks, Preferences, Passwords, Autofill Profiles, Autofill, Extensions, Sessions, Extension settings, History Delete Directives, Device Info, User Consents, Send Tab To Self, Web Apps, History, Saved Tab Group, Collection, Edge E Drop, Edge Hub App Usage, Edge Tab Group, Edge Wallet, Encryption Keys, reason: 4, current state: 0
2025-05-20 04:22:55.117: [INFO][SyncEngineBackend::DoStartConfiguration] Start configuration
2025-05-20 04:22:55.118: [INFO][Sync] Configure, desired: Bookmarks, Preferences, Passwords, Autofill Profiles, Autofill, Extensions, Sessions, Extension settings, History Delete Directives, Device Info, User Consents, Send Tab To Self, Web Apps, History, Saved Tab Group, Collection, Edge E Drop, Edge Hub App Usage, Edge Tab Group, Edge Wallet, Encryption Keys; Allow fail: 
2025-05-20 04:22:55.118: [INFO][Sync] Loading: Bookmarks
2025-05-20 04:22:55.118: [INFO][Sync] Loading: Preferences
2025-05-20 04:22:55.118: [INFO][Sync] Loading: Passwords
2025-05-20 04:22:55.118: [INFO][Sync] Loading: Autofill Profiles
2025-05-20 04:22:55.118: [INFO][Sync] Loading: Autofill
2025-05-20 04:22:55.118: [INFO][Sync] Loading: Extensions
2025-05-20 04:22:55.118: [INFO][Sync] Loading: Sessions
2025-05-20 04:22:55.118: [INFO][Sync] Loading: Extension settings
2025-05-20 04:22:55.118: [INFO][Sync] Loading: History Delete Directives
2025-05-20 04:22:55.118: [INFO][Sync] Loading: Device Info
2025-05-20 04:22:55.118: [INFO][Sync] Loading: User Consents
2025-05-20 04:22:55.118: [INFO][Sync] Loading: Send Tab To Self
2025-05-20 04:22:55.118: [INFO][Sync] Loading: Web Apps
2025-05-20 04:22:55.118: [INFO][Sync] Loading: History
2025-05-20 04:22:55.118: [INFO][Sync] Loading: Saved Tab Group
2025-05-20 04:22:55.118: [INFO][Sync] Loading: Collection
2025-05-20 04:22:55.118: [INFO][Sync] Loading: Edge E Drop
2025-05-20 04:22:55.118: [INFO][Sync] Loading: Edge Hub App Usage
2025-05-20 04:22:55.118: [INFO][Sync] Loading: Edge Tab Group
2025-05-20 04:22:55.118: [INFO][Sync] Loading: Edge Wallet
2025-05-20 04:22:55.123: [INFO][Sync] All data types are ready for configure.
2025-05-20 04:22:55.125: [INFO][SyncManagerImpl::ConfigureSyncer] Types to download:  with reason: 4
2025-05-20 04:22:55.125: [INFO][SyncEngineBackend::DoFinishConfigureDataTypes] Failed to download types:  and succeeded types: 
2025-05-20 04:22:55.125: [INFO][Sync] ConfigurationDone, failed: , succeeded: , remaining count: 4
2025-05-20 04:22:55.125: [INFO][SyncManagerImpl::ConfigureSyncer] Types to download:  with reason: 4
2025-05-20 04:22:55.125: [INFO][SyncEngineBackend::DoFinishConfigureDataTypes] Failed to download types:  and succeeded types: 
2025-05-20 04:22:55.125: [INFO][Sync] ConfigurationDone, failed: , succeeded: , remaining count: 3
2025-05-20 04:22:55.125: [INFO][SyncManagerImpl::ConfigureSyncer] Types to download:  with reason: 4
2025-05-20 04:22:55.125: [INFO][SyncEngineBackend::DoFinishConfigureDataTypes] Failed to download types:  and succeeded types: 
2025-05-20 04:22:55.125: [INFO][Sync] ConfigurationDone, failed: , succeeded: , remaining count: 2
2025-05-20 04:22:55.125: [INFO][SyncManagerImpl::ConfigureSyncer] Types to download:  with reason: 4
2025-05-20 04:22:55.125: [INFO][SyncEngineBackend::DoFinishConfigureDataTypes] Failed to download types:  and succeeded types: 
2025-05-20 04:22:55.125: [INFO][Sync] ConfigurationDone, failed: , succeeded: , remaining count: 1
2025-05-20 04:22:55.126: [INFO][SyncManagerImpl::ConfigureSyncer] Types to download:  with reason: 4
2025-05-20 04:22:55.126: [INFO][SyncEngineBackend::DoFinishConfigureDataTypes] Failed to download types:  and succeeded types: 
2025-05-20 04:22:55.126: [INFO][Sync] ConfigurationDone, failed: , succeeded: , remaining count: 0
2025-05-20 04:22:55.128: [INFO][Sync]     Configuration completed, state: 3
2025-05-20 04:22:55.128: [INFO][Sync] Configured DataTypeManager: Ok
2025-05-20 04:22:55.130: [INFO][SyncEngineBackend::DoStartSyncing] Start syncing
2025-05-20 04:38:24.601: [INFO][Sync] Reset engine, reason: 0
2025-05-20 04:38:24.601: [INFO][Sync] Reset engine with reason: 0
2025-05-20 04:38:50.503: [INFO][Sync] SyncState after authenticated was: FeatureCanStart
2025-05-20 04:38:50.887: [INFO][Sync] Try to start sync engine
2025-05-20 04:38:50.893: [INFO][SyncAuthManager::SetLastAuthError] Current auth error: None
2025-05-20 04:38:50.893: [INFO][SyncAuthManager::EdgeLogTokenErrorState] Token error with: None for account type: AAD
2025-05-20 04:38:50.893: [INFO][Sync] Credentials changed for: EdgeSyncKeyDataScope
2025-05-20 04:38:50.894: [INFO][SyncManagerImpl::NudgeForInitialDownload] Initial download nudge for Encryption Keys
2025-05-20 04:38:50.895: [INFO][SyncEngineBackend::LoadAndConnectNigoriController] Load and connect Nigori controller
2025-05-20 04:38:50.895: [INFO][SyncEngineBackend::DoInitialize] Control Types added: Encryption Keys
2025-05-20 04:38:50.895: [INFO][SyncManagerImpl::ConfigureSyncer] Types to download: Encryption Keys with reason: 3
2025-05-20 04:38:50.895: [INFO][SyncEngineBackend::DoUpdateKeyDataCredentials] Update key data credentials
2025-05-20 04:38:50.895: [INFO][SyncSchedulerImpl::DoConfigurationSyncCycleJob] Configure job was blocked
2025-05-20 04:38:50.940: [INFO][SyncAuthManager::SetLastAuthError] Current auth error: None
2025-05-20 04:38:50.940: [INFO][SyncAuthManager::EdgeLogTokenErrorState] Token error with: None for account type: AAD
2025-05-20 04:38:50.940: [INFO][Sync] Credentials changed for: EdgeSyncScopeNew
2025-05-20 04:38:50.940: [INFO][SyncEngineBackend::DoUpdateCredentials] Update credentials
2025-05-20 04:38:50.940: [INFO][SyncSchedulerImpl::DoConfigurationSyncCycleJob] Blocked types:  and types to download: Encryption Keys
2025-05-20 04:38:54.144: [INFO][SyncEngineBackend::DoUpdateKeyDataCredentials] Update key data credentials
2025-05-20 04:38:54.147: [INFO][Sync] Started DataTypeManager configuration, reason: 4
2025-05-20 04:38:54.147: [INFO][Sync] Configuring for: Bookmarks, Preferences, Passwords, Autofill Profiles, Autofill, Extensions, Sessions, Extension settings, History Delete Directives, Device Info, User Consents, Send Tab To Self, Web Apps, History, Saved Tab Group, Collection, Edge E Drop, Edge Hub App Usage, Edge Tab Group, Edge Wallet, Encryption Keys, reason: 4, current state: 0
2025-05-20 04:38:54.147: [INFO][SyncEngineBackend::DoStartConfiguration] Start configuration
2025-05-20 04:38:54.149: [INFO][Sync] Configure, desired: Bookmarks, Preferences, Passwords, Autofill Profiles, Autofill, Extensions, Sessions, Extension settings, History Delete Directives, Device Info, User Consents, Send Tab To Self, Web Apps, History, Saved Tab Group, Collection, Edge E Drop, Edge Hub App Usage, Edge Tab Group, Edge Wallet, Encryption Keys; Allow fail: 
2025-05-20 04:38:54.149: [INFO][Sync] Loading: Bookmarks
2025-05-20 04:38:54.149: [INFO][Sync] Loading: Preferences
2025-05-20 04:38:54.149: [INFO][Sync] Loading: Passwords
2025-05-20 04:38:54.149: [INFO][Sync] Loading: Autofill Profiles
2025-05-20 04:38:54.149: [INFO][Sync] Loading: Autofill
2025-05-20 04:38:54.149: [INFO][Sync] Loading: Extensions
2025-05-20 04:38:54.149: [INFO][Sync] Loading: Sessions
2025-05-20 04:38:54.149: [INFO][Sync] Loading: Extension settings
2025-05-20 04:38:54.149: [INFO][Sync] Loading: History Delete Directives
2025-05-20 04:38:54.149: [INFO][Sync] Loading: Device Info
2025-05-20 04:38:54.149: [INFO][Sync] Loading: User Consents
2025-05-20 04:38:54.149: [INFO][Sync] Loading: Send Tab To Self
2025-05-20 04:38:54.149: [INFO][Sync] Loading: Web Apps
2025-05-20 04:38:54.150: [INFO][Sync] Loading: History
2025-05-20 04:38:54.150: [INFO][Sync] Loading: Saved Tab Group
2025-05-20 04:38:54.150: [INFO][Sync] Loading: Collection
2025-05-20 04:38:54.150: [INFO][Sync] Loading: Edge E Drop
2025-05-20 04:38:54.150: [INFO][Sync] Loading: Edge Hub App Usage
2025-05-20 04:38:54.150: [INFO][Sync] Loading: Edge Tab Group
2025-05-20 04:38:54.150: [INFO][Sync] Loading: Edge Wallet
2025-05-20 04:38:54.156: [INFO][Sync] All data types are ready for configure.
2025-05-20 04:38:54.157: [INFO][SyncManagerImpl::ConfigureSyncer] Types to download:  with reason: 4
2025-05-20 04:38:54.157: [INFO][SyncEngineBackend::DoFinishConfigureDataTypes] Failed to download types:  and succeeded types: 
2025-05-20 04:38:54.157: [INFO][Sync] ConfigurationDone, failed: , succeeded: , remaining count: 4
2025-05-20 04:38:54.157: [INFO][SyncManagerImpl::ConfigureSyncer] Types to download:  with reason: 4
2025-05-20 04:38:54.157: [INFO][SyncEngineBackend::DoFinishConfigureDataTypes] Failed to download types:  and succeeded types: 
2025-05-20 04:38:54.157: [INFO][Sync] ConfigurationDone, failed: , succeeded: , remaining count: 3
2025-05-20 04:38:54.158: [INFO][SyncManagerImpl::ConfigureSyncer] Types to download:  with reason: 4
2025-05-20 04:38:54.158: [INFO][SyncEngineBackend::DoFinishConfigureDataTypes] Failed to download types:  and succeeded types: 
2025-05-20 04:38:54.158: [INFO][Sync] ConfigurationDone, failed: , succeeded: , remaining count: 2
2025-05-20 04:38:54.158: [INFO][SyncManagerImpl::ConfigureSyncer] Types to download:  with reason: 4
2025-05-20 04:38:54.158: [INFO][SyncEngineBackend::DoFinishConfigureDataTypes] Failed to download types:  and succeeded types: 
2025-05-20 04:38:54.158: [INFO][Sync] ConfigurationDone, failed: , succeeded: , remaining count: 1
2025-05-20 04:38:54.159: [INFO][SyncManagerImpl::ConfigureSyncer] Types to download:  with reason: 4
2025-05-20 04:38:54.159: [INFO][SyncEngineBackend::DoFinishConfigureDataTypes] Failed to download types:  and succeeded types: 
2025-05-20 04:38:54.159: [INFO][Sync] ConfigurationDone, failed: , succeeded: , remaining count: 0
2025-05-20 04:38:54.160: [INFO][Sync]     Configuration completed, state: 3
2025-05-20 04:38:54.160: [INFO][Sync] Configured DataTypeManager: Ok
2025-05-20 04:38:54.162: [INFO][SyncEngineBackend::DoStartSyncing] Start syncing
2025-05-20 04:54:38.098: [INFO][Sync] Reset engine, reason: 0
2025-05-20 04:54:38.098: [INFO][Sync] Reset engine with reason: 0
2025-05-20 04:55:02.296: [INFO][Sync] SyncState after authenticated was: FeatureCanStart
2025-05-20 04:55:02.659: [INFO][Sync] Try to start sync engine
2025-05-20 04:55:02.666: [INFO][SyncManagerImpl::NudgeForInitialDownload] Initial download nudge for Encryption Keys
2025-05-20 04:55:02.666: [INFO][SyncEngineBackend::LoadAndConnectNigoriController] Load and connect Nigori controller
2025-05-20 04:55:02.666: [INFO][SyncEngineBackend::DoInitialize] Control Types added: Encryption Keys
2025-05-20 04:55:02.666: [INFO][SyncManagerImpl::ConfigureSyncer] Types to download: Encryption Keys with reason: 3
2025-05-20 04:55:02.666: [INFO][SyncSchedulerImpl::DoConfigurationSyncCycleJob] Configure job was blocked
2025-05-20 04:55:02.734: [INFO][SyncAuthManager::SetLastAuthError] Current auth error: None
2025-05-20 04:55:02.734: [INFO][SyncAuthManager::EdgeLogTokenErrorState] Token error with: None for account type: AAD
2025-05-20 04:55:02.734: [INFO][Sync] Credentials changed for: EdgeSyncScopeNew
2025-05-20 04:55:04.540: [INFO][SyncAuthManager::SetLastAuthError] Current auth error: None
2025-05-20 04:55:04.540: [INFO][SyncAuthManager::EdgeLogTokenErrorState] Token error with: None for account type: AAD
2025-05-20 04:55:04.540: [INFO][Sync] Credentials changed for: EdgeSyncKeyDataScope
2025-05-20 04:55:04.540: [INFO][SyncEngineBackend::DoUpdateKeyDataCredentials] Update key data credentials
2025-05-20 04:55:04.540: [INFO][SyncEngineBackend::DoUpdateCredentials] Update credentials
2025-05-20 04:55:04.540: [INFO][SyncSchedulerImpl::DoConfigurationSyncCycleJob] Blocked types:  and types to download: Encryption Keys
2025-05-20 04:55:05.989: [INFO][Sync] Started DataTypeManager configuration, reason: 4
2025-05-20 04:55:05.989: [INFO][Sync] Configuring for: Bookmarks, Preferences, Passwords, Autofill Profiles, Autofill, Extensions, Sessions, Extension settings, History Delete Directives, Device Info, User Consents, Send Tab To Self, Web Apps, History, Saved Tab Group, Collection, Edge E Drop, Edge Hub App Usage, Edge Tab Group, Edge Wallet, Encryption Keys, reason: 4, current state: 0
2025-05-20 04:55:05.989: [INFO][SyncEngineBackend::DoStartConfiguration] Start configuration
2025-05-20 04:55:05.991: [INFO][Sync] Configure, desired: Bookmarks, Preferences, Passwords, Autofill Profiles, Autofill, Extensions, Sessions, Extension settings, History Delete Directives, Device Info, User Consents, Send Tab To Self, Web Apps, History, Saved Tab Group, Collection, Edge E Drop, Edge Hub App Usage, Edge Tab Group, Edge Wallet, Encryption Keys; Allow fail: 
2025-05-20 04:55:05.991: [INFO][Sync] Loading: Bookmarks
2025-05-20 04:55:05.991: [INFO][Sync] Loading: Preferences
2025-05-20 04:55:05.991: [INFO][Sync] Loading: Passwords
2025-05-20 04:55:05.991: [INFO][Sync] Loading: Autofill Profiles
2025-05-20 04:55:05.991: [INFO][Sync] Loading: Autofill
2025-05-20 04:55:05.991: [INFO][Sync] Loading: Extensions
2025-05-20 04:55:05.991: [INFO][Sync] Loading: Sessions
2025-05-20 04:55:05.991: [INFO][Sync] Loading: Extension settings
2025-05-20 04:55:05.991: [INFO][Sync] Loading: History Delete Directives
2025-05-20 04:55:05.991: [INFO][Sync] Loading: Device Info
2025-05-20 04:55:05.991: [INFO][Sync] Loading: User Consents
2025-05-20 04:55:05.991: [INFO][Sync] Loading: Send Tab To Self
2025-05-20 04:55:05.991: [INFO][Sync] Loading: Web Apps
2025-05-20 04:55:05.991: [INFO][Sync] Loading: History
2025-05-20 04:55:05.991: [INFO][Sync] Loading: Saved Tab Group
2025-05-20 04:55:05.991: [INFO][Sync] Loading: Collection
2025-05-20 04:55:05.991: [INFO][Sync] Loading: Edge E Drop
2025-05-20 04:55:05.991: [INFO][Sync] Loading: Edge Hub App Usage
2025-05-20 04:55:05.991: [INFO][Sync] Loading: Edge Tab Group
2025-05-20 04:55:05.991: [INFO][Sync] Loading: Edge Wallet
2025-05-20 04:55:05.996: [INFO][Sync] All data types are ready for configure.
2025-05-20 04:55:05.996: [INFO][SyncManagerImpl::ConfigureSyncer] Types to download:  with reason: 4
2025-05-20 04:55:05.996: [INFO][SyncEngineBackend::DoFinishConfigureDataTypes] Failed to download types:  and succeeded types: 
2025-05-20 04:55:05.996: [INFO][Sync] ConfigurationDone, failed: , succeeded: , remaining count: 4
2025-05-20 04:55:05.997: [INFO][SyncManagerImpl::ConfigureSyncer] Types to download:  with reason: 4
2025-05-20 04:55:05.997: [INFO][SyncEngineBackend::DoFinishConfigureDataTypes] Failed to download types:  and succeeded types: 
2025-05-20 04:55:05.997: [INFO][Sync] ConfigurationDone, failed: , succeeded: , remaining count: 3
2025-05-20 04:55:05.997: [INFO][SyncManagerImpl::ConfigureSyncer] Types to download:  with reason: 4
2025-05-20 04:55:05.997: [INFO][SyncEngineBackend::DoFinishConfigureDataTypes] Failed to download types:  and succeeded types: 
2025-05-20 04:55:05.997: [INFO][Sync] ConfigurationDone, failed: , succeeded: , remaining count: 2
2025-05-20 04:55:05.997: [INFO][SyncManagerImpl::ConfigureSyncer] Types to download:  with reason: 4
2025-05-20 04:55:05.997: [INFO][SyncEngineBackend::DoFinishConfigureDataTypes] Failed to download types:  and succeeded types: 
2025-05-20 04:55:05.997: [INFO][Sync] ConfigurationDone, failed: , succeeded: , remaining count: 1
2025-05-20 04:55:05.999: [INFO][SyncManagerImpl::ConfigureSyncer] Types to download:  with reason: 4
2025-05-20 04:55:05.999: [INFO][SyncEngineBackend::DoFinishConfigureDataTypes] Failed to download types:  and succeeded types: 
2025-05-20 04:55:05.999: [INFO][Sync] ConfigurationDone, failed: , succeeded: , remaining count: 0
2025-05-20 04:55:06.000: [INFO][Sync]     Configuration completed, state: 3
2025-05-20 04:55:06.000: [INFO][Sync] Configured DataTypeManager: Ok
2025-05-20 04:55:06.001: [INFO][SyncEngineBackend::DoStartSyncing] Start syncing
2025-05-20 07:05:01.094: [INFO][Sync] SyncState after authenticated was: FeatureCanStart
2025-05-20 07:05:01.491: [INFO][Sync] Try to start sync engine
2025-05-20 07:05:01.496: [INFO][SyncManagerImpl::NudgeForInitialDownload] Initial download nudge for Encryption Keys
2025-05-20 07:05:01.496: [INFO][SyncEngineBackend::LoadAndConnectNigoriController] Load and connect Nigori controller
2025-05-20 07:05:01.496: [INFO][SyncEngineBackend::DoInitialize] Control Types added: Encryption Keys
2025-05-20 07:05:01.496: [INFO][SyncManagerImpl::ConfigureSyncer] Types to download: Encryption Keys with reason: 3
2025-05-20 07:05:01.496: [INFO][SyncSchedulerImpl::DoConfigurationSyncCycleJob] Configure job was blocked
2025-05-20 07:05:02.758: [INFO][SyncAuthManager::SetLastAuthError] Current auth error: None
2025-05-20 07:05:02.758: [INFO][SyncAuthManager::EdgeLogTokenErrorState] Token error with: None for account type: AAD
2025-05-20 07:05:02.758: [INFO][Sync] Credentials changed for: EdgeSyncKeyDataScope
2025-05-20 07:05:02.758: [INFO][SyncEngineBackend::DoUpdateKeyDataCredentials] Update key data credentials
2025-05-20 07:05:02.900: [INFO][SyncAuthManager::SetLastAuthError] Current auth error: None
2025-05-20 07:05:02.900: [INFO][SyncAuthManager::EdgeLogTokenErrorState] Token error with: None for account type: AAD
2025-05-20 07:05:02.900: [INFO][Sync] Credentials changed for: EdgeSyncScopeNew
2025-05-20 07:05:02.900: [INFO][SyncEngineBackend::DoUpdateCredentials] Update credentials
2025-05-20 07:05:02.900: [INFO][SyncSchedulerImpl::DoConfigurationSyncCycleJob] Blocked types:  and types to download: Encryption Keys
2025-05-20 07:05:17.624: [INFO][SyncEngineBackend::DoUpdateKeyDataCredentials] Update key data credentials
2025-05-20 07:05:17.626: [INFO][Sync] Started DataTypeManager configuration, reason: 4
2025-05-20 07:05:17.626: [INFO][Sync] Configuring for: Bookmarks, Preferences, Passwords, Autofill Profiles, Autofill, Extensions, Sessions, Extension settings, History Delete Directives, Device Info, User Consents, Send Tab To Self, Web Apps, History, Saved Tab Group, Collection, Edge E Drop, Edge Hub App Usage, Edge Tab Group, Edge Wallet, Encryption Keys, reason: 4, current state: 0
2025-05-20 07:05:17.626: [INFO][SyncEngineBackend::DoStartConfiguration] Start configuration
2025-05-20 07:05:17.627: [INFO][Sync] Configure, desired: Bookmarks, Preferences, Passwords, Autofill Profiles, Autofill, Extensions, Sessions, Extension settings, History Delete Directives, Device Info, User Consents, Send Tab To Self, Web Apps, History, Saved Tab Group, Collection, Edge E Drop, Edge Hub App Usage, Edge Tab Group, Edge Wallet, Encryption Keys; Allow fail: 
2025-05-20 07:05:17.627: [INFO][Sync] Loading: Bookmarks
2025-05-20 07:05:17.627: [INFO][Sync] Loading: Preferences
2025-05-20 07:05:17.627: [INFO][Sync] Loading: Passwords
2025-05-20 07:05:17.627: [INFO][Sync] Loading: Autofill Profiles
2025-05-20 07:05:17.627: [INFO][Sync] Loading: Autofill
2025-05-20 07:05:17.627: [INFO][Sync] Loading: Extensions
2025-05-20 07:05:17.627: [INFO][Sync] Loading: Sessions
2025-05-20 07:05:17.627: [INFO][Sync] Loading: Extension settings
2025-05-20 07:05:17.627: [INFO][Sync] Loading: History Delete Directives
2025-05-20 07:05:17.627: [INFO][Sync] Loading: Device Info
2025-05-20 07:05:17.627: [INFO][Sync] Loading: User Consents
2025-05-20 07:05:17.627: [INFO][Sync] Loading: Send Tab To Self
2025-05-20 07:05:17.627: [INFO][Sync] Loading: Web Apps
2025-05-20 07:05:17.627: [INFO][Sync] Loading: History
2025-05-20 07:05:17.627: [INFO][Sync] Loading: Saved Tab Group
2025-05-20 07:05:17.627: [INFO][Sync] Loading: Collection
2025-05-20 07:05:17.627: [INFO][Sync] Loading: Edge E Drop
2025-05-20 07:05:17.627: [INFO][Sync] Loading: Edge Hub App Usage
2025-05-20 07:05:17.627: [INFO][Sync] Loading: Edge Tab Group
2025-05-20 07:05:17.627: [INFO][Sync] Loading: Edge Wallet
2025-05-20 07:05:17.628: [INFO][Sync] All data types are ready for configure.
2025-05-20 07:05:17.629: [INFO][SyncManagerImpl::ConfigureSyncer] Types to download:  with reason: 4
2025-05-20 07:05:17.629: [INFO][SyncEngineBackend::DoFinishConfigureDataTypes] Failed to download types:  and succeeded types: 
2025-05-20 07:05:17.629: [INFO][Sync] ConfigurationDone, failed: , succeeded: , remaining count: 4
2025-05-20 07:05:17.629: [INFO][SyncManagerImpl::ConfigureSyncer] Types to download:  with reason: 4
2025-05-20 07:05:17.629: [INFO][SyncEngineBackend::DoFinishConfigureDataTypes] Failed to download types:  and succeeded types: 
2025-05-20 07:05:17.629: [INFO][Sync] ConfigurationDone, failed: , succeeded: , remaining count: 3
2025-05-20 07:05:17.629: [INFO][SyncManagerImpl::ConfigureSyncer] Types to download:  with reason: 4
2025-05-20 07:05:17.629: [INFO][SyncEngineBackend::DoFinishConfigureDataTypes] Failed to download types:  and succeeded types: 
2025-05-20 07:05:17.629: [INFO][Sync] ConfigurationDone, failed: , succeeded: , remaining count: 2
2025-05-20 07:05:17.629: [INFO][SyncManagerImpl::ConfigureSyncer] Types to download:  with reason: 4
2025-05-20 07:05:17.629: [INFO][SyncEngineBackend::DoFinishConfigureDataTypes] Failed to download types:  and succeeded types: 
2025-05-20 07:05:17.629: [INFO][Sync] ConfigurationDone, failed: , succeeded: , remaining count: 1
2025-05-20 07:05:17.631: [INFO][SyncManagerImpl::ConfigureSyncer] Types to download:  with reason: 4
2025-05-20 07:05:17.632: [INFO][SyncEngineBackend::DoFinishConfigureDataTypes] Failed to download types:  and succeeded types: 
2025-05-20 07:05:17.633: [INFO][Sync] ConfigurationDone, failed: , succeeded: , remaining count: 0
2025-05-20 07:05:17.634: [INFO][Sync]     Configuration completed, state: 3
2025-05-20 07:05:17.634: [INFO][Sync] Configured DataTypeManager: Ok
2025-05-20 07:05:17.635: [INFO][SyncEngineBackend::DoStartSyncing] Start syncing
2025-05-20 07:21:11.110: [INFO][Sync] Reset engine, reason: 0
2025-05-20 07:21:11.110: [INFO][Sync] Reset engine with reason: 0
2025-05-20 07:21:37.407: [INFO][Sync] SyncState after authenticated was: FeatureCanStart
2025-05-20 07:21:37.716: [INFO][SyncAuthManager::SetLastAuthError] Current auth error: None
2025-05-20 07:21:37.716: [INFO][SyncAuthManager::EdgeLogTokenErrorState] Token error with: None for account type: AAD
2025-05-20 07:21:37.716: [INFO][Sync] Credentials changed for: EdgeSyncKeyDataScope
2025-05-20 07:21:37.716: [INFO][Sync] Try to start sync engine
2025-05-20 07:21:37.730: [INFO][SyncManagerImpl::NudgeForInitialDownload] Initial download nudge for Encryption Keys
2025-05-20 07:21:37.730: [INFO][SyncEngineBackend::LoadAndConnectNigoriController] Load and connect Nigori controller
2025-05-20 07:21:37.730: [INFO][SyncEngineBackend::DoInitialize] Control Types added: Encryption Keys
2025-05-20 07:21:37.730: [INFO][SyncManagerImpl::ConfigureSyncer] Types to download: Encryption Keys with reason: 3
2025-05-20 07:21:37.730: [INFO][SyncEngineBackend::DoUpdateKeyDataCredentials] Update key data credentials
2025-05-20 07:21:37.730: [INFO][SyncSchedulerImpl::DoConfigurationSyncCycleJob] Configure job was blocked
2025-05-20 07:21:37.744: [INFO][SyncAuthManager::SetLastAuthError] Current auth error: None
2025-05-20 07:21:37.744: [INFO][SyncAuthManager::EdgeLogTokenErrorState] Token error with: None for account type: AAD
2025-05-20 07:21:37.744: [INFO][Sync] Credentials changed for: EdgeSyncScopeNew
2025-05-20 07:21:37.744: [INFO][SyncEngineBackend::DoUpdateCredentials] Update credentials
2025-05-20 07:21:37.744: [INFO][SyncSchedulerImpl::DoConfigurationSyncCycleJob] Blocked types:  and types to download: Encryption Keys
2025-05-20 07:21:39.242: [INFO][SyncEngineBackend::DoUpdateKeyDataCredentials] Update key data credentials
2025-05-20 07:21:39.244: [INFO][Sync] Started DataTypeManager configuration, reason: 4
2025-05-20 07:21:39.244: [INFO][Sync] Configuring for: Bookmarks, Preferences, Passwords, Autofill Profiles, Autofill, Extensions, Sessions, Extension settings, History Delete Directives, Device Info, User Consents, Send Tab To Self, Web Apps, History, Saved Tab Group, Collection, Edge E Drop, Edge Hub App Usage, Edge Tab Group, Edge Wallet, Encryption Keys, reason: 4, current state: 0
2025-05-20 07:21:39.244: [INFO][SyncEngineBackend::DoStartConfiguration] Start configuration
2025-05-20 07:21:39.245: [INFO][Sync] Configure, desired: Bookmarks, Preferences, Passwords, Autofill Profiles, Autofill, Extensions, Sessions, Extension settings, History Delete Directives, Device Info, User Consents, Send Tab To Self, Web Apps, History, Saved Tab Group, Collection, Edge E Drop, Edge Hub App Usage, Edge Tab Group, Edge Wallet, Encryption Keys; Allow fail: 
2025-05-20 07:21:39.245: [INFO][Sync] Loading: Bookmarks
2025-05-20 07:21:39.245: [INFO][Sync] Loading: Preferences
2025-05-20 07:21:39.245: [INFO][Sync] Loading: Passwords
2025-05-20 07:21:39.245: [INFO][Sync] Loading: Autofill Profiles
2025-05-20 07:21:39.245: [INFO][Sync] Loading: Autofill
2025-05-20 07:21:39.245: [INFO][Sync] Loading: Extensions
2025-05-20 07:21:39.245: [INFO][Sync] Loading: Sessions
2025-05-20 07:21:39.245: [INFO][Sync] Loading: Extension settings
2025-05-20 07:21:39.245: [INFO][Sync] Loading: History Delete Directives
2025-05-20 07:21:39.245: [INFO][Sync] Loading: Device Info
2025-05-20 07:21:39.245: [INFO][Sync] Loading: User Consents
2025-05-20 07:21:39.245: [INFO][Sync] Loading: Send Tab To Self
2025-05-20 07:21:39.245: [INFO][Sync] Loading: Web Apps
2025-05-20 07:21:39.245: [INFO][Sync] Loading: History
2025-05-20 07:21:39.245: [INFO][Sync] Loading: Saved Tab Group
2025-05-20 07:21:39.245: [INFO][Sync] Loading: Collection
2025-05-20 07:21:39.245: [INFO][Sync] Loading: Edge E Drop
2025-05-20 07:21:39.245: [INFO][Sync] Loading: Edge Hub App Usage
2025-05-20 07:21:39.245: [INFO][Sync] Loading: Edge Tab Group
2025-05-20 07:21:39.245: [INFO][Sync] Loading: Edge Wallet
2025-05-20 07:21:39.247: [INFO][Sync] All data types are ready for configure.
2025-05-20 07:21:39.247: [INFO][SyncManagerImpl::ConfigureSyncer] Types to download:  with reason: 4
2025-05-20 07:21:39.248: [INFO][SyncEngineBackend::DoFinishConfigureDataTypes] Failed to download types:  and succeeded types: 
2025-05-20 07:21:39.248: [INFO][Sync] ConfigurationDone, failed: , succeeded: , remaining count: 4
2025-05-20 07:21:39.248: [INFO][SyncManagerImpl::ConfigureSyncer] Types to download:  with reason: 4
2025-05-20 07:21:39.248: [INFO][SyncEngineBackend::DoFinishConfigureDataTypes] Failed to download types:  and succeeded types: 
2025-05-20 07:21:39.248: [INFO][Sync] ConfigurationDone, failed: , succeeded: , remaining count: 3
2025-05-20 07:21:39.248: [INFO][SyncManagerImpl::ConfigureSyncer] Types to download:  with reason: 4
2025-05-20 07:21:39.248: [INFO][SyncEngineBackend::DoFinishConfigureDataTypes] Failed to download types:  and succeeded types: 
2025-05-20 07:21:39.248: [INFO][Sync] ConfigurationDone, failed: , succeeded: , remaining count: 2
2025-05-20 07:21:39.248: [INFO][SyncManagerImpl::ConfigureSyncer] Types to download:  with reason: 4
2025-05-20 07:21:39.248: [INFO][SyncEngineBackend::DoFinishConfigureDataTypes] Failed to download types:  and succeeded types: 
2025-05-20 07:21:39.248: [INFO][Sync] ConfigurationDone, failed: , succeeded: , remaining count: 1
2025-05-20 07:21:39.250: [INFO][SyncManagerImpl::ConfigureSyncer] Types to download:  with reason: 4
2025-05-20 07:21:39.250: [INFO][SyncEngineBackend::DoFinishConfigureDataTypes] Failed to download types:  and succeeded types: 
2025-05-20 07:21:39.250: [INFO][Sync] ConfigurationDone, failed: , succeeded: , remaining count: 0
2025-05-20 07:21:39.251: [INFO][Sync]     Configuration completed, state: 3
2025-05-20 07:21:39.251: [INFO][Sync] Configured DataTypeManager: Ok
2025-05-20 07:21:39.252: [INFO][SyncEngineBackend::DoStartSyncing] Start syncing
2025-05-20 08:25:08.724: [INFO][SyncSchedulerImpl::OnSyncNetworkError] Syncer error: HTTP error (401)
2025-05-20 08:25:08.724: [INFO][Sync] Connection status changed to: 2
2025-05-20 08:25:08.724: [INFO][Commit::ReportFullCommitFailure] Commit Sessions failed with error: AuthError
2025-05-20 08:25:08.725: [INFO][SyncSchedulerImpl::DoNudgeSyncCycleJob] Syncer error: HTTP error (401)
2025-05-20 08:25:08.727: [WARN][Sync] NetworkError: HTTP error (401)
2025-05-20 08:25:08.759: [INFO][SyncAuthManager::SetLastAuthError] Current auth error: None
2025-05-20 08:25:08.759: [INFO][SyncAuthManager::EdgeLogTokenErrorState] Token error with: None for account type: AAD
2025-05-20 08:25:08.759: [INFO][Sync] Credentials changed for: EdgeSyncScopeNew
2025-05-20 08:25:10.047: [INFO][SyncAuthManager::SetLastAuthError] Current auth error: None
2025-05-20 08:25:10.047: [INFO][SyncAuthManager::EdgeLogTokenErrorState] Token error with: None for account type: AAD
2025-05-20 08:25:10.047: [INFO][Sync] Credentials changed for: EdgeSyncKeyDataScope
2025-05-20 08:25:10.047: [INFO][SyncEngineBackend::DoUpdateKeyDataCredentials] Update key data credentials
2025-05-20 08:25:10.047: [INFO][SyncEngineBackend::DoUpdateCredentials] Update credentials
2025-05-20 08:47:58.594: [INFO][Sync] Reset engine, reason: 0
2025-05-20 08:47:58.594: [INFO][Sync] Reset engine with reason: 0
2025-05-20 16:14:56.023: [INFO][Sync] SyncState after authenticated was: FeatureCanStart
2025-05-20 16:14:56.400: [INFO][Sync] Try to start sync engine
2025-05-20 16:14:56.401: [INFO][SyncManagerImpl::NudgeForInitialDownload] Initial download nudge for Encryption Keys
2025-05-20 16:14:56.401: [INFO][SyncEngineBackend::LoadAndConnectNigoriController] Load and connect Nigori controller
2025-05-20 16:14:56.401: [INFO][SyncEngineBackend::DoInitialize] Control Types added: Encryption Keys
2025-05-20 16:14:56.401: [INFO][SyncManagerImpl::ConfigureSyncer] Types to download: Encryption Keys with reason: 3
2025-05-20 16:14:56.401: [INFO][SyncSchedulerImpl::DoConfigurationSyncCycleJob] Configure job was blocked
2025-05-20 16:14:59.490: [INFO][SyncAuthManager::SetLastAuthError] Current auth error: None
2025-05-20 16:14:59.490: [INFO][SyncAuthManager::EdgeLogTokenErrorState] Token error with: None for account type: AAD
2025-05-20 16:14:59.490: [INFO][Sync] Credentials changed for: EdgeSyncScopeNew
2025-05-20 16:14:59.980: [INFO][SyncAuthManager::SetLastAuthError] Current auth error: None
2025-05-20 16:14:59.980: [INFO][SyncAuthManager::EdgeLogTokenErrorState] Token error with: None for account type: AAD
2025-05-20 16:14:59.980: [INFO][Sync] Credentials changed for: EdgeSyncKeyDataScope
2025-05-20 16:14:59.981: [INFO][SyncEngineBackend::DoUpdateKeyDataCredentials] Update key data credentials
2025-05-20 16:14:59.981: [INFO][SyncEngineBackend::DoUpdateCredentials] Update credentials
2025-05-20 16:14:59.981: [INFO][SyncSchedulerImpl::DoConfigurationSyncCycleJob] Blocked types:  and types to download: Encryption Keys
2025-05-20 16:15:01.778: [INFO][Sync] Started DataTypeManager configuration, reason: 4
2025-05-20 16:15:01.778: [INFO][Sync] Configuring for: Bookmarks, Preferences, Passwords, Autofill Profiles, Autofill, Extensions, Sessions, Extension settings, History Delete Directives, Device Info, User Consents, Send Tab To Self, Web Apps, History, Saved Tab Group, Collection, Edge E Drop, Edge Hub App Usage, Edge Tab Group, Edge Wallet, Encryption Keys, reason: 4, current state: 0
2025-05-20 16:15:01.780: [INFO][Sync] Configure, desired: Bookmarks, Preferences, Passwords, Autofill Profiles, Autofill, Extensions, Sessions, Extension settings, History Delete Directives, Device Info, User Consents, Send Tab To Self, Web Apps, History, Saved Tab Group, Collection, Edge E Drop, Edge Hub App Usage, Edge Tab Group, Edge Wallet, Encryption Keys; Allow fail: 
2025-05-20 16:15:01.780: [INFO][Sync] Loading: Bookmarks
2025-05-20 16:15:01.780: [INFO][Sync] Loading: Preferences
2025-05-20 16:15:01.780: [INFO][Sync] Loading: Passwords
2025-05-20 16:15:01.780: [INFO][Sync] Loading: Autofill Profiles
2025-05-20 16:15:01.780: [INFO][Sync] Loading: Autofill
2025-05-20 16:15:01.780: [INFO][Sync] Loading: Extensions
2025-05-20 16:15:01.780: [INFO][Sync] Loading: Sessions
2025-05-20 16:15:01.780: [INFO][Sync] Loading: Extension settings
2025-05-20 16:15:01.780: [INFO][Sync] Loading: History Delete Directives
2025-05-20 16:15:01.780: [INFO][Sync] Loading: Device Info
2025-05-20 16:15:01.780: [INFO][Sync] Loading: User Consents
2025-05-20 16:15:01.780: [INFO][Sync] Loading: Send Tab To Self
2025-05-20 16:15:01.780: [INFO][Sync] Loading: Web Apps
2025-05-20 16:15:01.780: [INFO][Sync] Loading: History
2025-05-20 16:15:01.780: [INFO][Sync] Loading: Saved Tab Group
2025-05-20 16:15:01.780: [INFO][Sync] Loading: Collection
2025-05-20 16:15:01.780: [INFO][Sync] Loading: Edge E Drop
2025-05-20 16:15:01.780: [INFO][Sync] Loading: Edge Hub App Usage
2025-05-20 16:15:01.780: [INFO][Sync] Loading: Edge Tab Group
2025-05-20 16:15:01.780: [INFO][Sync] Loading: Edge Wallet
2025-05-20 16:15:01.785: [INFO][SyncEngineBackend::DoStartConfiguration] Start configuration
2025-05-20 16:15:01.785: [INFO][Sync] All data types are ready for configure.
2025-05-20 16:15:01.786: [INFO][SyncManagerImpl::ConfigureSyncer] Types to download:  with reason: 4
2025-05-20 16:15:01.786: [INFO][SyncEngineBackend::DoFinishConfigureDataTypes] Failed to download types:  and succeeded types: 
2025-05-20 16:15:01.786: [INFO][Sync] ConfigurationDone, failed: , succeeded: , remaining count: 4
2025-05-20 16:15:01.787: [INFO][SyncManagerImpl::ConfigureSyncer] Types to download:  with reason: 4
2025-05-20 16:15:01.787: [INFO][SyncEngineBackend::DoFinishConfigureDataTypes] Failed to download types:  and succeeded types: 
2025-05-20 16:15:01.787: [INFO][Sync] ConfigurationDone, failed: , succeeded: , remaining count: 3
2025-05-20 16:15:01.787: [INFO][SyncManagerImpl::ConfigureSyncer] Types to download:  with reason: 4
2025-05-20 16:15:01.787: [INFO][SyncEngineBackend::DoFinishConfigureDataTypes] Failed to download types:  and succeeded types: 
2025-05-20 16:15:01.787: [INFO][Sync] ConfigurationDone, failed: , succeeded: , remaining count: 2
2025-05-20 16:15:01.787: [INFO][SyncManagerImpl::ConfigureSyncer] Types to download:  with reason: 4
2025-05-20 16:15:01.787: [INFO][SyncEngineBackend::DoFinishConfigureDataTypes] Failed to download types:  and succeeded types: 
2025-05-20 16:15:01.787: [INFO][Sync] ConfigurationDone, failed: , succeeded: , remaining count: 1
2025-05-20 16:15:01.788: [INFO][SyncManagerImpl::ConfigureSyncer] Types to download:  with reason: 4
2025-05-20 16:15:01.788: [INFO][SyncEngineBackend::DoFinishConfigureDataTypes] Failed to download types:  and succeeded types: 
2025-05-20 16:15:01.788: [INFO][Sync] ConfigurationDone, failed: , succeeded: , remaining count: 0
2025-05-20 16:15:01.789: [INFO][Sync]     Configuration completed, state: 3
2025-05-20 16:15:01.789: [INFO][Sync] Configured DataTypeManager: Ok
2025-05-20 16:15:01.791: [INFO][SyncEngineBackend::DoStartSyncing] Start syncing
2025-05-20 16:16:05.291: [INFO][Sync] Reset engine, reason: 0
2025-05-20 16:16:05.291: [INFO][Sync] Reset engine with reason: 0
2025-05-21 02:34:31.211: [INFO][Sync] SyncState after authenticated was: FeatureCanStart
2025-05-21 02:34:33.587: [INFO][Sync] Try to start sync engine
2025-05-21 02:34:33.592: [INFO][SyncManagerImpl::NudgeForInitialDownload] Initial download nudge for Encryption Keys
2025-05-21 02:34:33.592: [INFO][SyncEngineBackend::LoadAndConnectNigoriController] Load and connect Nigori controller
2025-05-21 02:34:33.592: [INFO][SyncEngineBackend::DoInitialize] Control Types added: Encryption Keys
2025-05-21 02:34:33.592: [INFO][SyncManagerImpl::ConfigureSyncer] Types to download: Encryption Keys with reason: 3
2025-05-21 02:34:33.592: [INFO][SyncSchedulerImpl::DoConfigurationSyncCycleJob] Configure job was blocked
2025-05-21 02:34:34.602: [INFO][SyncAuthManager::SetLastAuthError] Current auth error: None
2025-05-21 02:34:34.602: [INFO][SyncAuthManager::EdgeLogTokenErrorState] Token error with: None for account type: AAD
2025-05-21 02:34:34.602: [INFO][Sync] Credentials changed for: EdgeSyncKeyDataScope
2025-05-21 02:34:34.602: [INFO][SyncEngineBackend::DoUpdateKeyDataCredentials] Update key data credentials
2025-05-21 02:34:34.812: [INFO][SyncAuthManager::SetLastAuthError] Current auth error: None
2025-05-21 02:34:34.812: [INFO][SyncAuthManager::EdgeLogTokenErrorState] Token error with: None for account type: AAD
2025-05-21 02:34:34.812: [INFO][Sync] Credentials changed for: EdgeSyncScopeNew
2025-05-21 02:34:34.812: [INFO][SyncEngineBackend::DoUpdateCredentials] Update credentials
2025-05-21 02:34:34.812: [INFO][SyncSchedulerImpl::DoConfigurationSyncCycleJob] Blocked types:  and types to download: Encryption Keys
2025-05-21 02:34:38.973: [INFO][SyncEngineBackend::DoUpdateKeyDataCredentials] Update key data credentials
2025-05-21 02:34:38.976: [INFO][Sync] Started DataTypeManager configuration, reason: 4
2025-05-21 02:34:38.976: [INFO][Sync] Configuring for: Bookmarks, Preferences, Passwords, Autofill Profiles, Autofill, Extensions, Sessions, Extension settings, History Delete Directives, Device Info, User Consents, Send Tab To Self, Web Apps, History, Saved Tab Group, Collection, Edge E Drop, Edge Hub App Usage, Edge Tab Group, Edge Wallet, Encryption Keys, reason: 4, current state: 0
2025-05-21 02:34:38.976: [INFO][SyncEngineBackend::DoStartConfiguration] Start configuration
2025-05-21 02:34:38.977: [INFO][Sync] Configure, desired: Bookmarks, Preferences, Passwords, Autofill Profiles, Autofill, Extensions, Sessions, Extension settings, History Delete Directives, Device Info, User Consents, Send Tab To Self, Web Apps, History, Saved Tab Group, Collection, Edge E Drop, Edge Hub App Usage, Edge Tab Group, Edge Wallet, Encryption Keys; Allow fail: 
2025-05-21 02:34:38.977: [INFO][Sync] Loading: Bookmarks
2025-05-21 02:34:38.977: [INFO][Sync] Loading: Preferences
2025-05-21 02:34:38.977: [INFO][Sync] Loading: Passwords
2025-05-21 02:34:38.977: [INFO][Sync] Loading: Autofill Profiles
2025-05-21 02:34:38.977: [INFO][Sync] Loading: Autofill
2025-05-21 02:34:38.977: [INFO][Sync] Loading: Extensions
2025-05-21 02:34:38.977: [INFO][Sync] Loading: Sessions
2025-05-21 02:34:38.977: [INFO][Sync] Loading: Extension settings
2025-05-21 02:34:38.977: [INFO][Sync] Loading: History Delete Directives
2025-05-21 02:34:38.977: [INFO][Sync] Loading: Device Info
2025-05-21 02:34:38.977: [INFO][Sync] Loading: User Consents
2025-05-21 02:34:38.977: [INFO][Sync] Loading: Send Tab To Self
2025-05-21 02:34:38.977: [INFO][Sync] Loading: Web Apps
2025-05-21 02:34:38.977: [INFO][Sync] Loading: History
2025-05-21 02:34:38.977: [INFO][Sync] Loading: Saved Tab Group
2025-05-21 02:34:38.977: [INFO][Sync] Loading: Collection
2025-05-21 02:34:38.977: [INFO][Sync] Loading: Edge E Drop
2025-05-21 02:34:38.977: [INFO][Sync] Loading: Edge Hub App Usage
2025-05-21 02:34:38.977: [INFO][Sync] Loading: Edge Tab Group
2025-05-21 02:34:38.977: [INFO][Sync] Loading: Edge Wallet
2025-05-21 02:34:38.981: [INFO][Sync] All data types are ready for configure.
2025-05-21 02:34:38.982: [INFO][SyncManagerImpl::ConfigureSyncer] Types to download:  with reason: 4
2025-05-21 02:34:38.982: [INFO][SyncEngineBackend::DoFinishConfigureDataTypes] Failed to download types:  and succeeded types: 
2025-05-21 02:34:38.982: [INFO][Sync] ConfigurationDone, failed: , succeeded: , remaining count: 4
2025-05-21 02:34:38.983: [INFO][SyncManagerImpl::ConfigureSyncer] Types to download:  with reason: 4
2025-05-21 02:34:38.983: [INFO][SyncEngineBackend::DoFinishConfigureDataTypes] Failed to download types:  and succeeded types: 
2025-05-21 02:34:38.983: [INFO][Sync] ConfigurationDone, failed: , succeeded: , remaining count: 3
2025-05-21 02:34:38.983: [INFO][SyncManagerImpl::ConfigureSyncer] Types to download:  with reason: 4
2025-05-21 02:34:38.983: [INFO][SyncEngineBackend::DoFinishConfigureDataTypes] Failed to download types:  and succeeded types: 
2025-05-21 02:34:38.983: [INFO][Sync] ConfigurationDone, failed: , succeeded: , remaining count: 2
2025-05-21 02:34:38.983: [INFO][SyncManagerImpl::ConfigureSyncer] Types to download:  with reason: 4
2025-05-21 02:34:38.983: [INFO][SyncEngineBackend::DoFinishConfigureDataTypes] Failed to download types:  and succeeded types: 
2025-05-21 02:34:38.983: [INFO][Sync] ConfigurationDone, failed: , succeeded: , remaining count: 1
2025-05-21 02:34:38.984: [INFO][SyncManagerImpl::ConfigureSyncer] Types to download:  with reason: 4
2025-05-21 02:34:38.984: [INFO][SyncEngineBackend::DoFinishConfigureDataTypes] Failed to download types:  and succeeded types: 
2025-05-21 02:34:38.984: [INFO][Sync] ConfigurationDone, failed: , succeeded: , remaining count: 0
2025-05-21 02:34:38.985: [INFO][Sync]     Configuration completed, state: 3
2025-05-21 02:34:38.985: [INFO][Sync] Configured DataTypeManager: Ok
2025-05-21 02:34:38.987: [INFO][SyncEngineBackend::DoStartSyncing] Start syncing
2025-05-21 02:41:54.144: [INFO][Sync] Reset engine, reason: 0
2025-05-21 02:41:54.144: [INFO][Sync] Reset engine with reason: 0
2025-05-21 03:05:35.667: [INFO][Sync] SyncState after authenticated was: FeatureCanStart
2025-05-21 03:05:36.034: [INFO][SyncAuthManager::SetLastAuthError] Current auth error: None
2025-05-21 03:05:36.034: [INFO][SyncAuthManager::EdgeLogTokenErrorState] Token error with: None for account type: AAD
2025-05-21 03:05:36.034: [INFO][Sync] Credentials changed for: EdgeSyncKeyDataScope
2025-05-21 03:05:36.043: [INFO][Sync] Try to start sync engine
2025-05-21 03:05:36.044: [INFO][SyncManagerImpl::NudgeForInitialDownload] Initial download nudge for Encryption Keys
2025-05-21 03:05:36.044: [INFO][SyncEngineBackend::LoadAndConnectNigoriController] Load and connect Nigori controller
2025-05-21 03:05:36.044: [INFO][SyncEngineBackend::DoInitialize] Control Types added: Encryption Keys
2025-05-21 03:05:36.044: [INFO][SyncManagerImpl::ConfigureSyncer] Types to download: Encryption Keys with reason: 3
2025-05-21 03:05:36.044: [INFO][SyncEngineBackend::DoUpdateKeyDataCredentials] Update key data credentials
2025-05-21 03:05:36.044: [INFO][SyncSchedulerImpl::DoConfigurationSyncCycleJob] Configure job was blocked
2025-05-21 03:05:36.094: [INFO][SyncAuthManager::SetLastAuthError] Current auth error: None
2025-05-21 03:05:36.095: [INFO][SyncAuthManager::EdgeLogTokenErrorState] Token error with: None for account type: AAD
2025-05-21 03:05:36.095: [INFO][Sync] Credentials changed for: EdgeSyncScopeNew
2025-05-21 03:05:36.095: [INFO][SyncEngineBackend::DoUpdateCredentials] Update credentials
2025-05-21 03:05:36.095: [INFO][SyncSchedulerImpl::DoConfigurationSyncCycleJob] Blocked types:  and types to download: Encryption Keys
2025-05-21 03:05:39.019: [INFO][SyncEngineBackend::DoUpdateKeyDataCredentials] Update key data credentials
2025-05-21 03:05:39.021: [INFO][Sync] Started DataTypeManager configuration, reason: 4
2025-05-21 03:05:39.022: [INFO][Sync] Configuring for: Bookmarks, Preferences, Passwords, Autofill Profiles, Autofill, Extensions, Sessions, Extension settings, History Delete Directives, Device Info, User Consents, Send Tab To Self, Web Apps, History, Saved Tab Group, Collection, Edge E Drop, Edge Hub App Usage, Edge Tab Group, Edge Wallet, Encryption Keys, reason: 4, current state: 0
2025-05-21 03:05:39.022: [INFO][SyncEngineBackend::DoStartConfiguration] Start configuration
2025-05-21 03:05:39.023: [INFO][Sync] Configure, desired: Bookmarks, Preferences, Passwords, Autofill Profiles, Autofill, Extensions, Sessions, Extension settings, History Delete Directives, Device Info, User Consents, Send Tab To Self, Web Apps, History, Saved Tab Group, Collection, Edge E Drop, Edge Hub App Usage, Edge Tab Group, Edge Wallet, Encryption Keys; Allow fail: 
2025-05-21 03:05:39.023: [INFO][Sync] Loading: Bookmarks
2025-05-21 03:05:39.023: [INFO][Sync] Loading: Preferences
2025-05-21 03:05:39.023: [INFO][Sync] Loading: Passwords
2025-05-21 03:05:39.023: [INFO][Sync] Loading: Autofill Profiles
2025-05-21 03:05:39.023: [INFO][Sync] Loading: Autofill
2025-05-21 03:05:39.023: [INFO][Sync] Loading: Extensions
2025-05-21 03:05:39.023: [INFO][Sync] Loading: Sessions
2025-05-21 03:05:39.023: [INFO][Sync] Loading: Extension settings
2025-05-21 03:05:39.023: [INFO][Sync] Loading: History Delete Directives
2025-05-21 03:05:39.023: [INFO][Sync] Loading: Device Info
2025-05-21 03:05:39.023: [INFO][Sync] Loading: User Consents
2025-05-21 03:05:39.023: [INFO][Sync] Loading: Send Tab To Self
2025-05-21 03:05:39.023: [INFO][Sync] Loading: Web Apps
2025-05-21 03:05:39.023: [INFO][Sync] Loading: History
2025-05-21 03:05:39.023: [INFO][Sync] Loading: Saved Tab Group
2025-05-21 03:05:39.023: [INFO][Sync] Loading: Collection
2025-05-21 03:05:39.023: [INFO][Sync] Loading: Edge E Drop
2025-05-21 03:05:39.023: [INFO][Sync] Loading: Edge Hub App Usage
2025-05-21 03:05:39.023: [INFO][Sync] Loading: Edge Tab Group
2025-05-21 03:05:39.023: [INFO][Sync] Loading: Edge Wallet
2025-05-21 03:05:39.028: [INFO][Sync] All data types are ready for configure.
2025-05-21 03:05:39.028: [INFO][SyncManagerImpl::ConfigureSyncer] Types to download:  with reason: 4
2025-05-21 03:05:39.028: [INFO][SyncEngineBackend::DoFinishConfigureDataTypes] Failed to download types:  and succeeded types: 
2025-05-21 03:05:39.028: [INFO][Sync] ConfigurationDone, failed: , succeeded: , remaining count: 4
2025-05-21 03:05:39.029: [INFO][SyncManagerImpl::ConfigureSyncer] Types to download:  with reason: 4
2025-05-21 03:05:39.029: [INFO][SyncEngineBackend::DoFinishConfigureDataTypes] Failed to download types:  and succeeded types: 
2025-05-21 03:05:39.029: [INFO][Sync] ConfigurationDone, failed: , succeeded: , remaining count: 3
2025-05-21 03:05:39.029: [INFO][SyncManagerImpl::ConfigureSyncer] Types to download:  with reason: 4
2025-05-21 03:05:39.029: [INFO][SyncEngineBackend::DoFinishConfigureDataTypes] Failed to download types:  and succeeded types: 
2025-05-21 03:05:39.029: [INFO][Sync] ConfigurationDone, failed: , succeeded: , remaining count: 2
2025-05-21 03:05:39.029: [INFO][SyncManagerImpl::ConfigureSyncer] Types to download:  with reason: 4
2025-05-21 03:05:39.029: [INFO][SyncEngineBackend::DoFinishConfigureDataTypes] Failed to download types:  and succeeded types: 
2025-05-21 03:05:39.029: [INFO][Sync] ConfigurationDone, failed: , succeeded: , remaining count: 1
2025-05-21 03:05:39.034: [INFO][SyncManagerImpl::ConfigureSyncer] Types to download:  with reason: 4
2025-05-21 03:05:39.034: [INFO][SyncEngineBackend::DoFinishConfigureDataTypes] Failed to download types:  and succeeded types: 
2025-05-21 03:05:39.034: [INFO][Sync] ConfigurationDone, failed: , succeeded: , remaining count: 0
2025-05-21 03:05:39.036: [INFO][Sync]     Configuration completed, state: 3
2025-05-21 03:05:39.036: [INFO][Sync] Configured DataTypeManager: Ok
2025-05-21 03:05:39.037: [INFO][SyncEngineBackend::DoStartSyncing] Start syncing
2025-05-21 03:10:32.318: [INFO][Sync] Reset engine, reason: 0
2025-05-21 03:10:32.318: [INFO][Sync] Reset engine with reason: 0
2025-05-21 03:11:06.461: [INFO][Sync] SyncState after authenticated was: FeatureCanStart
2025-05-21 03:11:06.825: [INFO][Sync] Try to start sync engine
2025-05-21 03:11:06.831: [INFO][SyncManagerImpl::NudgeForInitialDownload] Initial download nudge for Encryption Keys
2025-05-21 03:11:06.831: [INFO][SyncEngineBackend::LoadAndConnectNigoriController] Load and connect Nigori controller
2025-05-21 03:11:06.831: [INFO][SyncEngineBackend::DoInitialize] Control Types added: Encryption Keys
2025-05-21 03:11:06.831: [INFO][SyncManagerImpl::ConfigureSyncer] Types to download: Encryption Keys with reason: 3
2025-05-21 03:11:06.831: [INFO][SyncSchedulerImpl::DoConfigurationSyncCycleJob] Configure job was blocked
2025-05-21 03:11:06.870: [INFO][SyncAuthManager::SetLastAuthError] Current auth error: None
2025-05-21 03:11:06.870: [INFO][SyncAuthManager::EdgeLogTokenErrorState] Token error with: None for account type: AAD
2025-05-21 03:11:06.870: [INFO][Sync] Credentials changed for: EdgeSyncKeyDataScope
2025-05-21 03:11:06.870: [INFO][SyncEngineBackend::DoUpdateKeyDataCredentials] Update key data credentials
2025-05-21 03:11:06.912: [INFO][SyncAuthManager::SetLastAuthError] Current auth error: None
2025-05-21 03:11:06.912: [INFO][SyncAuthManager::EdgeLogTokenErrorState] Token error with: None for account type: AAD
2025-05-21 03:11:06.912: [INFO][Sync] Credentials changed for: EdgeSyncScopeNew
2025-05-21 03:11:06.912: [INFO][SyncEngineBackend::DoUpdateCredentials] Update credentials
2025-05-21 03:11:06.912: [INFO][SyncSchedulerImpl::DoConfigurationSyncCycleJob] Blocked types:  and types to download: Encryption Keys
2025-05-21 03:11:08.877: [INFO][SyncEngineBackend::DoUpdateKeyDataCredentials] Update key data credentials
2025-05-21 03:11:08.880: [INFO][Sync] Started DataTypeManager configuration, reason: 4
2025-05-21 03:11:08.880: [INFO][Sync] Configuring for: Bookmarks, Preferences, Passwords, Autofill Profiles, Autofill, Extensions, Sessions, Extension settings, History Delete Directives, Device Info, User Consents, Send Tab To Self, Web Apps, History, Saved Tab Group, Collection, Edge E Drop, Edge Hub App Usage, Edge Tab Group, Edge Wallet, Encryption Keys, reason: 4, current state: 0
2025-05-21 03:11:08.880: [INFO][SyncEngineBackend::DoStartConfiguration] Start configuration
2025-05-21 03:11:08.882: [INFO][Sync] Configure, desired: Bookmarks, Preferences, Passwords, Autofill Profiles, Autofill, Extensions, Sessions, Extension settings, History Delete Directives, Device Info, User Consents, Send Tab To Self, Web Apps, History, Saved Tab Group, Collection, Edge E Drop, Edge Hub App Usage, Edge Tab Group, Edge Wallet, Encryption Keys; Allow fail: 
2025-05-21 03:11:08.882: [INFO][Sync] Loading: Bookmarks
2025-05-21 03:11:08.882: [INFO][Sync] Loading: Preferences
2025-05-21 03:11:08.882: [INFO][Sync] Loading: Passwords
2025-05-21 03:11:08.882: [INFO][Sync] Loading: Autofill Profiles
2025-05-21 03:11:08.882: [INFO][Sync] Loading: Autofill
2025-05-21 03:11:08.882: [INFO][Sync] Loading: Extensions
2025-05-21 03:11:08.882: [INFO][Sync] Loading: Sessions
2025-05-21 03:11:08.882: [INFO][Sync] Loading: Extension settings
2025-05-21 03:11:08.882: [INFO][Sync] Loading: History Delete Directives
2025-05-21 03:11:08.882: [INFO][Sync] Loading: Device Info
2025-05-21 03:11:08.882: [INFO][Sync] Loading: User Consents
2025-05-21 03:11:08.882: [INFO][Sync] Loading: Send Tab To Self
2025-05-21 03:11:08.882: [INFO][Sync] Loading: Web Apps
2025-05-21 03:11:08.882: [INFO][Sync] Loading: History
2025-05-21 03:11:08.882: [INFO][Sync] Loading: Saved Tab Group
2025-05-21 03:11:08.882: [INFO][Sync] Loading: Collection
2025-05-21 03:11:08.882: [INFO][Sync] Loading: Edge E Drop
2025-05-21 03:11:08.882: [INFO][Sync] Loading: Edge Hub App Usage
2025-05-21 03:11:08.882: [INFO][Sync] Loading: Edge Tab Group
2025-05-21 03:11:08.882: [INFO][Sync] Loading: Edge Wallet
2025-05-21 03:11:08.885: [INFO][Sync] All data types are ready for configure.
2025-05-21 03:11:08.886: [INFO][SyncManagerImpl::ConfigureSyncer] Types to download:  with reason: 4
2025-05-21 03:11:08.886: [INFO][SyncEngineBackend::DoFinishConfigureDataTypes] Failed to download types:  and succeeded types: 
2025-05-21 03:11:08.886: [INFO][Sync] ConfigurationDone, failed: , succeeded: , remaining count: 4
2025-05-21 03:11:08.886: [INFO][SyncManagerImpl::ConfigureSyncer] Types to download:  with reason: 4
2025-05-21 03:11:08.886: [INFO][SyncEngineBackend::DoFinishConfigureDataTypes] Failed to download types:  and succeeded types: 
2025-05-21 03:11:08.886: [INFO][Sync] ConfigurationDone, failed: , succeeded: , remaining count: 3
2025-05-21 03:11:08.886: [INFO][SyncManagerImpl::ConfigureSyncer] Types to download:  with reason: 4
2025-05-21 03:11:08.886: [INFO][SyncEngineBackend::DoFinishConfigureDataTypes] Failed to download types:  and succeeded types: 
2025-05-21 03:11:08.886: [INFO][Sync] ConfigurationDone, failed: , succeeded: , remaining count: 2
2025-05-21 03:11:08.886: [INFO][SyncManagerImpl::ConfigureSyncer] Types to download:  with reason: 4
2025-05-21 03:11:08.886: [INFO][SyncEngineBackend::DoFinishConfigureDataTypes] Failed to download types:  and succeeded types: 
2025-05-21 03:11:08.886: [INFO][Sync] ConfigurationDone, failed: , succeeded: , remaining count: 1
2025-05-21 03:11:08.888: [INFO][SyncManagerImpl::ConfigureSyncer] Types to download:  with reason: 4
2025-05-21 03:11:08.888: [INFO][SyncEngineBackend::DoFinishConfigureDataTypes] Failed to download types:  and succeeded types: 
2025-05-21 03:11:08.888: [INFO][Sync] ConfigurationDone, failed: , succeeded: , remaining count: 0
2025-05-21 03:11:08.891: [INFO][Sync]     Configuration completed, state: 3
2025-05-21 03:11:08.891: [INFO][Sync] Configured DataTypeManager: Ok
2025-05-21 03:11:08.893: [INFO][SyncEngineBackend::DoStartSyncing] Start syncing
2025-05-21 03:17:15.474: [INFO][Sync] Reset engine, reason: 0
2025-05-21 03:17:15.474: [INFO][Sync] Reset engine with reason: 0
2025-05-21 03:18:10.979: [INFO][Sync] SyncState after authenticated was: FeatureCanStart
2025-05-21 03:18:11.287: [INFO][SyncAuthManager::SetLastAuthError] Current auth error: None
2025-05-21 03:18:11.287: [INFO][SyncAuthManager::EdgeLogTokenErrorState] Token error with: None for account type: AAD
2025-05-21 03:18:11.287: [INFO][Sync] Credentials changed for: EdgeSyncKeyDataScope
2025-05-21 03:18:11.287: [INFO][Sync] Try to start sync engine
2025-05-21 03:18:11.294: [INFO][SyncManagerImpl::NudgeForInitialDownload] Initial download nudge for Encryption Keys
2025-05-21 03:18:11.294: [INFO][SyncEngineBackend::LoadAndConnectNigoriController] Load and connect Nigori controller
2025-05-21 03:18:11.294: [INFO][SyncEngineBackend::DoInitialize] Control Types added: Encryption Keys
2025-05-21 03:18:11.294: [INFO][SyncManagerImpl::ConfigureSyncer] Types to download: Encryption Keys with reason: 3
2025-05-21 03:18:11.294: [INFO][SyncEngineBackend::DoUpdateKeyDataCredentials] Update key data credentials
2025-05-21 03:18:11.295: [INFO][SyncSchedulerImpl::DoConfigurationSyncCycleJob] Configure job was blocked
2025-05-21 03:18:11.375: [INFO][SyncAuthManager::SetLastAuthError] Current auth error: None
2025-05-21 03:18:11.375: [INFO][SyncAuthManager::EdgeLogTokenErrorState] Token error with: None for account type: AAD
2025-05-21 03:18:11.375: [INFO][Sync] Credentials changed for: EdgeSyncScopeNew
2025-05-21 03:18:11.376: [INFO][SyncEngineBackend::DoUpdateCredentials] Update credentials
2025-05-21 03:18:11.376: [INFO][SyncEngineBackend::DoUpdateKeyDataCredentials] Update key data credentials
2025-05-21 03:18:11.376: [INFO][SyncSchedulerImpl::DoConfigurationSyncCycleJob] Blocked types:  and types to download: Encryption Keys
2025-05-21 03:18:14.955: [INFO][Sync] Started DataTypeManager configuration, reason: 4
2025-05-21 03:18:14.955: [INFO][Sync] Configuring for: Bookmarks, Preferences, Passwords, Autofill Profiles, Autofill, Extensions, Sessions, Extension settings, History Delete Directives, Device Info, User Consents, Send Tab To Self, Web Apps, History, Saved Tab Group, Collection, Edge E Drop, Edge Hub App Usage, Edge Tab Group, Edge Wallet, Encryption Keys, reason: 4, current state: 0
2025-05-21 03:18:14.955: [INFO][SyncEngineBackend::DoStartConfiguration] Start configuration
2025-05-21 03:18:14.957: [INFO][Sync] Configure, desired: Bookmarks, Preferences, Passwords, Autofill Profiles, Autofill, Extensions, Sessions, Extension settings, History Delete Directives, Device Info, User Consents, Send Tab To Self, Web Apps, History, Saved Tab Group, Collection, Edge E Drop, Edge Hub App Usage, Edge Tab Group, Edge Wallet, Encryption Keys; Allow fail: 
2025-05-21 03:18:14.957: [INFO][Sync] Loading: Bookmarks
2025-05-21 03:18:14.957: [INFO][Sync] Loading: Preferences
2025-05-21 03:18:14.957: [INFO][Sync] Loading: Passwords
2025-05-21 03:18:14.957: [INFO][Sync] Loading: Autofill Profiles
2025-05-21 03:18:14.957: [INFO][Sync] Loading: Autofill
2025-05-21 03:18:14.957: [INFO][Sync] Loading: Extensions
2025-05-21 03:18:14.957: [INFO][Sync] Loading: Sessions
2025-05-21 03:18:14.957: [INFO][Sync] Loading: Extension settings
2025-05-21 03:18:14.957: [INFO][Sync] Loading: History Delete Directives
2025-05-21 03:18:14.957: [INFO][Sync] Loading: Device Info
2025-05-21 03:18:14.957: [INFO][Sync] Loading: User Consents
2025-05-21 03:18:14.957: [INFO][Sync] Loading: Send Tab To Self
2025-05-21 03:18:14.957: [INFO][Sync] Loading: Web Apps
2025-05-21 03:18:14.957: [INFO][Sync] Loading: History
2025-05-21 03:18:14.957: [INFO][Sync] Loading: Saved Tab Group
2025-05-21 03:18:14.957: [INFO][Sync] Loading: Collection
2025-05-21 03:18:14.957: [INFO][Sync] Loading: Edge E Drop
2025-05-21 03:18:14.957: [INFO][Sync] Loading: Edge Hub App Usage
2025-05-21 03:18:14.957: [INFO][Sync] Loading: Edge Tab Group
2025-05-21 03:18:14.957: [INFO][Sync] Loading: Edge Wallet
2025-05-21 03:18:14.958: [INFO][Sync] All data types are ready for configure.
2025-05-21 03:18:14.959: [INFO][SyncManagerImpl::ConfigureSyncer] Types to download:  with reason: 4
2025-05-21 03:18:14.959: [INFO][SyncEngineBackend::DoFinishConfigureDataTypes] Failed to download types:  and succeeded types: 
2025-05-21 03:18:14.959: [INFO][Sync] ConfigurationDone, failed: , succeeded: , remaining count: 4
2025-05-21 03:18:14.959: [INFO][SyncManagerImpl::ConfigureSyncer] Types to download:  with reason: 4
2025-05-21 03:18:14.959: [INFO][SyncEngineBackend::DoFinishConfigureDataTypes] Failed to download types:  and succeeded types: 
2025-05-21 03:18:14.959: [INFO][Sync] ConfigurationDone, failed: , succeeded: , remaining count: 3
2025-05-21 03:18:14.959: [INFO][SyncManagerImpl::ConfigureSyncer] Types to download:  with reason: 4
2025-05-21 03:18:14.959: [INFO][SyncEngineBackend::DoFinishConfigureDataTypes] Failed to download types:  and succeeded types: 
2025-05-21 03:18:14.959: [INFO][Sync] ConfigurationDone, failed: , succeeded: , remaining count: 2
2025-05-21 03:18:14.959: [INFO][SyncManagerImpl::ConfigureSyncer] Types to download:  with reason: 4
2025-05-21 03:18:14.959: [INFO][SyncEngineBackend::DoFinishConfigureDataTypes] Failed to download types:  and succeeded types: 
2025-05-21 03:18:14.959: [INFO][Sync] ConfigurationDone, failed: , succeeded: , remaining count: 1
2025-05-21 03:18:14.961: [INFO][SyncManagerImpl::ConfigureSyncer] Types to download:  with reason: 4
2025-05-21 03:18:14.961: [INFO][SyncEngineBackend::DoFinishConfigureDataTypes] Failed to download types:  and succeeded types: 
2025-05-21 03:18:14.961: [INFO][Sync] ConfigurationDone, failed: , succeeded: , remaining count: 0
2025-05-21 03:18:14.962: [INFO][Sync]     Configuration completed, state: 3
2025-05-21 03:18:14.962: [INFO][Sync] Configured DataTypeManager: Ok
2025-05-21 03:18:14.965: [INFO][SyncEngineBackend::DoStartSyncing] Start syncing
2025-05-21 06:07:09.881: [INFO][Sync] SyncState after authenticated was: FeatureCanStart
2025-05-21 06:07:10.352: [INFO][Sync] Try to start sync engine
2025-05-21 06:07:10.353: [INFO][SyncManagerImpl::NudgeForInitialDownload] Initial download nudge for Encryption Keys
2025-05-21 06:07:10.353: [INFO][SyncEngineBackend::LoadAndConnectNigoriController] Load and connect Nigori controller
2025-05-21 06:07:10.353: [INFO][SyncEngineBackend::DoInitialize] Control Types added: Encryption Keys
2025-05-21 06:07:10.353: [INFO][SyncManagerImpl::ConfigureSyncer] Types to download: Encryption Keys with reason: 3
2025-05-21 06:07:10.353: [INFO][SyncSchedulerImpl::DoConfigurationSyncCycleJob] Configure job was blocked
2025-05-21 06:07:11.708: [INFO][SyncAuthManager::SetLastAuthError] Current auth error: None
2025-05-21 06:07:11.708: [INFO][SyncAuthManager::EdgeLogTokenErrorState] Token error with: None for account type: AAD
2025-05-21 06:07:11.708: [INFO][Sync] Credentials changed for: EdgeSyncScopeNew
2025-05-21 06:07:12.470: [INFO][SyncAuthManager::SetLastAuthError] Current auth error: None
2025-05-21 06:07:12.470: [INFO][SyncAuthManager::EdgeLogTokenErrorState] Token error with: None for account type: AAD
2025-05-21 06:07:12.470: [INFO][Sync] Credentials changed for: EdgeSyncKeyDataScope
2025-05-21 06:07:12.470: [INFO][SyncEngineBackend::DoUpdateKeyDataCredentials] Update key data credentials
2025-05-21 06:07:12.470: [INFO][SyncEngineBackend::DoUpdateCredentials] Update credentials
2025-05-21 06:07:12.470: [INFO][SyncSchedulerImpl::DoConfigurationSyncCycleJob] Blocked types:  and types to download: Encryption Keys
2025-05-21 06:07:14.483: [INFO][Sync] Started DataTypeManager configuration, reason: 4
2025-05-21 06:07:14.483: [INFO][Sync] Configuring for: Bookmarks, Preferences, Passwords, Autofill Profiles, Autofill, Extensions, Sessions, Extension settings, History Delete Directives, Device Info, User Consents, Send Tab To Self, Web Apps, History, Saved Tab Group, Collection, Edge E Drop, Edge Hub App Usage, Edge Tab Group, Edge Wallet, Encryption Keys, reason: 4, current state: 0
2025-05-21 06:07:14.483: [INFO][SyncEngineBackend::DoStartConfiguration] Start configuration
2025-05-21 06:07:14.484: [INFO][Sync] Configure, desired: Bookmarks, Preferences, Passwords, Autofill Profiles, Autofill, Extensions, Sessions, Extension settings, History Delete Directives, Device Info, User Consents, Send Tab To Self, Web Apps, History, Saved Tab Group, Collection, Edge E Drop, Edge Hub App Usage, Edge Tab Group, Edge Wallet, Encryption Keys; Allow fail: 
2025-05-21 06:07:14.484: [INFO][Sync] Loading: Bookmarks
2025-05-21 06:07:14.484: [INFO][Sync] Loading: Preferences
2025-05-21 06:07:14.484: [INFO][Sync] Loading: Passwords
2025-05-21 06:07:14.484: [INFO][Sync] Loading: Autofill Profiles
2025-05-21 06:07:14.484: [INFO][Sync] Loading: Autofill
2025-05-21 06:07:14.484: [INFO][Sync] Loading: Extensions
2025-05-21 06:07:14.484: [INFO][Sync] Loading: Sessions
2025-05-21 06:07:14.484: [INFO][Sync] Loading: Extension settings
2025-05-21 06:07:14.484: [INFO][Sync] Loading: History Delete Directives
2025-05-21 06:07:14.484: [INFO][Sync] Loading: Device Info
2025-05-21 06:07:14.484: [INFO][Sync] Loading: User Consents
2025-05-21 06:07:14.484: [INFO][Sync] Loading: Send Tab To Self
2025-05-21 06:07:14.484: [INFO][Sync] Loading: Web Apps
2025-05-21 06:07:14.484: [INFO][Sync] Loading: History
2025-05-21 06:07:14.484: [INFO][Sync] Loading: Saved Tab Group
2025-05-21 06:07:14.484: [INFO][Sync] Loading: Collection
2025-05-21 06:07:14.485: [INFO][Sync] Loading: Edge E Drop
2025-05-21 06:07:14.485: [INFO][Sync] Loading: Edge Hub App Usage
2025-05-21 06:07:14.485: [INFO][Sync] Loading: Edge Tab Group
2025-05-21 06:07:14.485: [INFO][Sync] Loading: Edge Wallet
2025-05-21 06:07:14.487: [INFO][Sync] All data types are ready for configure.
2025-05-21 06:07:14.487: [INFO][SyncManagerImpl::ConfigureSyncer] Types to download:  with reason: 4
2025-05-21 06:07:14.487: [INFO][SyncEngineBackend::DoFinishConfigureDataTypes] Failed to download types:  and succeeded types: 
2025-05-21 06:07:14.487: [INFO][Sync] ConfigurationDone, failed: , succeeded: , remaining count: 4
2025-05-21 06:07:14.487: [INFO][SyncManagerImpl::ConfigureSyncer] Types to download:  with reason: 4
2025-05-21 06:07:14.487: [INFO][SyncEngineBackend::DoFinishConfigureDataTypes] Failed to download types:  and succeeded types: 
2025-05-21 06:07:14.488: [INFO][Sync] ConfigurationDone, failed: , succeeded: , remaining count: 3
2025-05-21 06:07:14.488: [INFO][SyncManagerImpl::ConfigureSyncer] Types to download:  with reason: 4
2025-05-21 06:07:14.488: [INFO][SyncEngineBackend::DoFinishConfigureDataTypes] Failed to download types:  and succeeded types: 
2025-05-21 06:07:14.488: [INFO][Sync] ConfigurationDone, failed: , succeeded: , remaining count: 2
2025-05-21 06:07:14.488: [INFO][SyncManagerImpl::ConfigureSyncer] Types to download:  with reason: 4
2025-05-21 06:07:14.488: [INFO][SyncEngineBackend::DoFinishConfigureDataTypes] Failed to download types:  and succeeded types: 
2025-05-21 06:07:14.488: [INFO][Sync] ConfigurationDone, failed: , succeeded: , remaining count: 1
2025-05-21 06:07:14.489: [INFO][SyncManagerImpl::ConfigureSyncer] Types to download:  with reason: 4
2025-05-21 06:07:14.489: [INFO][SyncEngineBackend::DoFinishConfigureDataTypes] Failed to download types:  and succeeded types: 
2025-05-21 06:07:14.489: [INFO][Sync] ConfigurationDone, failed: , succeeded: , remaining count: 0
2025-05-21 06:07:14.491: [INFO][Sync]     Configuration completed, state: 3
2025-05-21 06:07:14.491: [INFO][Sync] Configured DataTypeManager: Ok
2025-05-21 06:07:14.492: [INFO][SyncEngineBackend::DoStartSyncing] Start syncing
2025-05-21 06:15:01.749: [INFO][Sync] Reset engine, reason: 0
2025-05-21 06:15:01.749: [INFO][Sync] Reset engine with reason: 0
2025-05-21 06:15:35.655: [INFO][Sync] SyncState after authenticated was: FeatureCanStart
2025-05-21 06:15:36.073: [INFO][Sync] Try to start sync engine
2025-05-21 06:15:36.086: [INFO][SyncManagerImpl::NudgeForInitialDownload] Initial download nudge for Encryption Keys
2025-05-21 06:15:36.086: [INFO][SyncEngineBackend::LoadAndConnectNigoriController] Load and connect Nigori controller
2025-05-21 06:15:36.086: [INFO][SyncEngineBackend::DoInitialize] Control Types added: Encryption Keys
2025-05-21 06:15:36.086: [INFO][SyncManagerImpl::ConfigureSyncer] Types to download: Encryption Keys with reason: 3
2025-05-21 06:15:36.086: [INFO][SyncSchedulerImpl::DoConfigurationSyncCycleJob] Configure job was blocked
2025-05-21 06:15:36.138: [INFO][SyncAuthManager::SetLastAuthError] Current auth error: None
2025-05-21 06:15:36.138: [INFO][SyncAuthManager::EdgeLogTokenErrorState] Token error with: None for account type: AAD
2025-05-21 06:15:36.138: [INFO][Sync] Credentials changed for: EdgeSyncKeyDataScope
2025-05-21 06:15:36.138: [INFO][SyncEngineBackend::DoUpdateKeyDataCredentials] Update key data credentials
2025-05-21 06:15:36.153: [INFO][SyncAuthManager::SetLastAuthError] Current auth error: None
2025-05-21 06:15:36.153: [INFO][SyncAuthManager::EdgeLogTokenErrorState] Token error with: None for account type: AAD
2025-05-21 06:15:36.154: [INFO][Sync] Credentials changed for: EdgeSyncScopeNew
2025-05-21 06:15:36.154: [INFO][SyncEngineBackend::DoUpdateCredentials] Update credentials
2025-05-21 06:15:36.154: [INFO][SyncSchedulerImpl::DoConfigurationSyncCycleJob] Blocked types:  and types to download: Encryption Keys
2025-05-21 06:15:38.354: [INFO][SyncEngineBackend::DoUpdateKeyDataCredentials] Update key data credentials
2025-05-21 06:15:38.357: [INFO][Sync] Started DataTypeManager configuration, reason: 4
2025-05-21 06:15:38.357: [INFO][Sync] Configuring for: Bookmarks, Preferences, Passwords, Autofill Profiles, Autofill, Extensions, Sessions, Extension settings, History Delete Directives, Device Info, User Consents, Send Tab To Self, Web Apps, History, Saved Tab Group, Collection, Edge E Drop, Edge Hub App Usage, Edge Tab Group, Edge Wallet, Encryption Keys, reason: 4, current state: 0
2025-05-21 06:15:38.358: [INFO][SyncEngineBackend::DoStartConfiguration] Start configuration
2025-05-21 06:15:38.359: [INFO][Sync] Configure, desired: Bookmarks, Preferences, Passwords, Autofill Profiles, Autofill, Extensions, Sessions, Extension settings, History Delete Directives, Device Info, User Consents, Send Tab To Self, Web Apps, History, Saved Tab Group, Collection, Edge E Drop, Edge Hub App Usage, Edge Tab Group, Edge Wallet, Encryption Keys; Allow fail: 
2025-05-21 06:15:38.359: [INFO][Sync] Loading: Bookmarks
2025-05-21 06:15:38.359: [INFO][Sync] Loading: Preferences
2025-05-21 06:15:38.359: [INFO][Sync] Loading: Passwords
2025-05-21 06:15:38.359: [INFO][Sync] Loading: Autofill Profiles
2025-05-21 06:15:38.359: [INFO][Sync] Loading: Autofill
2025-05-21 06:15:38.359: [INFO][Sync] Loading: Extensions
2025-05-21 06:15:38.359: [INFO][Sync] Loading: Sessions
2025-05-21 06:15:38.359: [INFO][Sync] Loading: Extension settings
2025-05-21 06:15:38.359: [INFO][Sync] Loading: History Delete Directives
2025-05-21 06:15:38.359: [INFO][Sync] Loading: Device Info
2025-05-21 06:15:38.359: [INFO][Sync] Loading: User Consents
2025-05-21 06:15:38.360: [INFO][Sync] Loading: Send Tab To Self
2025-05-21 06:15:38.360: [INFO][Sync] Loading: Web Apps
2025-05-21 06:15:38.360: [INFO][Sync] Loading: History
2025-05-21 06:15:38.360: [INFO][Sync] Loading: Saved Tab Group
2025-05-21 06:15:38.360: [INFO][Sync] Loading: Collection
2025-05-21 06:15:38.360: [INFO][Sync] Loading: Edge E Drop
2025-05-21 06:15:38.360: [INFO][Sync] Loading: Edge Hub App Usage
2025-05-21 06:15:38.360: [INFO][Sync] Loading: Edge Tab Group
2025-05-21 06:15:38.360: [INFO][Sync] Loading: Edge Wallet
2025-05-21 06:15:38.366: [INFO][Sync] All data types are ready for configure.
2025-05-21 06:15:38.366: [INFO][SyncManagerImpl::ConfigureSyncer] Types to download:  with reason: 4
2025-05-21 06:15:38.366: [INFO][SyncEngineBackend::DoFinishConfigureDataTypes] Failed to download types:  and succeeded types: 
2025-05-21 06:15:38.366: [INFO][Sync] ConfigurationDone, failed: , succeeded: , remaining count: 4
2025-05-21 06:15:38.366: [INFO][SyncManagerImpl::ConfigureSyncer] Types to download:  with reason: 4
2025-05-21 06:15:38.366: [INFO][SyncEngineBackend::DoFinishConfigureDataTypes] Failed to download types:  and succeeded types: 
2025-05-21 06:15:38.366: [INFO][Sync] ConfigurationDone, failed: , succeeded: , remaining count: 3
2025-05-21 06:15:38.366: [INFO][SyncManagerImpl::ConfigureSyncer] Types to download:  with reason: 4
2025-05-21 06:15:38.366: [INFO][SyncEngineBackend::DoFinishConfigureDataTypes] Failed to download types:  and succeeded types: 
2025-05-21 06:15:38.366: [INFO][Sync] ConfigurationDone, failed: , succeeded: , remaining count: 2
2025-05-21 06:15:38.367: [INFO][SyncManagerImpl::ConfigureSyncer] Types to download:  with reason: 4
2025-05-21 06:15:38.367: [INFO][SyncEngineBackend::DoFinishConfigureDataTypes] Failed to download types:  and succeeded types: 
2025-05-21 06:15:38.367: [INFO][Sync] ConfigurationDone, failed: , succeeded: , remaining count: 1
2025-05-21 06:15:38.368: [INFO][SyncManagerImpl::ConfigureSyncer] Types to download:  with reason: 4
2025-05-21 06:15:38.368: [INFO][SyncEngineBackend::DoFinishConfigureDataTypes] Failed to download types:  and succeeded types: 
2025-05-21 06:15:38.368: [INFO][Sync] ConfigurationDone, failed: , succeeded: , remaining count: 0
2025-05-21 06:15:38.369: [INFO][Sync]     Configuration completed, state: 3
2025-05-21 06:15:38.370: [INFO][Sync] Configured DataTypeManager: Ok
2025-05-21 06:15:38.372: [INFO][SyncEngineBackend::DoStartSyncing] Start syncing
2025-05-21 06:16:42.870: [INFO][Sync] Reset engine, reason: 0
2025-05-21 06:16:42.870: [INFO][Sync] Reset engine with reason: 0
2025-05-21 06:16:42.881: [INFO][SyncSchedulerImpl::OnSyncNetworkError] Syncer error: Network error (ERR_ABORTED)
2025-05-21 06:16:42.882: [INFO][Commit::ReportFullCommitFailure] Commit Sessions, History failed with error: NetworkError
2025-05-21 06:16:42.882: [INFO][SyncSchedulerImpl::DoNudgeSyncCycleJob] Syncer error: Network error (ERR_ABORTED)
2025-05-21 06:17:09.944: [INFO][Sync] SyncState after authenticated was: FeatureCanStart
2025-05-21 06:17:10.328: [INFO][SyncAuthManager::SetLastAuthError] Current auth error: None
2025-05-21 06:17:10.328: [INFO][SyncAuthManager::EdgeLogTokenErrorState] Token error with: None for account type: AAD
2025-05-21 06:17:10.328: [INFO][Sync] Credentials changed for: EdgeSyncKeyDataScope
2025-05-21 06:17:10.328: [INFO][Sync] Try to start sync engine
2025-05-21 06:17:10.334: [INFO][SyncManagerImpl::NudgeForInitialDownload] Initial download nudge for Encryption Keys
2025-05-21 06:17:10.334: [INFO][SyncEngineBackend::LoadAndConnectNigoriController] Load and connect Nigori controller
2025-05-21 06:17:10.334: [INFO][SyncEngineBackend::DoInitialize] Control Types added: Encryption Keys
2025-05-21 06:17:10.334: [INFO][SyncManagerImpl::ConfigureSyncer] Types to download: Encryption Keys with reason: 3
2025-05-21 06:17:10.334: [INFO][SyncEngineBackend::DoUpdateKeyDataCredentials] Update key data credentials
2025-05-21 06:17:10.334: [INFO][SyncSchedulerImpl::DoConfigurationSyncCycleJob] Configure job was blocked
2025-05-21 06:17:10.387: [INFO][SyncAuthManager::SetLastAuthError] Current auth error: None
2025-05-21 06:17:10.387: [INFO][SyncAuthManager::EdgeLogTokenErrorState] Token error with: None for account type: AAD
2025-05-21 06:17:10.387: [INFO][Sync] Credentials changed for: EdgeSyncScopeNew
2025-05-21 06:17:10.387: [INFO][SyncEngineBackend::DoUpdateCredentials] Update credentials
2025-05-21 06:17:10.387: [INFO][SyncSchedulerImpl::DoConfigurationSyncCycleJob] Blocked types:  and types to download: Encryption Keys
2025-05-21 06:17:14.048: [INFO][SyncEngineBackend::DoUpdateKeyDataCredentials] Update key data credentials
2025-05-21 06:17:14.051: [INFO][Sync] Started DataTypeManager configuration, reason: 4
2025-05-21 06:17:14.051: [INFO][Sync] Configuring for: Bookmarks, Preferences, Passwords, Autofill Profiles, Autofill, Extensions, Sessions, Extension settings, History Delete Directives, Device Info, User Consents, Send Tab To Self, Web Apps, History, Saved Tab Group, Collection, Edge E Drop, Edge Hub App Usage, Edge Tab Group, Edge Wallet, Encryption Keys, reason: 4, current state: 0
2025-05-21 06:17:14.051: [INFO][SyncEngineBackend::DoStartConfiguration] Start configuration
2025-05-21 06:17:14.052: [INFO][Sync] Configure, desired: Bookmarks, Preferences, Passwords, Autofill Profiles, Autofill, Extensions, Sessions, Extension settings, History Delete Directives, Device Info, User Consents, Send Tab To Self, Web Apps, History, Saved Tab Group, Collection, Edge E Drop, Edge Hub App Usage, Edge Tab Group, Edge Wallet, Encryption Keys; Allow fail: 
2025-05-21 06:17:14.052: [INFO][Sync] Loading: Bookmarks
2025-05-21 06:17:14.052: [INFO][Sync] Loading: Preferences
2025-05-21 06:17:14.052: [INFO][Sync] Loading: Passwords
2025-05-21 06:17:14.052: [INFO][Sync] Loading: Autofill Profiles
2025-05-21 06:17:14.052: [INFO][Sync] Loading: Autofill
2025-05-21 06:17:14.052: [INFO][Sync] Loading: Extensions
2025-05-21 06:17:14.052: [INFO][Sync] Loading: Sessions
2025-05-21 06:17:14.052: [INFO][Sync] Loading: Extension settings
2025-05-21 06:17:14.052: [INFO][Sync] Loading: History Delete Directives
2025-05-21 06:17:14.053: [INFO][Sync] Loading: Device Info
2025-05-21 06:17:14.053: [INFO][Sync] Loading: User Consents
2025-05-21 06:17:14.053: [INFO][Sync] Loading: Send Tab To Self
2025-05-21 06:17:14.053: [INFO][Sync] Loading: Web Apps
2025-05-21 06:17:14.053: [INFO][Sync] Loading: History
2025-05-21 06:17:14.053: [INFO][Sync] Loading: Saved Tab Group
2025-05-21 06:17:14.053: [INFO][Sync] Loading: Collection
2025-05-21 06:17:14.053: [INFO][Sync] Loading: Edge E Drop
2025-05-21 06:17:14.053: [INFO][Sync] Loading: Edge Hub App Usage
2025-05-21 06:17:14.053: [INFO][Sync] Loading: Edge Tab Group
2025-05-21 06:17:14.053: [INFO][Sync] Loading: Edge Wallet
2025-05-21 06:17:14.056: [INFO][Sync] All data types are ready for configure.
2025-05-21 06:17:14.056: [INFO][SyncManagerImpl::ConfigureSyncer] Types to download:  with reason: 4
2025-05-21 06:17:14.056: [INFO][SyncEngineBackend::DoFinishConfigureDataTypes] Failed to download types:  and succeeded types: 
2025-05-21 06:17:14.059: [INFO][Sync] ConfigurationDone, failed: , succeeded: , remaining count: 4
2025-05-21 06:17:14.060: [INFO][SyncManagerImpl::ConfigureSyncer] Types to download:  with reason: 4
2025-05-21 06:17:14.060: [INFO][SyncEngineBackend::DoFinishConfigureDataTypes] Failed to download types:  and succeeded types: 
2025-05-21 06:17:14.060: [INFO][Sync] ConfigurationDone, failed: , succeeded: , remaining count: 3
2025-05-21 06:17:14.060: [INFO][SyncManagerImpl::ConfigureSyncer] Types to download:  with reason: 4
2025-05-21 06:17:14.060: [INFO][SyncEngineBackend::DoFinishConfigureDataTypes] Failed to download types:  and succeeded types: 
2025-05-21 06:17:14.060: [INFO][Sync] ConfigurationDone, failed: , succeeded: , remaining count: 2
2025-05-21 06:17:14.060: [INFO][SyncManagerImpl::ConfigureSyncer] Types to download:  with reason: 4
2025-05-21 06:17:14.060: [INFO][SyncEngineBackend::DoFinishConfigureDataTypes] Failed to download types:  and succeeded types: 
2025-05-21 06:17:14.060: [INFO][Sync] ConfigurationDone, failed: , succeeded: , remaining count: 1
2025-05-21 06:17:14.062: [INFO][SyncManagerImpl::ConfigureSyncer] Types to download:  with reason: 4
2025-05-21 06:17:14.062: [INFO][SyncEngineBackend::DoFinishConfigureDataTypes] Failed to download types:  and succeeded types: 
2025-05-21 06:17:14.062: [INFO][Sync] ConfigurationDone, failed: , succeeded: , remaining count: 0
2025-05-21 06:17:14.064: [INFO][Sync]     Configuration completed, state: 3
2025-05-21 06:17:14.064: [INFO][Sync] Configured DataTypeManager: Ok
2025-05-21 06:17:14.066: [INFO][SyncEngineBackend::DoStartSyncing] Start syncing
2025-05-21 06:20:18.750: [INFO][Sync] Reset engine, reason: 0
2025-05-21 06:20:18.750: [INFO][Sync] Reset engine with reason: 0
2025-05-21 06:20:50.027: [INFO][Sync] SyncState after authenticated was: FeatureCanStart
2025-05-21 06:20:50.395: [INFO][SyncAuthManager::SetLastAuthError] Current auth error: None
2025-05-21 06:20:50.395: [INFO][SyncAuthManager::EdgeLogTokenErrorState] Token error with: None for account type: AAD
2025-05-21 06:20:50.395: [INFO][Sync] Credentials changed for: EdgeSyncKeyDataScope
2025-05-21 06:20:50.396: [INFO][Sync] Try to start sync engine
2025-05-21 06:20:50.401: [INFO][SyncManagerImpl::NudgeForInitialDownload] Initial download nudge for Encryption Keys
2025-05-21 06:20:50.401: [INFO][SyncEngineBackend::LoadAndConnectNigoriController] Load and connect Nigori controller
2025-05-21 06:20:50.401: [INFO][SyncEngineBackend::DoInitialize] Control Types added: Encryption Keys
2025-05-21 06:20:50.401: [INFO][SyncManagerImpl::ConfigureSyncer] Types to download: Encryption Keys with reason: 3
2025-05-21 06:20:50.401: [INFO][SyncEngineBackend::DoUpdateKeyDataCredentials] Update key data credentials
2025-05-21 06:20:50.401: [INFO][SyncSchedulerImpl::DoConfigurationSyncCycleJob] Configure job was blocked
2025-05-21 06:20:50.443: [INFO][SyncAuthManager::SetLastAuthError] Current auth error: None
2025-05-21 06:20:50.443: [INFO][SyncAuthManager::EdgeLogTokenErrorState] Token error with: None for account type: AAD
2025-05-21 06:20:50.443: [INFO][Sync] Credentials changed for: EdgeSyncScopeNew
2025-05-21 06:20:50.444: [INFO][SyncEngineBackend::DoUpdateCredentials] Update credentials
2025-05-21 06:20:50.444: [INFO][SyncEngineBackend::DoUpdateKeyDataCredentials] Update key data credentials
2025-05-21 06:20:50.444: [INFO][SyncSchedulerImpl::DoConfigurationSyncCycleJob] Blocked types:  and types to download: Encryption Keys
2025-05-21 06:20:53.256: [INFO][Sync] Started DataTypeManager configuration, reason: 4
2025-05-21 06:20:53.256: [INFO][Sync] Configuring for: Bookmarks, Preferences, Passwords, Autofill Profiles, Autofill, Extensions, Sessions, Extension settings, History Delete Directives, Device Info, User Consents, Send Tab To Self, Web Apps, History, Saved Tab Group, Collection, Edge E Drop, Edge Hub App Usage, Edge Tab Group, Edge Wallet, Encryption Keys, reason: 4, current state: 0
2025-05-21 06:20:53.256: [INFO][SyncEngineBackend::DoStartConfiguration] Start configuration
2025-05-21 06:20:53.258: [INFO][Sync] Configure, desired: Bookmarks, Preferences, Passwords, Autofill Profiles, Autofill, Extensions, Sessions, Extension settings, History Delete Directives, Device Info, User Consents, Send Tab To Self, Web Apps, History, Saved Tab Group, Collection, Edge E Drop, Edge Hub App Usage, Edge Tab Group, Edge Wallet, Encryption Keys; Allow fail: 
2025-05-21 06:20:53.258: [INFO][Sync] Loading: Bookmarks
2025-05-21 06:20:53.258: [INFO][Sync] Loading: Preferences
2025-05-21 06:20:53.258: [INFO][Sync] Loading: Passwords
2025-05-21 06:20:53.258: [INFO][Sync] Loading: Autofill Profiles
2025-05-21 06:20:53.258: [INFO][Sync] Loading: Autofill
2025-05-21 06:20:53.258: [INFO][Sync] Loading: Extensions
2025-05-21 06:20:53.258: [INFO][Sync] Loading: Sessions
2025-05-21 06:20:53.258: [INFO][Sync] Loading: Extension settings
2025-05-21 06:20:53.258: [INFO][Sync] Loading: History Delete Directives
2025-05-21 06:20:53.258: [INFO][Sync] Loading: Device Info
2025-05-21 06:20:53.258: [INFO][Sync] Loading: User Consents
2025-05-21 06:20:53.258: [INFO][Sync] Loading: Send Tab To Self
2025-05-21 06:20:53.258: [INFO][Sync] Loading: Web Apps
2025-05-21 06:20:53.258: [INFO][Sync] Loading: History
2025-05-21 06:20:53.258: [INFO][Sync] Loading: Saved Tab Group
2025-05-21 06:20:53.258: [INFO][Sync] Loading: Collection
2025-05-21 06:20:53.258: [INFO][Sync] Loading: Edge E Drop
2025-05-21 06:20:53.258: [INFO][Sync] Loading: Edge Hub App Usage
2025-05-21 06:20:53.258: [INFO][Sync] Loading: Edge Tab Group
2025-05-21 06:20:53.258: [INFO][Sync] Loading: Edge Wallet
2025-05-21 06:20:53.261: [INFO][Sync] All data types are ready for configure.
2025-05-21 06:20:53.262: [INFO][SyncManagerImpl::ConfigureSyncer] Types to download:  with reason: 4
2025-05-21 06:20:53.262: [INFO][SyncEngineBackend::DoFinishConfigureDataTypes] Failed to download types:  and succeeded types: 
2025-05-21 06:20:53.262: [INFO][Sync] ConfigurationDone, failed: , succeeded: , remaining count: 4
2025-05-21 06:20:53.262: [INFO][SyncManagerImpl::ConfigureSyncer] Types to download:  with reason: 4
2025-05-21 06:20:53.262: [INFO][SyncEngineBackend::DoFinishConfigureDataTypes] Failed to download types:  and succeeded types: 
2025-05-21 06:20:53.262: [INFO][Sync] ConfigurationDone, failed: , succeeded: , remaining count: 3
2025-05-21 06:20:53.262: [INFO][SyncManagerImpl::ConfigureSyncer] Types to download:  with reason: 4
2025-05-21 06:20:53.262: [INFO][SyncEngineBackend::DoFinishConfigureDataTypes] Failed to download types:  and succeeded types: 
2025-05-21 06:20:53.262: [INFO][Sync] ConfigurationDone, failed: , succeeded: , remaining count: 2
2025-05-21 06:20:53.262: [INFO][SyncManagerImpl::ConfigureSyncer] Types to download:  with reason: 4
2025-05-21 06:20:53.262: [INFO][SyncEngineBackend::DoFinishConfigureDataTypes] Failed to download types:  and succeeded types: 
2025-05-21 06:20:53.262: [INFO][Sync] ConfigurationDone, failed: , succeeded: , remaining count: 1
2025-05-21 06:20:53.264: [INFO][SyncManagerImpl::ConfigureSyncer] Types to download:  with reason: 4
2025-05-21 06:20:53.264: [INFO][SyncEngineBackend::DoFinishConfigureDataTypes] Failed to download types:  and succeeded types: 
2025-05-21 06:20:53.264: [INFO][Sync] ConfigurationDone, failed: , succeeded: , remaining count: 0
2025-05-21 06:20:53.265: [INFO][Sync]     Configuration completed, state: 3
2025-05-21 06:20:53.265: [INFO][Sync] Configured DataTypeManager: Ok
2025-05-21 06:20:53.267: [INFO][SyncEngineBackend::DoStartSyncing] Start syncing
2025-05-21 06:22:50.345: [INFO][Sync] Reset engine, reason: 0
2025-05-21 06:22:50.345: [INFO][Sync] Reset engine with reason: 0
2025-05-21 12:37:42.792: [INFO][Sync] SyncState after authenticated was: FeatureCanStart
2025-05-21 12:37:43.247: [INFO][Sync] Try to start sync engine
2025-05-21 12:37:43.253: [INFO][SyncManagerImpl::NudgeForInitialDownload] Initial download nudge for Encryption Keys
2025-05-21 12:37:43.253: [INFO][SyncEngineBackend::LoadAndConnectNigoriController] Load and connect Nigori controller
2025-05-21 12:37:43.253: [INFO][SyncEngineBackend::DoInitialize] Control Types added: Encryption Keys
2025-05-21 12:37:43.253: [INFO][SyncManagerImpl::ConfigureSyncer] Types to download: Encryption Keys with reason: 3
2025-05-21 12:37:43.253: [INFO][SyncSchedulerImpl::DoConfigurationSyncCycleJob] Configure job was blocked
2025-05-21 12:37:45.141: [INFO][SyncAuthManager::SetLastAuthError] Current auth error: None
2025-05-21 12:37:45.141: [INFO][SyncAuthManager::EdgeLogTokenErrorState] Token error with: None for account type: AAD
2025-05-21 12:37:45.141: [INFO][Sync] Credentials changed for: EdgeSyncScopeNew
2025-05-21 12:37:45.425: [INFO][SyncAuthManager::SetLastAuthError] Current auth error: None
2025-05-21 12:37:45.425: [INFO][SyncAuthManager::EdgeLogTokenErrorState] Token error with: None for account type: AAD
2025-05-21 12:37:45.425: [INFO][Sync] Credentials changed for: EdgeSyncKeyDataScope
2025-05-21 12:37:45.425: [INFO][SyncEngineBackend::DoUpdateKeyDataCredentials] Update key data credentials
2025-05-21 12:37:45.425: [INFO][SyncEngineBackend::DoUpdateCredentials] Update credentials
2025-05-21 12:37:45.425: [INFO][SyncSchedulerImpl::DoConfigurationSyncCycleJob] Blocked types:  and types to download: Encryption Keys
2025-05-21 12:37:47.167: [INFO][Sync] Started DataTypeManager configuration, reason: 4
2025-05-21 12:37:47.167: [INFO][Sync] Configuring for: Bookmarks, Preferences, Passwords, Autofill Profiles, Autofill, Extensions, Sessions, Extension settings, History Delete Directives, Device Info, User Consents, Send Tab To Self, Web Apps, History, Saved Tab Group, Collection, Edge E Drop, Edge Hub App Usage, Edge Tab Group, Edge Wallet, Encryption Keys, reason: 4, current state: 0
2025-05-21 12:37:47.167: [INFO][SyncEngineBackend::DoStartConfiguration] Start configuration
2025-05-21 12:37:47.169: [INFO][Sync] Configure, desired: Bookmarks, Preferences, Passwords, Autofill Profiles, Autofill, Extensions, Sessions, Extension settings, History Delete Directives, Device Info, User Consents, Send Tab To Self, Web Apps, History, Saved Tab Group, Collection, Edge E Drop, Edge Hub App Usage, Edge Tab Group, Edge Wallet, Encryption Keys; Allow fail: 
2025-05-21 12:37:47.169: [INFO][Sync] Loading: Bookmarks
2025-05-21 12:37:47.169: [INFO][Sync] Loading: Preferences
2025-05-21 12:37:47.169: [INFO][Sync] Loading: Passwords
2025-05-21 12:37:47.169: [INFO][Sync] Loading: Autofill Profiles
2025-05-21 12:37:47.169: [INFO][Sync] Loading: Autofill
2025-05-21 12:37:47.169: [INFO][Sync] Loading: Extensions
2025-05-21 12:37:47.169: [INFO][Sync] Loading: Sessions
2025-05-21 12:37:47.169: [INFO][Sync] Loading: Extension settings
2025-05-21 12:37:47.169: [INFO][Sync] Loading: History Delete Directives
2025-05-21 12:37:47.169: [INFO][Sync] Loading: Device Info
2025-05-21 12:37:47.169: [INFO][Sync] Loading: User Consents
2025-05-21 12:37:47.169: [INFO][Sync] Loading: Send Tab To Self
2025-05-21 12:37:47.169: [INFO][Sync] Loading: Web Apps
2025-05-21 12:37:47.169: [INFO][Sync] Loading: History
2025-05-21 12:37:47.169: [INFO][Sync] Loading: Saved Tab Group
2025-05-21 12:37:47.169: [INFO][Sync] Loading: Collection
2025-05-21 12:37:47.169: [INFO][Sync] Loading: Edge E Drop
2025-05-21 12:37:47.169: [INFO][Sync] Loading: Edge Hub App Usage
2025-05-21 12:37:47.169: [INFO][Sync] Loading: Edge Tab Group
2025-05-21 12:37:47.169: [INFO][Sync] Loading: Edge Wallet
2025-05-21 12:37:47.172: [INFO][Sync] All data types are ready for configure.
2025-05-21 12:37:47.173: [INFO][SyncManagerImpl::ConfigureSyncer] Types to download:  with reason: 4
2025-05-21 12:37:47.173: [INFO][SyncEngineBackend::DoFinishConfigureDataTypes] Failed to download types:  and succeeded types: 
2025-05-21 12:37:47.176: [INFO][Sync] ConfigurationDone, failed: , succeeded: , remaining count: 4
2025-05-21 12:37:47.176: [INFO][SyncManagerImpl::ConfigureSyncer] Types to download:  with reason: 4
2025-05-21 12:37:47.176: [INFO][SyncEngineBackend::DoFinishConfigureDataTypes] Failed to download types:  and succeeded types: 
2025-05-21 12:37:47.176: [INFO][Sync] ConfigurationDone, failed: , succeeded: , remaining count: 3
2025-05-21 12:37:47.176: [INFO][SyncManagerImpl::ConfigureSyncer] Types to download:  with reason: 4
2025-05-21 12:37:47.176: [INFO][SyncEngineBackend::DoFinishConfigureDataTypes] Failed to download types:  and succeeded types: 
2025-05-21 12:37:47.176: [INFO][Sync] ConfigurationDone, failed: , succeeded: , remaining count: 2
2025-05-21 12:37:47.176: [INFO][SyncManagerImpl::ConfigureSyncer] Types to download:  with reason: 4
2025-05-21 12:37:47.176: [INFO][SyncEngineBackend::DoFinishConfigureDataTypes] Failed to download types:  and succeeded types: 
2025-05-21 12:37:47.176: [INFO][Sync] ConfigurationDone, failed: , succeeded: , remaining count: 1
2025-05-21 12:37:47.177: [INFO][SyncManagerImpl::ConfigureSyncer] Types to download:  with reason: 4
2025-05-21 12:37:47.177: [INFO][SyncEngineBackend::DoFinishConfigureDataTypes] Failed to download types:  and succeeded types: 
2025-05-21 12:37:47.177: [INFO][Sync] ConfigurationDone, failed: , succeeded: , remaining count: 0
2025-05-21 12:37:47.179: [INFO][Sync]     Configuration completed, state: 3
2025-05-21 12:37:47.179: [INFO][Sync] Configured DataTypeManager: Ok
2025-05-21 12:37:47.181: [INFO][SyncEngineBackend::DoStartSyncing] Start syncing
2025-05-21 12:49:57.465: [INFO][Sync] Reset engine, reason: 0
2025-05-21 12:49:57.465: [INFO][Sync] Reset engine with reason: 0
2025-05-21 12:50:55.371: [INFO][Sync] SyncState after authenticated was: FeatureCanStart
2025-05-21 12:50:56.468: [INFO][SyncAuthManager::SetLastAuthError] Current auth error: None
2025-05-21 12:50:56.468: [INFO][SyncAuthManager::EdgeLogTokenErrorState] Token error with: None for account type: AAD
2025-05-21 12:50:56.468: [INFO][Sync] Credentials changed for: EdgeSyncKeyDataScope
2025-05-21 12:50:56.469: [INFO][Sync] Try to start sync engine
2025-05-21 12:50:56.511: [INFO][SyncManagerImpl::NudgeForInitialDownload] Initial download nudge for Encryption Keys
2025-05-21 12:50:56.511: [INFO][SyncEngineBackend::LoadAndConnectNigoriController] Load and connect Nigori controller
2025-05-21 12:50:56.511: [INFO][SyncEngineBackend::DoInitialize] Control Types added: Encryption Keys
2025-05-21 12:50:56.511: [INFO][SyncManagerImpl::ConfigureSyncer] Types to download: Encryption Keys with reason: 3
2025-05-21 12:50:56.511: [INFO][SyncEngineBackend::DoUpdateKeyDataCredentials] Update key data credentials
2025-05-21 12:50:56.511: [INFO][SyncSchedulerImpl::DoConfigurationSyncCycleJob] Configure job was blocked
2025-05-21 12:50:56.620: [INFO][SyncAuthManager::SetLastAuthError] Current auth error: None
2025-05-21 12:50:56.620: [INFO][SyncAuthManager::EdgeLogTokenErrorState] Token error with: None for account type: AAD
2025-05-21 12:50:56.620: [INFO][Sync] Credentials changed for: EdgeSyncScopeNew
2025-05-21 12:50:56.621: [INFO][SyncEngineBackend::DoUpdateCredentials] Update credentials
2025-05-21 12:50:56.621: [INFO][SyncSchedulerImpl::DoConfigurationSyncCycleJob] Blocked types:  and types to download: Encryption Keys
2025-05-21 12:51:01.182: [INFO][SyncEngineBackend::DoUpdateKeyDataCredentials] Update key data credentials
2025-05-21 12:51:01.188: [INFO][Sync] Started DataTypeManager configuration, reason: 4
2025-05-21 12:51:01.189: [INFO][Sync] Configuring for: Bookmarks, Preferences, Passwords, Autofill Profiles, Autofill, Extensions, Sessions, Extension settings, History Delete Directives, Device Info, User Consents, Send Tab To Self, Web Apps, History, Saved Tab Group, Collection, Edge E Drop, Edge Hub App Usage, Edge Tab Group, Edge Wallet, Encryption Keys, reason: 4, current state: 0
2025-05-21 12:51:01.189: [INFO][SyncEngineBackend::DoStartConfiguration] Start configuration
2025-05-21 12:51:01.198: [INFO][Sync] Configure, desired: Bookmarks, Preferences, Passwords, Autofill Profiles, Autofill, Extensions, Sessions, Extension settings, History Delete Directives, Device Info, User Consents, Send Tab To Self, Web Apps, History, Saved Tab Group, Collection, Edge E Drop, Edge Hub App Usage, Edge Tab Group, Edge Wallet, Encryption Keys; Allow fail: 
2025-05-21 12:51:01.198: [INFO][Sync] Loading: Bookmarks
2025-05-21 12:51:01.198: [INFO][Sync] Loading: Preferences
2025-05-21 12:51:01.198: [INFO][Sync] Loading: Passwords
2025-05-21 12:51:01.198: [INFO][Sync] Loading: Autofill Profiles
2025-05-21 12:51:01.198: [INFO][Sync] Loading: Autofill
2025-05-21 12:51:01.198: [INFO][Sync] Loading: Extensions
2025-05-21 12:51:01.198: [INFO][Sync] Loading: Sessions
2025-05-21 12:51:01.198: [INFO][Sync] Loading: Extension settings
2025-05-21 12:51:01.198: [INFO][Sync] Loading: History Delete Directives
2025-05-21 12:51:01.199: [INFO][Sync] Loading: Device Info
2025-05-21 12:51:01.199: [INFO][Sync] Loading: User Consents
2025-05-21 12:51:01.199: [INFO][Sync] Loading: Send Tab To Self
2025-05-21 12:51:01.199: [INFO][Sync] Loading: Web Apps
2025-05-21 12:51:01.199: [INFO][Sync] Loading: History
2025-05-21 12:51:01.199: [INFO][Sync] Loading: Saved Tab Group
2025-05-21 12:51:01.199: [INFO][Sync] Loading: Collection
2025-05-21 12:51:01.199: [INFO][Sync] Loading: Edge E Drop
2025-05-21 12:51:01.199: [INFO][Sync] Loading: Edge Hub App Usage
2025-05-21 12:51:01.199: [INFO][Sync] Loading: Edge Tab Group
2025-05-21 12:51:01.199: [INFO][Sync] Loading: Edge Wallet
2025-05-21 12:51:01.215: [INFO][Sync] All data types are ready for configure.
2025-05-21 12:51:01.218: [INFO][SyncManagerImpl::ConfigureSyncer] Types to download:  with reason: 4
2025-05-21 12:51:01.218: [INFO][SyncEngineBackend::DoFinishConfigureDataTypes] Failed to download types:  and succeeded types: 
2025-05-21 12:51:01.218: [INFO][Sync] ConfigurationDone, failed: , succeeded: , remaining count: 4
2025-05-21 12:51:01.218: [INFO][SyncManagerImpl::ConfigureSyncer] Types to download:  with reason: 4
2025-05-21 12:51:01.218: [INFO][SyncEngineBackend::DoFinishConfigureDataTypes] Failed to download types:  and succeeded types: 
2025-05-21 12:51:01.218: [INFO][Sync] ConfigurationDone, failed: , succeeded: , remaining count: 3
2025-05-21 12:51:01.218: [INFO][SyncManagerImpl::ConfigureSyncer] Types to download:  with reason: 4
2025-05-21 12:51:01.218: [INFO][SyncEngineBackend::DoFinishConfigureDataTypes] Failed to download types:  and succeeded types: 
2025-05-21 12:51:01.218: [INFO][Sync] ConfigurationDone, failed: , succeeded: , remaining count: 2
2025-05-21 12:51:01.218: [INFO][SyncManagerImpl::ConfigureSyncer] Types to download:  with reason: 4
2025-05-21 12:51:01.218: [INFO][SyncEngineBackend::DoFinishConfigureDataTypes] Failed to download types:  and succeeded types: 
2025-05-21 12:51:01.218: [INFO][Sync] ConfigurationDone, failed: , succeeded: , remaining count: 1
2025-05-21 12:51:01.221: [INFO][SyncManagerImpl::ConfigureSyncer] Types to download:  with reason: 4
2025-05-21 12:51:01.221: [INFO][SyncEngineBackend::DoFinishConfigureDataTypes] Failed to download types:  and succeeded types: 
2025-05-21 12:51:01.230: [INFO][Sync] ConfigurationDone, failed: , succeeded: , remaining count: 0
2025-05-21 12:51:01.233: [INFO][Sync]     Configuration completed, state: 3
2025-05-21 12:51:01.233: [INFO][Sync] Configured DataTypeManager: Ok
2025-05-21 12:51:01.237: [INFO][SyncEngineBackend::DoStartSyncing] Start syncing
2025-05-23 02:20:02.907: [INFO][Sync] SyncState after authenticated was: FeatureCanStart
2025-05-23 02:20:05.596: [INFO][Sync] Try to start sync engine
2025-05-23 02:20:05.603: [INFO][SyncManagerImpl::NudgeForInitialDownload] Initial download nudge for Encryption Keys
2025-05-23 02:20:05.603: [INFO][SyncEngineBackend::LoadAndConnectNigoriController] Load and connect Nigori controller
2025-05-23 02:20:05.603: [INFO][SyncEngineBackend::DoInitialize] Control Types added: Encryption Keys
2025-05-23 02:20:05.603: [INFO][SyncManagerImpl::ConfigureSyncer] Types to download: Encryption Keys with reason: 3
2025-05-23 02:20:05.603: [INFO][SyncSchedulerImpl::DoConfigurationSyncCycleJob] Configure job was blocked
2025-05-23 02:20:07.059: [INFO][SyncAuthManager::SetLastAuthError] Current auth error: None
2025-05-23 02:20:07.059: [INFO][SyncAuthManager::EdgeLogTokenErrorState] Token error with: None for account type: AAD
2025-05-23 02:20:07.059: [INFO][Sync] Credentials changed for: EdgeSyncKeyDataScope
2025-05-23 02:20:07.059: [INFO][SyncEngineBackend::DoUpdateKeyDataCredentials] Update key data credentials
2025-05-23 02:20:07.230: [INFO][SyncAuthManager::SetLastAuthError] Current auth error: None
2025-05-23 02:20:07.230: [INFO][SyncAuthManager::EdgeLogTokenErrorState] Token error with: None for account type: AAD
2025-05-23 02:20:07.230: [INFO][Sync] Credentials changed for: EdgeSyncScopeNew
2025-05-23 02:20:07.230: [INFO][SyncEngineBackend::DoUpdateCredentials] Update credentials
2025-05-23 02:20:07.230: [INFO][SyncSchedulerImpl::DoConfigurationSyncCycleJob] Blocked types:  and types to download: Encryption Keys
2025-05-23 02:20:09.619: [INFO][SyncEngineBackend::DoUpdateKeyDataCredentials] Update key data credentials
2025-05-23 02:20:09.621: [INFO][Sync] Started DataTypeManager configuration, reason: 4
2025-05-23 02:20:09.621: [INFO][Sync] Configuring for: Bookmarks, Preferences, Passwords, Autofill Profiles, Autofill, Extensions, Sessions, Extension settings, History Delete Directives, Device Info, User Consents, Send Tab To Self, Web Apps, History, Saved Tab Group, Collection, Edge E Drop, Edge Hub App Usage, Edge Tab Group, Edge Wallet, Encryption Keys, reason: 4, current state: 0
2025-05-23 02:20:09.621: [INFO][SyncEngineBackend::DoStartConfiguration] Start configuration
2025-05-23 02:20:09.623: [INFO][Sync] Configure, desired: Bookmarks, Preferences, Passwords, Autofill Profiles, Autofill, Extensions, Sessions, Extension settings, History Delete Directives, Device Info, User Consents, Send Tab To Self, Web Apps, History, Saved Tab Group, Collection, Edge E Drop, Edge Hub App Usage, Edge Tab Group, Edge Wallet, Encryption Keys; Allow fail: 
2025-05-23 02:20:09.623: [INFO][Sync] Loading: Bookmarks
2025-05-23 02:20:09.623: [INFO][Sync] Loading: Preferences
2025-05-23 02:20:09.623: [INFO][Sync] Loading: Passwords
2025-05-23 02:20:09.623: [INFO][Sync] Loading: Autofill Profiles
2025-05-23 02:20:09.623: [INFO][Sync] Loading: Autofill
2025-05-23 02:20:09.623: [INFO][Sync] Loading: Extensions
2025-05-23 02:20:09.623: [INFO][Sync] Loading: Sessions
2025-05-23 02:20:09.623: [INFO][Sync] Loading: Extension settings
2025-05-23 02:20:09.623: [INFO][Sync] Loading: History Delete Directives
2025-05-23 02:20:09.623: [INFO][Sync] Loading: Device Info
2025-05-23 02:20:09.623: [INFO][Sync] Loading: User Consents
2025-05-23 02:20:09.623: [INFO][Sync] Loading: Send Tab To Self
2025-05-23 02:20:09.623: [INFO][Sync] Loading: Web Apps
2025-05-23 02:20:09.623: [INFO][Sync] Loading: History
2025-05-23 02:20:09.623: [INFO][Sync] Loading: Saved Tab Group
2025-05-23 02:20:09.623: [INFO][Sync] Loading: Collection
2025-05-23 02:20:09.623: [INFO][Sync] Loading: Edge E Drop
2025-05-23 02:20:09.623: [INFO][Sync] Loading: Edge Hub App Usage
2025-05-23 02:20:09.623: [INFO][Sync] Loading: Edge Tab Group
2025-05-23 02:20:09.623: [INFO][Sync] Loading: Edge Wallet
2025-05-23 02:20:09.626: [INFO][Sync] All data types are ready for configure.
2025-05-23 02:20:09.626: [INFO][SyncManagerImpl::ConfigureSyncer] Types to download:  with reason: 4
2025-05-23 02:20:09.626: [INFO][SyncEngineBackend::DoFinishConfigureDataTypes] Failed to download types:  and succeeded types: 
2025-05-23 02:20:09.626: [INFO][Sync] ConfigurationDone, failed: , succeeded: , remaining count: 4
2025-05-23 02:20:09.626: [INFO][SyncManagerImpl::ConfigureSyncer] Types to download:  with reason: 4
2025-05-23 02:20:09.626: [INFO][SyncEngineBackend::DoFinishConfigureDataTypes] Failed to download types:  and succeeded types: 
2025-05-23 02:20:09.626: [INFO][Sync] ConfigurationDone, failed: , succeeded: , remaining count: 3
2025-05-23 02:20:09.627: [INFO][SyncManagerImpl::ConfigureSyncer] Types to download:  with reason: 4
2025-05-23 02:20:09.627: [INFO][SyncEngineBackend::DoFinishConfigureDataTypes] Failed to download types:  and succeeded types: 
2025-05-23 02:20:09.627: [INFO][Sync] ConfigurationDone, failed: , succeeded: , remaining count: 2
2025-05-23 02:20:09.627: [INFO][SyncManagerImpl::ConfigureSyncer] Types to download:  with reason: 4
2025-05-23 02:20:09.627: [INFO][SyncEngineBackend::DoFinishConfigureDataTypes] Failed to download types:  and succeeded types: 
2025-05-23 02:20:09.627: [INFO][Sync] ConfigurationDone, failed: , succeeded: , remaining count: 1
2025-05-23 02:20:09.628: [INFO][SyncManagerImpl::ConfigureSyncer] Types to download:  with reason: 4
2025-05-23 02:20:09.628: [INFO][SyncEngineBackend::DoFinishConfigureDataTypes] Failed to download types:  and succeeded types: 
2025-05-23 02:20:09.628: [INFO][Sync] ConfigurationDone, failed: , succeeded: , remaining count: 0
2025-05-23 02:20:09.630: [INFO][Sync]     Configuration completed, state: 3
2025-05-23 02:20:09.630: [INFO][Sync] Configured DataTypeManager: Ok
2025-05-23 02:20:09.632: [INFO][SyncEngineBackend::DoStartSyncing] Start syncing
2025-05-23 02:29:58.413: [INFO][Sync] Reset engine, reason: 0
2025-05-23 02:29:58.413: [INFO][Sync] Reset engine with reason: 0
2025-05-23 02:30:22.340: [INFO][Sync] SyncState after authenticated was: FeatureCanStart
2025-05-23 02:30:22.700: [INFO][Sync] Try to start sync engine
2025-05-23 02:30:22.709: [INFO][SyncManagerImpl::NudgeForInitialDownload] Initial download nudge for Encryption Keys
2025-05-23 02:30:22.709: [INFO][SyncEngineBackend::LoadAndConnectNigoriController] Load and connect Nigori controller
2025-05-23 02:30:22.709: [INFO][SyncEngineBackend::DoInitialize] Control Types added: Encryption Keys
2025-05-23 02:30:22.709: [INFO][SyncManagerImpl::ConfigureSyncer] Types to download: Encryption Keys with reason: 3
2025-05-23 02:30:22.709: [INFO][SyncSchedulerImpl::DoConfigurationSyncCycleJob] Configure job was blocked
2025-05-23 02:30:22.754: [INFO][SyncAuthManager::SetLastAuthError] Current auth error: None
2025-05-23 02:30:22.754: [INFO][SyncAuthManager::EdgeLogTokenErrorState] Token error with: None for account type: AAD
2025-05-23 02:30:22.754: [INFO][Sync] Credentials changed for: EdgeSyncKeyDataScope
2025-05-23 02:30:22.754: [INFO][SyncEngineBackend::DoUpdateKeyDataCredentials] Update key data credentials
2025-05-23 02:30:22.799: [INFO][SyncAuthManager::SetLastAuthError] Current auth error: None
2025-05-23 02:30:22.799: [INFO][SyncAuthManager::EdgeLogTokenErrorState] Token error with: None for account type: AAD
2025-05-23 02:30:22.799: [INFO][Sync] Credentials changed for: EdgeSyncScopeNew
2025-05-23 02:30:22.799: [INFO][SyncEngineBackend::DoUpdateCredentials] Update credentials
2025-05-23 02:30:22.800: [INFO][SyncSchedulerImpl::DoConfigurationSyncCycleJob] Blocked types:  and types to download: Encryption Keys
2025-05-23 02:30:25.807: [INFO][SyncEngineBackend::DoUpdateKeyDataCredentials] Update key data credentials
2025-05-23 02:30:25.809: [INFO][Sync] Started DataTypeManager configuration, reason: 4
2025-05-23 02:30:25.809: [INFO][Sync] Configuring for: Bookmarks, Preferences, Passwords, Autofill Profiles, Autofill, Extensions, Sessions, Extension settings, History Delete Directives, Device Info, User Consents, Send Tab To Self, Web Apps, History, Saved Tab Group, Collection, Edge E Drop, Edge Hub App Usage, Edge Tab Group, Edge Wallet, Encryption Keys, reason: 4, current state: 0
2025-05-23 02:30:25.809: [INFO][SyncEngineBackend::DoStartConfiguration] Start configuration
2025-05-23 02:30:25.810: [INFO][Sync] Configure, desired: Bookmarks, Preferences, Passwords, Autofill Profiles, Autofill, Extensions, Sessions, Extension settings, History Delete Directives, Device Info, User Consents, Send Tab To Self, Web Apps, History, Saved Tab Group, Collection, Edge E Drop, Edge Hub App Usage, Edge Tab Group, Edge Wallet, Encryption Keys; Allow fail: 
2025-05-23 02:30:25.810: [INFO][Sync] Loading: Bookmarks
2025-05-23 02:30:25.810: [INFO][Sync] Loading: Preferences
2025-05-23 02:30:25.810: [INFO][Sync] Loading: Passwords
2025-05-23 02:30:25.810: [INFO][Sync] Loading: Autofill Profiles
2025-05-23 02:30:25.810: [INFO][Sync] Loading: Autofill
2025-05-23 02:30:25.811: [INFO][Sync] Loading: Extensions
2025-05-23 02:30:25.811: [INFO][Sync] Loading: Sessions
2025-05-23 02:30:25.811: [INFO][Sync] Loading: Extension settings
2025-05-23 02:30:25.811: [INFO][Sync] Loading: History Delete Directives
2025-05-23 02:30:25.811: [INFO][Sync] Loading: Device Info
2025-05-23 02:30:25.811: [INFO][Sync] Loading: User Consents
2025-05-23 02:30:25.811: [INFO][Sync] Loading: Send Tab To Self
2025-05-23 02:30:25.811: [INFO][Sync] Loading: Web Apps
2025-05-23 02:30:25.811: [INFO][Sync] Loading: History
2025-05-23 02:30:25.811: [INFO][Sync] Loading: Saved Tab Group
2025-05-23 02:30:25.811: [INFO][Sync] Loading: Collection
2025-05-23 02:30:25.811: [INFO][Sync] Loading: Edge E Drop
2025-05-23 02:30:25.811: [INFO][Sync] Loading: Edge Hub App Usage
2025-05-23 02:30:25.811: [INFO][Sync] Loading: Edge Tab Group
2025-05-23 02:30:25.811: [INFO][Sync] Loading: Edge Wallet
2025-05-23 02:30:25.812: [INFO][Sync] All data types are ready for configure.
2025-05-23 02:30:25.813: [INFO][SyncManagerImpl::ConfigureSyncer] Types to download:  with reason: 4
2025-05-23 02:30:25.813: [INFO][SyncEngineBackend::DoFinishConfigureDataTypes] Failed to download types:  and succeeded types: 
2025-05-23 02:30:25.813: [INFO][Sync] ConfigurationDone, failed: , succeeded: , remaining count: 4
2025-05-23 02:30:25.813: [INFO][SyncManagerImpl::ConfigureSyncer] Types to download:  with reason: 4
2025-05-23 02:30:25.813: [INFO][SyncEngineBackend::DoFinishConfigureDataTypes] Failed to download types:  and succeeded types: 
2025-05-23 02:30:25.813: [INFO][Sync] ConfigurationDone, failed: , succeeded: , remaining count: 3
2025-05-23 02:30:25.813: [INFO][SyncManagerImpl::ConfigureSyncer] Types to download:  with reason: 4
2025-05-23 02:30:25.813: [INFO][SyncEngineBackend::DoFinishConfigureDataTypes] Failed to download types:  and succeeded types: 
2025-05-23 02:30:25.813: [INFO][Sync] ConfigurationDone, failed: , succeeded: , remaining count: 2
2025-05-23 02:30:25.813: [INFO][SyncManagerImpl::ConfigureSyncer] Types to download:  with reason: 4
2025-05-23 02:30:25.813: [INFO][SyncEngineBackend::DoFinishConfigureDataTypes] Failed to download types:  and succeeded types: 
2025-05-23 02:30:25.813: [INFO][Sync] ConfigurationDone, failed: , succeeded: , remaining count: 1
2025-05-23 02:30:25.815: [INFO][SyncManagerImpl::ConfigureSyncer] Types to download:  with reason: 4
2025-05-23 02:30:25.815: [INFO][SyncEngineBackend::DoFinishConfigureDataTypes] Failed to download types:  and succeeded types: 
2025-05-23 02:30:25.815: [INFO][Sync] ConfigurationDone, failed: , succeeded: , remaining count: 0
2025-05-23 02:30:25.816: [INFO][Sync]     Configuration completed, state: 3
2025-05-23 02:30:25.816: [INFO][Sync] Configured DataTypeManager: Ok
2025-05-23 02:30:25.820: [INFO][SyncEngineBackend::DoStartSyncing] Start syncing
2025-05-23 02:31:48.827: [INFO][Sync] Reset engine, reason: 0
2025-05-23 02:31:48.827: [INFO][Sync] Reset engine with reason: 0
2025-05-23 02:32:11.323: [INFO][Sync] SyncState after authenticated was: FeatureCanStart
2025-05-23 02:32:11.668: [INFO][Sync] Try to start sync engine
2025-05-23 02:32:11.669: [INFO][SyncManagerImpl::NudgeForInitialDownload] Initial download nudge for Encryption Keys
2025-05-23 02:32:11.669: [INFO][SyncEngineBackend::LoadAndConnectNigoriController] Load and connect Nigori controller
2025-05-23 02:32:11.670: [INFO][SyncEngineBackend::DoInitialize] Control Types added: Encryption Keys
2025-05-23 02:32:11.670: [INFO][SyncManagerImpl::ConfigureSyncer] Types to download: Encryption Keys with reason: 3
2025-05-23 02:32:11.670: [INFO][SyncSchedulerImpl::DoConfigurationSyncCycleJob] Configure job was blocked
2025-05-23 02:32:11.677: [INFO][SyncAuthManager::SetLastAuthError] Current auth error: None
2025-05-23 02:32:11.677: [INFO][SyncAuthManager::EdgeLogTokenErrorState] Token error with: None for account type: AAD
2025-05-23 02:32:11.677: [INFO][Sync] Credentials changed for: EdgeSyncKeyDataScope
2025-05-23 02:32:11.677: [INFO][SyncEngineBackend::DoUpdateKeyDataCredentials] Update key data credentials
2025-05-23 02:32:11.726: [INFO][SyncAuthManager::SetLastAuthError] Current auth error: None
2025-05-23 02:32:11.726: [INFO][SyncAuthManager::EdgeLogTokenErrorState] Token error with: None for account type: AAD
2025-05-23 02:32:11.726: [INFO][Sync] Credentials changed for: EdgeSyncScopeNew
2025-05-23 02:32:11.726: [INFO][SyncEngineBackend::DoUpdateCredentials] Update credentials
2025-05-23 02:32:11.726: [INFO][SyncSchedulerImpl::DoConfigurationSyncCycleJob] Blocked types:  and types to download: Encryption Keys
2025-05-23 02:32:13.154: [INFO][SyncEngineBackend::DoUpdateKeyDataCredentials] Update key data credentials
2025-05-23 02:32:13.156: [INFO][Sync] Started DataTypeManager configuration, reason: 4
2025-05-23 02:32:13.156: [INFO][Sync] Configuring for: Bookmarks, Preferences, Passwords, Autofill Profiles, Autofill, Extensions, Sessions, Extension settings, History Delete Directives, Device Info, User Consents, Send Tab To Self, Web Apps, History, Saved Tab Group, Collection, Edge E Drop, Edge Hub App Usage, Edge Tab Group, Edge Wallet, Encryption Keys, reason: 4, current state: 0
2025-05-23 02:32:13.156: [INFO][SyncEngineBackend::DoStartConfiguration] Start configuration
2025-05-23 02:32:13.158: [INFO][Sync] Configure, desired: Bookmarks, Preferences, Passwords, Autofill Profiles, Autofill, Extensions, Sessions, Extension settings, History Delete Directives, Device Info, User Consents, Send Tab To Self, Web Apps, History, Saved Tab Group, Collection, Edge E Drop, Edge Hub App Usage, Edge Tab Group, Edge Wallet, Encryption Keys; Allow fail: 
2025-05-23 02:32:13.158: [INFO][Sync] Loading: Bookmarks
2025-05-23 02:32:13.158: [INFO][Sync] Loading: Preferences
2025-05-23 02:32:13.158: [INFO][Sync] Loading: Passwords
2025-05-23 02:32:13.158: [INFO][Sync] Loading: Autofill Profiles
2025-05-23 02:32:13.158: [INFO][Sync] Loading: Autofill
2025-05-23 02:32:13.158: [INFO][Sync] Loading: Extensions
2025-05-23 02:32:13.158: [INFO][Sync] Loading: Sessions
2025-05-23 02:32:13.158: [INFO][Sync] Loading: Extension settings
2025-05-23 02:32:13.158: [INFO][Sync] Loading: History Delete Directives
2025-05-23 02:32:13.159: [INFO][Sync] Loading: Device Info
2025-05-23 02:32:13.159: [INFO][Sync] Loading: User Consents
2025-05-23 02:32:13.159: [INFO][Sync] Loading: Send Tab To Self
2025-05-23 02:32:13.159: [INFO][Sync] Loading: Web Apps
2025-05-23 02:32:13.159: [INFO][Sync] Loading: History
2025-05-23 02:32:13.159: [INFO][Sync] Loading: Saved Tab Group
2025-05-23 02:32:13.159: [INFO][Sync] Loading: Collection
2025-05-23 02:32:13.159: [INFO][Sync] Loading: Edge E Drop
2025-05-23 02:32:13.159: [INFO][Sync] Loading: Edge Hub App Usage
2025-05-23 02:32:13.159: [INFO][Sync] Loading: Edge Tab Group
2025-05-23 02:32:13.159: [INFO][Sync] Loading: Edge Wallet
2025-05-23 02:32:13.161: [INFO][Sync] All data types are ready for configure.
2025-05-23 02:32:13.162: [INFO][SyncManagerImpl::ConfigureSyncer] Types to download:  with reason: 4
2025-05-23 02:32:13.162: [INFO][SyncEngineBackend::DoFinishConfigureDataTypes] Failed to download types:  and succeeded types: 
2025-05-23 02:32:13.162: [INFO][Sync] ConfigurationDone, failed: , succeeded: , remaining count: 4
2025-05-23 02:32:13.162: [INFO][SyncManagerImpl::ConfigureSyncer] Types to download:  with reason: 4
2025-05-23 02:32:13.162: [INFO][SyncEngineBackend::DoFinishConfigureDataTypes] Failed to download types:  and succeeded types: 
2025-05-23 02:32:13.162: [INFO][Sync] ConfigurationDone, failed: , succeeded: , remaining count: 3
2025-05-23 02:32:13.162: [INFO][SyncManagerImpl::ConfigureSyncer] Types to download:  with reason: 4
2025-05-23 02:32:13.162: [INFO][SyncEngineBackend::DoFinishConfigureDataTypes] Failed to download types:  and succeeded types: 
2025-05-23 02:32:13.162: [INFO][Sync] ConfigurationDone, failed: , succeeded: , remaining count: 2
2025-05-23 02:32:13.162: [INFO][SyncManagerImpl::ConfigureSyncer] Types to download:  with reason: 4
2025-05-23 02:32:13.162: [INFO][SyncEngineBackend::DoFinishConfigureDataTypes] Failed to download types:  and succeeded types: 
2025-05-23 02:32:13.162: [INFO][Sync] ConfigurationDone, failed: , succeeded: , remaining count: 1
2025-05-23 02:32:13.164: [INFO][SyncManagerImpl::ConfigureSyncer] Types to download:  with reason: 4
2025-05-23 02:32:13.164: [INFO][SyncEngineBackend::DoFinishConfigureDataTypes] Failed to download types:  and succeeded types: 
2025-05-23 02:32:13.164: [INFO][Sync] ConfigurationDone, failed: , succeeded: , remaining count: 0
2025-05-23 02:32:13.165: [INFO][Sync]     Configuration completed, state: 3
2025-05-23 02:32:13.166: [INFO][Sync] Configured DataTypeManager: Ok
2025-05-23 02:32:13.167: [INFO][SyncEngineBackend::DoStartSyncing] Start syncing
2025-05-23 02:36:00.078: [INFO][Sync] Reset engine, reason: 0
2025-05-23 02:36:00.078: [INFO][Sync] Reset engine with reason: 0
2025-05-23 02:36:23.222: [INFO][Sync] SyncState after authenticated was: FeatureCanStart
2025-05-23 02:36:23.570: [INFO][Sync] Try to start sync engine
2025-05-23 02:36:23.575: [INFO][SyncManagerImpl::NudgeForInitialDownload] Initial download nudge for Encryption Keys
2025-05-23 02:36:23.575: [INFO][SyncEngineBackend::LoadAndConnectNigoriController] Load and connect Nigori controller
2025-05-23 02:36:23.575: [INFO][SyncEngineBackend::DoInitialize] Control Types added: Encryption Keys
2025-05-23 02:36:23.575: [INFO][SyncManagerImpl::ConfigureSyncer] Types to download: Encryption Keys with reason: 3
2025-05-23 02:36:23.575: [INFO][SyncSchedulerImpl::DoConfigurationSyncCycleJob] Configure job was blocked
2025-05-23 02:36:23.636: [INFO][SyncAuthManager::SetLastAuthError] Current auth error: None
2025-05-23 02:36:23.636: [INFO][SyncAuthManager::EdgeLogTokenErrorState] Token error with: None for account type: AAD
2025-05-23 02:36:23.636: [INFO][Sync] Credentials changed for: EdgeSyncKeyDataScope
2025-05-23 02:36:23.636: [INFO][SyncEngineBackend::DoUpdateKeyDataCredentials] Update key data credentials
2025-05-23 02:36:23.651: [INFO][SyncAuthManager::SetLastAuthError] Current auth error: None
2025-05-23 02:36:23.651: [INFO][SyncAuthManager::EdgeLogTokenErrorState] Token error with: None for account type: AAD
2025-05-23 02:36:23.651: [INFO][Sync] Credentials changed for: EdgeSyncScopeNew
2025-05-23 02:36:23.651: [INFO][SyncEngineBackend::DoUpdateCredentials] Update credentials
2025-05-23 02:36:23.651: [INFO][SyncSchedulerImpl::DoConfigurationSyncCycleJob] Blocked types:  and types to download: Encryption Keys
2025-05-23 02:36:25.096: [INFO][SyncEngineBackend::DoUpdateKeyDataCredentials] Update key data credentials
2025-05-23 02:36:25.099: [INFO][Sync] Started DataTypeManager configuration, reason: 4
2025-05-23 02:36:25.099: [INFO][Sync] Configuring for: Bookmarks, Preferences, Passwords, Autofill Profiles, Autofill, Extensions, Sessions, Extension settings, History Delete Directives, Device Info, User Consents, Send Tab To Self, Web Apps, History, Saved Tab Group, Collection, Edge E Drop, Edge Hub App Usage, Edge Tab Group, Edge Wallet, Encryption Keys, reason: 4, current state: 0
2025-05-23 02:36:25.099: [INFO][SyncEngineBackend::DoStartConfiguration] Start configuration
2025-05-23 02:36:25.100: [INFO][Sync] Configure, desired: Bookmarks, Preferences, Passwords, Autofill Profiles, Autofill, Extensions, Sessions, Extension settings, History Delete Directives, Device Info, User Consents, Send Tab To Self, Web Apps, History, Saved Tab Group, Collection, Edge E Drop, Edge Hub App Usage, Edge Tab Group, Edge Wallet, Encryption Keys; Allow fail: 
2025-05-23 02:36:25.100: [INFO][Sync] Loading: Bookmarks
2025-05-23 02:36:25.101: [INFO][Sync] Loading: Preferences
2025-05-23 02:36:25.101: [INFO][Sync] Loading: Passwords
2025-05-23 02:36:25.101: [INFO][Sync] Loading: Autofill Profiles
2025-05-23 02:36:25.101: [INFO][Sync] Loading: Autofill
2025-05-23 02:36:25.101: [INFO][Sync] Loading: Extensions
2025-05-23 02:36:25.101: [INFO][Sync] Loading: Sessions
2025-05-23 02:36:25.101: [INFO][Sync] Loading: Extension settings
2025-05-23 02:36:25.101: [INFO][Sync] Loading: History Delete Directives
2025-05-23 02:36:25.101: [INFO][Sync] Loading: Device Info
2025-05-23 02:36:25.101: [INFO][Sync] Loading: User Consents
2025-05-23 02:36:25.101: [INFO][Sync] Loading: Send Tab To Self
2025-05-23 02:36:25.101: [INFO][Sync] Loading: Web Apps
2025-05-23 02:36:25.101: [INFO][Sync] Loading: History
2025-05-23 02:36:25.101: [INFO][Sync] Loading: Saved Tab Group
2025-05-23 02:36:25.101: [INFO][Sync] Loading: Collection
2025-05-23 02:36:25.101: [INFO][Sync] Loading: Edge E Drop
2025-05-23 02:36:25.101: [INFO][Sync] Loading: Edge Hub App Usage
2025-05-23 02:36:25.101: [INFO][Sync] Loading: Edge Tab Group
2025-05-23 02:36:25.101: [INFO][Sync] Loading: Edge Wallet
2025-05-23 02:36:25.104: [INFO][Sync] All data types are ready for configure.
2025-05-23 02:36:25.104: [INFO][SyncManagerImpl::ConfigureSyncer] Types to download:  with reason: 4
2025-05-23 02:36:25.104: [INFO][SyncEngineBackend::DoFinishConfigureDataTypes] Failed to download types:  and succeeded types: 
2025-05-23 02:36:25.104: [INFO][Sync] ConfigurationDone, failed: , succeeded: , remaining count: 4
2025-05-23 02:36:25.104: [INFO][SyncManagerImpl::ConfigureSyncer] Types to download:  with reason: 4
2025-05-23 02:36:25.104: [INFO][SyncEngineBackend::DoFinishConfigureDataTypes] Failed to download types:  and succeeded types: 
2025-05-23 02:36:25.104: [INFO][Sync] ConfigurationDone, failed: , succeeded: , remaining count: 3
2025-05-23 02:36:25.104: [INFO][SyncManagerImpl::ConfigureSyncer] Types to download:  with reason: 4
2025-05-23 02:36:25.104: [INFO][SyncEngineBackend::DoFinishConfigureDataTypes] Failed to download types:  and succeeded types: 
2025-05-23 02:36:25.104: [INFO][Sync] ConfigurationDone, failed: , succeeded: , remaining count: 2
2025-05-23 02:36:25.105: [INFO][SyncManagerImpl::ConfigureSyncer] Types to download:  with reason: 4
2025-05-23 02:36:25.105: [INFO][SyncEngineBackend::DoFinishConfigureDataTypes] Failed to download types:  and succeeded types: 
2025-05-23 02:36:25.105: [INFO][Sync] ConfigurationDone, failed: , succeeded: , remaining count: 1
2025-05-23 02:36:25.106: [INFO][SyncManagerImpl::ConfigureSyncer] Types to download:  with reason: 4
2025-05-23 02:36:25.106: [INFO][SyncEngineBackend::DoFinishConfigureDataTypes] Failed to download types:  and succeeded types: 
2025-05-23 02:36:25.106: [INFO][Sync] ConfigurationDone, failed: , succeeded: , remaining count: 0
2025-05-23 02:36:25.108: [INFO][Sync]     Configuration completed, state: 3
2025-05-23 02:36:25.108: [INFO][Sync] Configured DataTypeManager: Ok
2025-05-23 02:36:25.111: [INFO][SyncEngineBackend::DoStartSyncing] Start syncing
2025-05-23 02:38:55.714: [INFO][Sync] Reset engine, reason: 0
2025-05-23 02:38:55.714: [INFO][Sync] Reset engine with reason: 0
2025-05-23 02:39:19.298: [INFO][Sync] SyncState after authenticated was: FeatureCanStart
2025-05-23 02:39:19.670: [INFO][SyncAuthManager::SetLastAuthError] Current auth error: None
2025-05-23 02:39:19.670: [INFO][SyncAuthManager::EdgeLogTokenErrorState] Token error with: None for account type: AAD
2025-05-23 02:39:19.670: [INFO][Sync] Credentials changed for: EdgeSyncKeyDataScope
2025-05-23 02:39:19.670: [INFO][Sync] Try to start sync engine
2025-05-23 02:39:19.682: [INFO][SyncManagerImpl::NudgeForInitialDownload] Initial download nudge for Encryption Keys
2025-05-23 02:39:19.682: [INFO][SyncEngineBackend::LoadAndConnectNigoriController] Load and connect Nigori controller
2025-05-23 02:39:19.682: [INFO][SyncEngineBackend::DoInitialize] Control Types added: Encryption Keys
2025-05-23 02:39:19.682: [INFO][SyncManagerImpl::ConfigureSyncer] Types to download: Encryption Keys with reason: 3
2025-05-23 02:39:19.682: [INFO][SyncEngineBackend::DoUpdateKeyDataCredentials] Update key data credentials
2025-05-23 02:39:19.682: [INFO][SyncSchedulerImpl::DoConfigurationSyncCycleJob] Configure job was blocked
2025-05-23 02:39:19.728: [INFO][SyncAuthManager::SetLastAuthError] Current auth error: None
2025-05-23 02:39:19.728: [INFO][SyncAuthManager::EdgeLogTokenErrorState] Token error with: None for account type: AAD
2025-05-23 02:39:19.728: [INFO][Sync] Credentials changed for: EdgeSyncScopeNew
2025-05-23 02:39:19.728: [INFO][SyncEngineBackend::DoUpdateCredentials] Update credentials
2025-05-23 02:39:19.728: [INFO][SyncSchedulerImpl::DoConfigurationSyncCycleJob] Blocked types:  and types to download: Encryption Keys
2025-05-23 02:39:20.910: [INFO][SyncEngineBackend::DoUpdateKeyDataCredentials] Update key data credentials
2025-05-23 02:39:20.912: [INFO][Sync] Started DataTypeManager configuration, reason: 4
2025-05-23 02:39:20.912: [INFO][Sync] Configuring for: Bookmarks, Preferences, Passwords, Autofill Profiles, Autofill, Extensions, Sessions, Extension settings, History Delete Directives, Device Info, User Consents, Send Tab To Self, Web Apps, History, Saved Tab Group, Collection, Edge E Drop, Edge Hub App Usage, Edge Tab Group, Edge Wallet, Encryption Keys, reason: 4, current state: 0
2025-05-23 02:39:20.912: [INFO][SyncEngineBackend::DoStartConfiguration] Start configuration
2025-05-23 02:39:20.913: [INFO][Sync] Configure, desired: Bookmarks, Preferences, Passwords, Autofill Profiles, Autofill, Extensions, Sessions, Extension settings, History Delete Directives, Device Info, User Consents, Send Tab To Self, Web Apps, History, Saved Tab Group, Collection, Edge E Drop, Edge Hub App Usage, Edge Tab Group, Edge Wallet, Encryption Keys; Allow fail: 
2025-05-23 02:39:20.913: [INFO][Sync] Loading: Bookmarks
2025-05-23 02:39:20.913: [INFO][Sync] Loading: Preferences
2025-05-23 02:39:20.913: [INFO][Sync] Loading: Passwords
2025-05-23 02:39:20.913: [INFO][Sync] Loading: Autofill Profiles
2025-05-23 02:39:20.913: [INFO][Sync] Loading: Autofill
2025-05-23 02:39:20.913: [INFO][Sync] Loading: Extensions
2025-05-23 02:39:20.913: [INFO][Sync] Loading: Sessions
2025-05-23 02:39:20.913: [INFO][Sync] Loading: Extension settings
2025-05-23 02:39:20.913: [INFO][Sync] Loading: History Delete Directives
2025-05-23 02:39:20.913: [INFO][Sync] Loading: Device Info
2025-05-23 02:39:20.913: [INFO][Sync] Loading: User Consents
2025-05-23 02:39:20.913: [INFO][Sync] Loading: Send Tab To Self
2025-05-23 02:39:20.913: [INFO][Sync] Loading: Web Apps
2025-05-23 02:39:20.913: [INFO][Sync] Loading: History
2025-05-23 02:39:20.913: [INFO][Sync] Loading: Saved Tab Group
2025-05-23 02:39:20.913: [INFO][Sync] Loading: Collection
2025-05-23 02:39:20.913: [INFO][Sync] Loading: Edge E Drop
2025-05-23 02:39:20.913: [INFO][Sync] Loading: Edge Hub App Usage
2025-05-23 02:39:20.913: [INFO][Sync] Loading: Edge Tab Group
2025-05-23 02:39:20.913: [INFO][Sync] Loading: Edge Wallet
2025-05-23 02:39:20.915: [INFO][Sync] All data types are ready for configure.
2025-05-23 02:39:20.916: [INFO][SyncManagerImpl::ConfigureSyncer] Types to download:  with reason: 4
2025-05-23 02:39:20.916: [INFO][SyncEngineBackend::DoFinishConfigureDataTypes] Failed to download types:  and succeeded types: 
2025-05-23 02:39:20.916: [INFO][Sync] ConfigurationDone, failed: , succeeded: , remaining count: 4
2025-05-23 02:39:20.916: [INFO][SyncManagerImpl::ConfigureSyncer] Types to download:  with reason: 4
2025-05-23 02:39:20.916: [INFO][SyncEngineBackend::DoFinishConfigureDataTypes] Failed to download types:  and succeeded types: 
2025-05-23 02:39:20.916: [INFO][Sync] ConfigurationDone, failed: , succeeded: , remaining count: 3
2025-05-23 02:39:20.916: [INFO][SyncManagerImpl::ConfigureSyncer] Types to download:  with reason: 4
2025-05-23 02:39:20.916: [INFO][SyncEngineBackend::DoFinishConfigureDataTypes] Failed to download types:  and succeeded types: 
2025-05-23 02:39:20.916: [INFO][Sync] ConfigurationDone, failed: , succeeded: , remaining count: 2
2025-05-23 02:39:20.916: [INFO][SyncManagerImpl::ConfigureSyncer] Types to download:  with reason: 4
2025-05-23 02:39:20.916: [INFO][SyncEngineBackend::DoFinishConfigureDataTypes] Failed to download types:  and succeeded types: 
2025-05-23 02:39:20.916: [INFO][Sync] ConfigurationDone, failed: , succeeded: , remaining count: 1
2025-05-23 02:39:20.918: [INFO][SyncManagerImpl::ConfigureSyncer] Types to download:  with reason: 4
2025-05-23 02:39:20.918: [INFO][SyncEngineBackend::DoFinishConfigureDataTypes] Failed to download types:  and succeeded types: 
2025-05-23 02:39:20.918: [INFO][Sync] ConfigurationDone, failed: , succeeded: , remaining count: 0
2025-05-23 02:39:20.919: [INFO][Sync]     Configuration completed, state: 3
2025-05-23 02:39:20.919: [INFO][Sync] Configured DataTypeManager: Ok
2025-05-23 02:39:20.921: [INFO][SyncEngineBackend::DoStartSyncing] Start syncing
2025-05-23 02:40:24.473: [INFO][Sync] Reset engine, reason: 0
2025-05-23 02:40:24.473: [INFO][Sync] Reset engine with reason: 0
2025-05-23 02:42:34.426: [INFO][Sync] SyncState after authenticated was: FeatureCanStart
2025-05-23 02:42:34.755: [INFO][SyncAuthManager::SetLastAuthError] Current auth error: None
2025-05-23 02:42:34.755: [INFO][SyncAuthManager::EdgeLogTokenErrorState] Token error with: None for account type: AAD
2025-05-23 02:42:34.755: [INFO][Sync] Credentials changed for: EdgeSyncKeyDataScope
2025-05-23 02:42:34.756: [INFO][Sync] Try to start sync engine
2025-05-23 02:42:34.760: [INFO][SyncManagerImpl::NudgeForInitialDownload] Initial download nudge for Encryption Keys
2025-05-23 02:42:34.760: [INFO][SyncEngineBackend::LoadAndConnectNigoriController] Load and connect Nigori controller
2025-05-23 02:42:34.760: [INFO][SyncEngineBackend::DoInitialize] Control Types added: Encryption Keys
2025-05-23 02:42:34.760: [INFO][SyncManagerImpl::ConfigureSyncer] Types to download: Encryption Keys with reason: 3
2025-05-23 02:42:34.760: [INFO][SyncEngineBackend::DoUpdateKeyDataCredentials] Update key data credentials
2025-05-23 02:42:34.760: [INFO][SyncSchedulerImpl::DoConfigurationSyncCycleJob] Configure job was blocked
2025-05-23 02:42:34.807: [INFO][SyncAuthManager::SetLastAuthError] Current auth error: None
2025-05-23 02:42:34.807: [INFO][SyncAuthManager::EdgeLogTokenErrorState] Token error with: None for account type: AAD
2025-05-23 02:42:34.807: [INFO][Sync] Credentials changed for: EdgeSyncScopeNew
2025-05-23 02:42:34.807: [INFO][SyncEngineBackend::DoUpdateCredentials] Update credentials
2025-05-23 02:42:34.807: [INFO][SyncSchedulerImpl::DoConfigurationSyncCycleJob] Blocked types:  and types to download: Encryption Keys
2025-05-23 02:42:36.400: [INFO][SyncEngineBackend::DoUpdateKeyDataCredentials] Update key data credentials
2025-05-23 02:42:36.403: [INFO][Sync] Started DataTypeManager configuration, reason: 4
2025-05-23 02:42:36.403: [INFO][Sync] Configuring for: Bookmarks, Preferences, Passwords, Autofill Profiles, Autofill, Extensions, Sessions, Extension settings, History Delete Directives, Device Info, User Consents, Send Tab To Self, Web Apps, History, Saved Tab Group, Collection, Edge E Drop, Edge Hub App Usage, Edge Tab Group, Edge Wallet, Encryption Keys, reason: 4, current state: 0
2025-05-23 02:42:36.403: [INFO][SyncEngineBackend::DoStartConfiguration] Start configuration
2025-05-23 02:42:36.405: [INFO][Sync] Configure, desired: Bookmarks, Preferences, Passwords, Autofill Profiles, Autofill, Extensions, Sessions, Extension settings, History Delete Directives, Device Info, User Consents, Send Tab To Self, Web Apps, History, Saved Tab Group, Collection, Edge E Drop, Edge Hub App Usage, Edge Tab Group, Edge Wallet, Encryption Keys; Allow fail: 
2025-05-23 02:42:36.405: [INFO][Sync] Loading: Bookmarks
2025-05-23 02:42:36.405: [INFO][Sync] Loading: Preferences
2025-05-23 02:42:36.405: [INFO][Sync] Loading: Passwords
2025-05-23 02:42:36.405: [INFO][Sync] Loading: Autofill Profiles
2025-05-23 02:42:36.405: [INFO][Sync] Loading: Autofill
2025-05-23 02:42:36.405: [INFO][Sync] Loading: Extensions
2025-05-23 02:42:36.405: [INFO][Sync] Loading: Sessions
2025-05-23 02:42:36.405: [INFO][Sync] Loading: Extension settings
2025-05-23 02:42:36.405: [INFO][Sync] Loading: History Delete Directives
2025-05-23 02:42:36.406: [INFO][Sync] Loading: Device Info
2025-05-23 02:42:36.406: [INFO][Sync] Loading: User Consents
2025-05-23 02:42:36.406: [INFO][Sync] Loading: Send Tab To Self
2025-05-23 02:42:36.406: [INFO][Sync] Loading: Web Apps
2025-05-23 02:42:36.406: [INFO][Sync] Loading: History
2025-05-23 02:42:36.406: [INFO][Sync] Loading: Saved Tab Group
2025-05-23 02:42:36.406: [INFO][Sync] Loading: Collection
2025-05-23 02:42:36.406: [INFO][Sync] Loading: Edge E Drop
2025-05-23 02:42:36.406: [INFO][Sync] Loading: Edge Hub App Usage
2025-05-23 02:42:36.406: [INFO][Sync] Loading: Edge Tab Group
2025-05-23 02:42:36.406: [INFO][Sync] Loading: Edge Wallet
2025-05-23 02:42:36.411: [INFO][Sync] All data types are ready for configure.
2025-05-23 02:42:36.411: [INFO][SyncManagerImpl::ConfigureSyncer] Types to download:  with reason: 4
2025-05-23 02:42:36.412: [INFO][SyncEngineBackend::DoFinishConfigureDataTypes] Failed to download types:  and succeeded types: 
2025-05-23 02:42:36.412: [INFO][Sync] ConfigurationDone, failed: , succeeded: , remaining count: 4
2025-05-23 02:42:36.412: [INFO][SyncManagerImpl::ConfigureSyncer] Types to download:  with reason: 4
2025-05-23 02:42:36.412: [INFO][SyncEngineBackend::DoFinishConfigureDataTypes] Failed to download types:  and succeeded types: 
2025-05-23 02:42:36.412: [INFO][Sync] ConfigurationDone, failed: , succeeded: , remaining count: 3
2025-05-23 02:42:36.412: [INFO][SyncManagerImpl::ConfigureSyncer] Types to download:  with reason: 4
2025-05-23 02:42:36.412: [INFO][SyncEngineBackend::DoFinishConfigureDataTypes] Failed to download types:  and succeeded types: 
2025-05-23 02:42:36.412: [INFO][Sync] ConfigurationDone, failed: , succeeded: , remaining count: 2
2025-05-23 02:42:36.412: [INFO][SyncManagerImpl::ConfigureSyncer] Types to download:  with reason: 4
2025-05-23 02:42:36.412: [INFO][SyncEngineBackend::DoFinishConfigureDataTypes] Failed to download types:  and succeeded types: 
2025-05-23 02:42:36.412: [INFO][Sync] ConfigurationDone, failed: , succeeded: , remaining count: 1
2025-05-23 02:42:36.414: [INFO][SyncManagerImpl::ConfigureSyncer] Types to download:  with reason: 4
2025-05-23 02:42:36.414: [INFO][SyncEngineBackend::DoFinishConfigureDataTypes] Failed to download types:  and succeeded types: 
2025-05-23 02:42:36.414: [INFO][Sync] ConfigurationDone, failed: , succeeded: , remaining count: 0
2025-05-23 02:42:36.416: [INFO][Sync]     Configuration completed, state: 3
2025-05-23 02:42:36.416: [INFO][Sync] Configured DataTypeManager: Ok
2025-05-23 02:42:36.417: [INFO][SyncEngineBackend::DoStartSyncing] Start syncing
2025-05-23 02:44:47.554: [INFO][Sync] Reset engine, reason: 0
2025-05-23 02:44:47.554: [INFO][Sync] Reset engine with reason: 0
2025-05-23 02:50:27.306: [INFO][Sync] SyncState after authenticated was: FeatureCanStart
2025-05-23 02:50:27.665: [INFO][SyncAuthManager::SetLastAuthError] Current auth error: None
2025-05-23 02:50:27.665: [INFO][SyncAuthManager::EdgeLogTokenErrorState] Token error with: None for account type: AAD
2025-05-23 02:50:27.665: [INFO][Sync] Credentials changed for: EdgeSyncKeyDataScope
2025-05-23 02:50:27.665: [INFO][Sync] Try to start sync engine
2025-05-23 02:50:27.666: [INFO][SyncManagerImpl::NudgeForInitialDownload] Initial download nudge for Encryption Keys
2025-05-23 02:50:27.666: [INFO][SyncEngineBackend::LoadAndConnectNigoriController] Load and connect Nigori controller
2025-05-23 02:50:27.666: [INFO][SyncEngineBackend::DoInitialize] Control Types added: Encryption Keys
2025-05-23 02:50:27.667: [INFO][SyncManagerImpl::ConfigureSyncer] Types to download: Encryption Keys with reason: 3
2025-05-23 02:50:27.667: [INFO][SyncEngineBackend::DoUpdateKeyDataCredentials] Update key data credentials
2025-05-23 02:50:27.667: [INFO][SyncSchedulerImpl::DoConfigurationSyncCycleJob] Configure job was blocked
2025-05-23 02:50:27.705: [INFO][SyncAuthManager::SetLastAuthError] Current auth error: None
2025-05-23 02:50:27.705: [INFO][SyncAuthManager::EdgeLogTokenErrorState] Token error with: None for account type: AAD
2025-05-23 02:50:27.705: [INFO][Sync] Credentials changed for: EdgeSyncScopeNew
2025-05-23 02:50:27.705: [INFO][SyncEngineBackend::DoUpdateCredentials] Update credentials
2025-05-23 02:50:27.705: [INFO][SyncSchedulerImpl::DoConfigurationSyncCycleJob] Blocked types:  and types to download: Encryption Keys
2025-05-23 02:50:29.136: [INFO][SyncEngineBackend::DoUpdateKeyDataCredentials] Update key data credentials
2025-05-23 02:50:29.139: [INFO][Sync] Started DataTypeManager configuration, reason: 4
2025-05-23 02:50:29.139: [INFO][Sync] Configuring for: Bookmarks, Preferences, Passwords, Autofill Profiles, Autofill, Extensions, Sessions, Extension settings, History Delete Directives, Device Info, User Consents, Send Tab To Self, Web Apps, History, Saved Tab Group, Collection, Edge E Drop, Edge Hub App Usage, Edge Tab Group, Edge Wallet, Encryption Keys, reason: 4, current state: 0
2025-05-23 02:50:29.139: [INFO][SyncEngineBackend::DoStartConfiguration] Start configuration
2025-05-23 02:50:29.141: [INFO][Sync] Configure, desired: Bookmarks, Preferences, Passwords, Autofill Profiles, Autofill, Extensions, Sessions, Extension settings, History Delete Directives, Device Info, User Consents, Send Tab To Self, Web Apps, History, Saved Tab Group, Collection, Edge E Drop, Edge Hub App Usage, Edge Tab Group, Edge Wallet, Encryption Keys; Allow fail: 
2025-05-23 02:50:29.141: [INFO][Sync] Loading: Bookmarks
2025-05-23 02:50:29.141: [INFO][Sync] Loading: Preferences
2025-05-23 02:50:29.141: [INFO][Sync] Loading: Passwords
2025-05-23 02:50:29.141: [INFO][Sync] Loading: Autofill Profiles
2025-05-23 02:50:29.141: [INFO][Sync] Loading: Autofill
2025-05-23 02:50:29.141: [INFO][Sync] Loading: Extensions
2025-05-23 02:50:29.141: [INFO][Sync] Loading: Sessions
2025-05-23 02:50:29.141: [INFO][Sync] Loading: Extension settings
2025-05-23 02:50:29.141: [INFO][Sync] Loading: History Delete Directives
2025-05-23 02:50:29.141: [INFO][Sync] Loading: Device Info
2025-05-23 02:50:29.141: [INFO][Sync] Loading: User Consents
2025-05-23 02:50:29.141: [INFO][Sync] Loading: Send Tab To Self
2025-05-23 02:50:29.141: [INFO][Sync] Loading: Web Apps
2025-05-23 02:50:29.141: [INFO][Sync] Loading: History
2025-05-23 02:50:29.141: [INFO][Sync] Loading: Saved Tab Group
2025-05-23 02:50:29.141: [INFO][Sync] Loading: Collection
2025-05-23 02:50:29.141: [INFO][Sync] Loading: Edge E Drop
2025-05-23 02:50:29.141: [INFO][Sync] Loading: Edge Hub App Usage
2025-05-23 02:50:29.141: [INFO][Sync] Loading: Edge Tab Group
2025-05-23 02:50:29.141: [INFO][Sync] Loading: Edge Wallet
2025-05-23 02:50:29.147: [INFO][Sync] All data types are ready for configure.
2025-05-23 02:50:29.147: [INFO][SyncManagerImpl::ConfigureSyncer] Types to download:  with reason: 4
2025-05-23 02:50:29.147: [INFO][SyncEngineBackend::DoFinishConfigureDataTypes] Failed to download types:  and succeeded types: 
2025-05-23 02:50:29.148: [INFO][Sync] ConfigurationDone, failed: , succeeded: , remaining count: 4
2025-05-23 02:50:29.148: [INFO][SyncManagerImpl::ConfigureSyncer] Types to download:  with reason: 4
2025-05-23 02:50:29.148: [INFO][SyncEngineBackend::DoFinishConfigureDataTypes] Failed to download types:  and succeeded types: 
2025-05-23 02:50:29.148: [INFO][Sync] ConfigurationDone, failed: , succeeded: , remaining count: 3
2025-05-23 02:50:29.148: [INFO][SyncManagerImpl::ConfigureSyncer] Types to download:  with reason: 4
2025-05-23 02:50:29.148: [INFO][SyncEngineBackend::DoFinishConfigureDataTypes] Failed to download types:  and succeeded types: 
2025-05-23 02:50:29.149: [INFO][Sync] ConfigurationDone, failed: , succeeded: , remaining count: 2
2025-05-23 02:50:29.149: [INFO][SyncManagerImpl::ConfigureSyncer] Types to download:  with reason: 4
2025-05-23 02:50:29.149: [INFO][SyncEngineBackend::DoFinishConfigureDataTypes] Failed to download types:  and succeeded types: 
2025-05-23 02:50:29.149: [INFO][Sync] ConfigurationDone, failed: , succeeded: , remaining count: 1
2025-05-23 02:50:29.150: [INFO][SyncManagerImpl::ConfigureSyncer] Types to download:  with reason: 4
2025-05-23 02:50:29.150: [INFO][SyncEngineBackend::DoFinishConfigureDataTypes] Failed to download types:  and succeeded types: 
2025-05-23 02:50:29.151: [INFO][Sync] ConfigurationDone, failed: , succeeded: , remaining count: 0
2025-05-23 02:50:29.153: [INFO][Sync]     Configuration completed, state: 3
2025-05-23 02:50:29.153: [INFO][Sync] Configured DataTypeManager: Ok
2025-05-23 02:50:29.156: [INFO][SyncEngineBackend::DoStartSyncing] Start syncing
2025-05-23 02:52:52.102: [INFO][Sync] Reset engine, reason: 0
2025-05-23 02:52:52.102: [INFO][Sync] Reset engine with reason: 0
2025-05-23 02:53:15.914: [INFO][Sync] SyncState after authenticated was: FeatureCanStart
2025-05-23 02:53:16.274: [INFO][SyncAuthManager::SetLastAuthError] Current auth error: None
2025-05-23 02:53:16.275: [INFO][SyncAuthManager::EdgeLogTokenErrorState] Token error with: None for account type: AAD
2025-05-23 02:53:16.275: [INFO][Sync] Credentials changed for: EdgeSyncKeyDataScope
2025-05-23 02:53:16.275: [INFO][Sync] Try to start sync engine
2025-05-23 02:53:16.276: [INFO][SyncManagerImpl::NudgeForInitialDownload] Initial download nudge for Encryption Keys
2025-05-23 02:53:16.276: [INFO][SyncEngineBackend::LoadAndConnectNigoriController] Load and connect Nigori controller
2025-05-23 02:53:16.277: [INFO][SyncEngineBackend::DoInitialize] Control Types added: Encryption Keys
2025-05-23 02:53:16.277: [INFO][SyncManagerImpl::ConfigureSyncer] Types to download: Encryption Keys with reason: 3
2025-05-23 02:53:16.277: [INFO][SyncEngineBackend::DoUpdateKeyDataCredentials] Update key data credentials
2025-05-23 02:53:16.277: [INFO][SyncSchedulerImpl::DoConfigurationSyncCycleJob] Configure job was blocked
2025-05-23 02:53:16.334: [INFO][SyncAuthManager::SetLastAuthError] Current auth error: None
2025-05-23 02:53:16.334: [INFO][SyncAuthManager::EdgeLogTokenErrorState] Token error with: None for account type: AAD
2025-05-23 02:53:16.334: [INFO][Sync] Credentials changed for: EdgeSyncScopeNew
2025-05-23 02:53:16.334: [INFO][SyncEngineBackend::DoUpdateCredentials] Update credentials
2025-05-23 02:53:16.334: [INFO][SyncSchedulerImpl::DoConfigurationSyncCycleJob] Blocked types:  and types to download: Encryption Keys
2025-05-23 02:53:17.625: [INFO][SyncEngineBackend::DoUpdateKeyDataCredentials] Update key data credentials
2025-05-23 02:53:17.628: [INFO][Sync] Started DataTypeManager configuration, reason: 4
2025-05-23 02:53:17.628: [INFO][Sync] Configuring for: Bookmarks, Preferences, Passwords, Autofill Profiles, Autofill, Extensions, Sessions, Extension settings, History Delete Directives, Device Info, User Consents, Send Tab To Self, Web Apps, History, Saved Tab Group, Collection, Edge E Drop, Edge Hub App Usage, Edge Tab Group, Edge Wallet, Encryption Keys, reason: 4, current state: 0
2025-05-23 02:53:17.628: [INFO][SyncEngineBackend::DoStartConfiguration] Start configuration
2025-05-23 02:53:17.629: [INFO][Sync] Configure, desired: Bookmarks, Preferences, Passwords, Autofill Profiles, Autofill, Extensions, Sessions, Extension settings, History Delete Directives, Device Info, User Consents, Send Tab To Self, Web Apps, History, Saved Tab Group, Collection, Edge E Drop, Edge Hub App Usage, Edge Tab Group, Edge Wallet, Encryption Keys; Allow fail: 
2025-05-23 02:53:17.629: [INFO][Sync] Loading: Bookmarks
2025-05-23 02:53:17.629: [INFO][Sync] Loading: Preferences
2025-05-23 02:53:17.629: [INFO][Sync] Loading: Passwords
2025-05-23 02:53:17.629: [INFO][Sync] Loading: Autofill Profiles
2025-05-23 02:53:17.629: [INFO][Sync] Loading: Autofill
2025-05-23 02:53:17.629: [INFO][Sync] Loading: Extensions
2025-05-23 02:53:17.629: [INFO][Sync] Loading: Sessions
2025-05-23 02:53:17.629: [INFO][Sync] Loading: Extension settings
2025-05-23 02:53:17.629: [INFO][Sync] Loading: History Delete Directives
2025-05-23 02:53:17.629: [INFO][Sync] Loading: Device Info
2025-05-23 02:53:17.629: [INFO][Sync] Loading: User Consents
2025-05-23 02:53:17.629: [INFO][Sync] Loading: Send Tab To Self
2025-05-23 02:53:17.629: [INFO][Sync] Loading: Web Apps
2025-05-23 02:53:17.629: [INFO][Sync] Loading: History
2025-05-23 02:53:17.629: [INFO][Sync] Loading: Saved Tab Group
2025-05-23 02:53:17.629: [INFO][Sync] Loading: Collection
2025-05-23 02:53:17.629: [INFO][Sync] Loading: Edge E Drop
2025-05-23 02:53:17.629: [INFO][Sync] Loading: Edge Hub App Usage
2025-05-23 02:53:17.629: [INFO][Sync] Loading: Edge Tab Group
2025-05-23 02:53:17.629: [INFO][Sync] Loading: Edge Wallet
2025-05-23 02:53:17.631: [INFO][Sync] All data types are ready for configure.
2025-05-23 02:53:17.631: [INFO][SyncManagerImpl::ConfigureSyncer] Types to download:  with reason: 4
2025-05-23 02:53:17.631: [INFO][SyncEngineBackend::DoFinishConfigureDataTypes] Failed to download types:  and succeeded types: 
2025-05-23 02:53:17.631: [INFO][Sync] ConfigurationDone, failed: , succeeded: , remaining count: 4
2025-05-23 02:53:17.631: [INFO][SyncManagerImpl::ConfigureSyncer] Types to download:  with reason: 4
2025-05-23 02:53:17.631: [INFO][SyncEngineBackend::DoFinishConfigureDataTypes] Failed to download types:  and succeeded types: 
2025-05-23 02:53:17.631: [INFO][Sync] ConfigurationDone, failed: , succeeded: , remaining count: 3
2025-05-23 02:53:17.631: [INFO][SyncManagerImpl::ConfigureSyncer] Types to download:  with reason: 4
2025-05-23 02:53:17.631: [INFO][SyncEngineBackend::DoFinishConfigureDataTypes] Failed to download types:  and succeeded types: 
2025-05-23 02:53:17.632: [INFO][Sync] ConfigurationDone, failed: , succeeded: , remaining count: 2
2025-05-23 02:53:17.632: [INFO][SyncManagerImpl::ConfigureSyncer] Types to download:  with reason: 4
2025-05-23 02:53:17.632: [INFO][SyncEngineBackend::DoFinishConfigureDataTypes] Failed to download types:  and succeeded types: 
2025-05-23 02:53:17.632: [INFO][Sync] ConfigurationDone, failed: , succeeded: , remaining count: 1
2025-05-23 02:53:17.634: [INFO][SyncManagerImpl::ConfigureSyncer] Types to download:  with reason: 4
2025-05-23 02:53:17.634: [INFO][SyncEngineBackend::DoFinishConfigureDataTypes] Failed to download types:  and succeeded types: 
2025-05-23 02:53:17.634: [INFO][Sync] ConfigurationDone, failed: , succeeded: , remaining count: 0
2025-05-23 02:53:17.636: [INFO][Sync]     Configuration completed, state: 3
2025-05-23 02:53:17.636: [INFO][Sync] Configured DataTypeManager: Ok
2025-05-23 02:53:17.637: [INFO][SyncEngineBackend::DoStartSyncing] Start syncing
2025-05-23 02:58:36.065: [INFO][Sync] Reset engine, reason: 0
2025-05-23 02:58:36.065: [INFO][Sync] Reset engine with reason: 0
2025-05-23 03:35:17.138: [INFO][Sync] SyncState after authenticated was: FeatureCanStart
2025-05-23 03:35:17.562: [INFO][Sync] Try to start sync engine
2025-05-23 03:35:17.563: [INFO][SyncManagerImpl::NudgeForInitialDownload] Initial download nudge for Encryption Keys
2025-05-23 03:35:17.563: [INFO][SyncEngineBackend::LoadAndConnectNigoriController] Load and connect Nigori controller
2025-05-23 03:35:17.563: [INFO][SyncEngineBackend::DoInitialize] Control Types added: Encryption Keys
2025-05-23 03:35:17.563: [INFO][SyncManagerImpl::ConfigureSyncer] Types to download: Encryption Keys with reason: 3
2025-05-23 03:35:17.563: [INFO][SyncSchedulerImpl::DoConfigurationSyncCycleJob] Configure job was blocked
2025-05-23 03:35:47.570: [INFO][SyncAuthManager::EdgeLogTokenErrorState] Token error with: The request runs exceeded the set maximum duration. for account type: AAD
2025-05-23 03:35:47.570: [INFO][Sync] Credentials changed for: EdgeSyncScopeNew
2025-05-23 03:35:47.570: [WARN][Sync]    Token is empty
2025-05-23 03:35:47.571: [INFO][Sync] Connection status changed to: 2
2025-05-23 03:35:56.591: [INFO][SyncAuthManager::SetLastAuthError] Current auth error: None
2025-05-23 03:35:56.591: [INFO][SyncAuthManager::EdgeLogTokenErrorState] Token error with: None for account type: AAD
2025-05-23 03:35:56.591: [INFO][Sync] Credentials changed for: EdgeSyncScopeNew
2025-05-23 03:35:58.516: [INFO][SyncAuthManager::SetLastAuthError] Current auth error: None
2025-05-23 03:35:58.516: [INFO][SyncAuthManager::EdgeLogTokenErrorState] Token error with: None for account type: AAD
2025-05-23 03:35:58.516: [INFO][Sync] Credentials changed for: EdgeSyncKeyDataScope
2025-05-23 03:35:58.517: [INFO][SyncEngineBackend::DoUpdateKeyDataCredentials] Update key data credentials
2025-05-23 03:35:58.517: [INFO][SyncEngineBackend::DoUpdateCredentials] Update credentials
2025-05-23 03:35:58.517: [INFO][SyncSchedulerImpl::DoConfigurationSyncCycleJob] Blocked types:  and types to download: Encryption Keys
2025-05-23 03:36:01.250: [INFO][Sync] Started DataTypeManager configuration, reason: 4
2025-05-23 03:36:01.250: [INFO][Sync] Configuring for: Bookmarks, Preferences, Passwords, Autofill Profiles, Autofill, Extensions, Sessions, Extension settings, History Delete Directives, Device Info, User Consents, Send Tab To Self, Web Apps, History, Saved Tab Group, Collection, Edge E Drop, Edge Hub App Usage, Edge Tab Group, Edge Wallet, Encryption Keys, reason: 4, current state: 0
2025-05-23 03:36:01.250: [INFO][SyncEngineBackend::DoStartConfiguration] Start configuration
2025-05-23 03:36:01.252: [INFO][Sync] Configure, desired: Bookmarks, Preferences, Passwords, Autofill Profiles, Autofill, Extensions, Sessions, Extension settings, History Delete Directives, Device Info, User Consents, Send Tab To Self, Web Apps, History, Saved Tab Group, Collection, Edge E Drop, Edge Hub App Usage, Edge Tab Group, Edge Wallet, Encryption Keys; Allow fail: 
2025-05-23 03:36:01.252: [INFO][Sync] Loading: Bookmarks
2025-05-23 03:36:01.252: [INFO][Sync] Loading: Preferences
2025-05-23 03:36:01.252: [INFO][Sync] Loading: Passwords
2025-05-23 03:36:01.252: [INFO][Sync] Loading: Autofill Profiles
2025-05-23 03:36:01.252: [INFO][Sync] Loading: Autofill
2025-05-23 03:36:01.252: [INFO][Sync] Loading: Extensions
2025-05-23 03:36:01.252: [INFO][Sync] Loading: Sessions
2025-05-23 03:36:01.252: [INFO][Sync] Loading: Extension settings
2025-05-23 03:36:01.252: [INFO][Sync] Loading: History Delete Directives
2025-05-23 03:36:01.252: [INFO][Sync] Loading: Device Info
2025-05-23 03:36:01.252: [INFO][Sync] Loading: User Consents
2025-05-23 03:36:01.252: [INFO][Sync] Loading: Send Tab To Self
2025-05-23 03:36:01.252: [INFO][Sync] Loading: Web Apps
2025-05-23 03:36:01.252: [INFO][Sync] Loading: History
2025-05-23 03:36:01.252: [INFO][Sync] Loading: Saved Tab Group
2025-05-23 03:36:01.252: [INFO][Sync] Loading: Collection
2025-05-23 03:36:01.252: [INFO][Sync] Loading: Edge E Drop
2025-05-23 03:36:01.252: [INFO][Sync] Loading: Edge Hub App Usage
2025-05-23 03:36:01.252: [INFO][Sync] Loading: Edge Tab Group
2025-05-23 03:36:01.252: [INFO][Sync] Loading: Edge Wallet
2025-05-23 03:36:01.259: [INFO][Sync] All data types are ready for configure.
2025-05-23 03:36:01.261: [INFO][SyncManagerImpl::ConfigureSyncer] Types to download:  with reason: 4
2025-05-23 03:36:01.261: [INFO][SyncEngineBackend::DoFinishConfigureDataTypes] Failed to download types:  and succeeded types: 
2025-05-23 03:36:01.261: [INFO][Sync] ConfigurationDone, failed: , succeeded: , remaining count: 4
2025-05-23 03:36:01.261: [INFO][SyncManagerImpl::ConfigureSyncer] Types to download:  with reason: 4
2025-05-23 03:36:01.261: [INFO][SyncEngineBackend::DoFinishConfigureDataTypes] Failed to download types:  and succeeded types: 
2025-05-23 03:36:01.261: [INFO][Sync] ConfigurationDone, failed: , succeeded: , remaining count: 3
2025-05-23 03:36:01.261: [INFO][SyncManagerImpl::ConfigureSyncer] Types to download:  with reason: 4
2025-05-23 03:36:01.261: [INFO][SyncEngineBackend::DoFinishConfigureDataTypes] Failed to download types:  and succeeded types: 
2025-05-23 03:36:01.261: [INFO][Sync] ConfigurationDone, failed: , succeeded: , remaining count: 2
2025-05-23 03:36:01.261: [INFO][SyncManagerImpl::ConfigureSyncer] Types to download:  with reason: 4
2025-05-23 03:36:01.261: [INFO][SyncEngineBackend::DoFinishConfigureDataTypes] Failed to download types:  and succeeded types: 
2025-05-23 03:36:01.261: [INFO][Sync] ConfigurationDone, failed: , succeeded: , remaining count: 1
2025-05-23 03:36:01.262: [INFO][SyncManagerImpl::ConfigureSyncer] Types to download:  with reason: 4
2025-05-23 03:36:01.262: [INFO][SyncEngineBackend::DoFinishConfigureDataTypes] Failed to download types:  and succeeded types: 
2025-05-23 03:36:01.262: [INFO][Sync] ConfigurationDone, failed: , succeeded: , remaining count: 0
2025-05-23 03:36:01.264: [INFO][Sync]     Configuration completed, state: 3
2025-05-23 03:36:01.264: [INFO][Sync] Configured DataTypeManager: Ok
2025-05-23 03:36:01.265: [INFO][SyncEngineBackend::DoStartSyncing] Start syncing
2025-05-23 03:38:27.449: [INFO][Sync] Reset engine, reason: 0
2025-05-23 03:38:27.449: [INFO][Sync] Reset engine with reason: 0
2025-05-24 17:07:29.002: [INFO][Sync] SyncState after authenticated was: FeatureCanStart
2025-05-24 17:07:29.306: [INFO][Sync] Try to start sync engine
2025-05-24 17:07:29.307: [INFO][SyncManagerImpl::NudgeForInitialDownload] Initial download nudge for Encryption Keys
2025-05-24 17:07:29.307: [INFO][SyncEngineBackend::LoadAndConnectNigoriController] Load and connect Nigori controller
2025-05-24 17:07:29.307: [INFO][SyncEngineBackend::DoInitialize] Control Types added: Encryption Keys
2025-05-24 17:07:29.307: [INFO][SyncManagerImpl::ConfigureSyncer] Types to download: Encryption Keys with reason: 3
2025-05-24 17:07:29.307: [INFO][SyncSchedulerImpl::DoConfigurationSyncCycleJob] Configure job was blocked
2025-05-24 17:07:31.124: [INFO][SyncAuthManager::SetLastAuthError] Current auth error: None
2025-05-24 17:07:31.124: [INFO][SyncAuthManager::EdgeLogTokenErrorState] Token error with: None for account type: AAD
2025-05-24 17:07:31.124: [INFO][Sync] Credentials changed for: EdgeSyncKeyDataScope
2025-05-24 17:07:31.124: [INFO][SyncEngineBackend::DoUpdateKeyDataCredentials] Update key data credentials
2025-05-24 17:07:31.244: [INFO][SyncAuthManager::SetLastAuthError] Current auth error: None
2025-05-24 17:07:31.244: [INFO][SyncAuthManager::EdgeLogTokenErrorState] Token error with: None for account type: AAD
2025-05-24 17:07:31.244: [INFO][Sync] Credentials changed for: EdgeSyncScopeNew
2025-05-24 17:07:31.244: [INFO][SyncEngineBackend::DoUpdateCredentials] Update credentials
2025-05-24 17:07:31.244: [INFO][SyncSchedulerImpl::DoConfigurationSyncCycleJob] Blocked types:  and types to download: Encryption Keys
2025-05-24 17:07:32.781: [INFO][SyncEngineBackend::DoUpdateKeyDataCredentials] Update key data credentials
2025-05-24 17:07:32.782: [INFO][Sync] Started DataTypeManager configuration, reason: 4
2025-05-24 17:07:32.782: [INFO][Sync] Configuring for: Bookmarks, Preferences, Passwords, Autofill Profiles, Autofill, Extensions, Sessions, Extension settings, History Delete Directives, Device Info, User Consents, Send Tab To Self, Web Apps, History, Saved Tab Group, Collection, Edge E Drop, Edge Hub App Usage, Edge Tab Group, Edge Wallet, Encryption Keys, reason: 4, current state: 0
2025-05-24 17:07:32.782: [INFO][SyncEngineBackend::DoStartConfiguration] Start configuration
2025-05-24 17:07:32.783: [INFO][Sync] Configure, desired: Bookmarks, Preferences, Passwords, Autofill Profiles, Autofill, Extensions, Sessions, Extension settings, History Delete Directives, Device Info, User Consents, Send Tab To Self, Web Apps, History, Saved Tab Group, Collection, Edge E Drop, Edge Hub App Usage, Edge Tab Group, Edge Wallet, Encryption Keys; Allow fail: 
2025-05-24 17:07:32.783: [INFO][Sync] Loading: Bookmarks
2025-05-24 17:07:32.783: [INFO][Sync] Loading: Preferences
2025-05-24 17:07:32.783: [INFO][Sync] Loading: Passwords
2025-05-24 17:07:32.783: [INFO][Sync] Loading: Autofill Profiles
2025-05-24 17:07:32.783: [INFO][Sync] Loading: Autofill
2025-05-24 17:07:32.783: [INFO][Sync] Loading: Extensions
2025-05-24 17:07:32.783: [INFO][Sync] Loading: Sessions
2025-05-24 17:07:32.783: [INFO][Sync] Loading: Extension settings
2025-05-24 17:07:32.783: [INFO][Sync] Loading: History Delete Directives
2025-05-24 17:07:32.783: [INFO][Sync] Loading: Device Info
2025-05-24 17:07:32.783: [INFO][Sync] Loading: User Consents
2025-05-24 17:07:32.783: [INFO][Sync] Loading: Send Tab To Self
2025-05-24 17:07:32.784: [INFO][Sync] Loading: Web Apps
2025-05-24 17:07:32.784: [INFO][Sync] Loading: History
2025-05-24 17:07:32.784: [INFO][Sync] Loading: Saved Tab Group
2025-05-24 17:07:32.784: [INFO][Sync] Loading: Collection
2025-05-24 17:07:32.784: [INFO][Sync] Loading: Edge E Drop
2025-05-24 17:07:32.784: [INFO][Sync] Loading: Edge Hub App Usage
2025-05-24 17:07:32.784: [INFO][Sync] Loading: Edge Tab Group
2025-05-24 17:07:32.784: [INFO][Sync] Loading: Edge Wallet
2025-05-24 17:07:32.785: [INFO][Sync] All data types are ready for configure.
2025-05-24 17:07:32.786: [INFO][SyncManagerImpl::ConfigureSyncer] Types to download:  with reason: 4
2025-05-24 17:07:32.786: [INFO][SyncEngineBackend::DoFinishConfigureDataTypes] Failed to download types:  and succeeded types: 
2025-05-24 17:07:32.786: [INFO][Sync] ConfigurationDone, failed: , succeeded: , remaining count: 4
2025-05-24 17:07:32.786: [INFO][SyncManagerImpl::ConfigureSyncer] Types to download:  with reason: 4
2025-05-24 17:07:32.786: [INFO][SyncEngineBackend::DoFinishConfigureDataTypes] Failed to download types:  and succeeded types: 
2025-05-24 17:07:32.786: [INFO][Sync] ConfigurationDone, failed: , succeeded: , remaining count: 3
2025-05-24 17:07:32.786: [INFO][SyncManagerImpl::ConfigureSyncer] Types to download:  with reason: 4
2025-05-24 17:07:32.786: [INFO][SyncEngineBackend::DoFinishConfigureDataTypes] Failed to download types:  and succeeded types: 
2025-05-24 17:07:32.786: [INFO][Sync] ConfigurationDone, failed: , succeeded: , remaining count: 2
2025-05-24 17:07:32.786: [INFO][SyncManagerImpl::ConfigureSyncer] Types to download:  with reason: 4
2025-05-24 17:07:32.786: [INFO][SyncEngineBackend::DoFinishConfigureDataTypes] Failed to download types:  and succeeded types: 
2025-05-24 17:07:32.786: [INFO][Sync] ConfigurationDone, failed: , succeeded: , remaining count: 1
2025-05-24 17:07:32.788: [INFO][SyncManagerImpl::ConfigureSyncer] Types to download:  with reason: 4
2025-05-24 17:07:32.788: [INFO][SyncEngineBackend::DoFinishConfigureDataTypes] Failed to download types:  and succeeded types: 
2025-05-24 17:07:32.788: [INFO][Sync] ConfigurationDone, failed: , succeeded: , remaining count: 0
2025-05-24 17:07:32.789: [INFO][Sync]     Configuration completed, state: 3
2025-05-24 17:07:32.789: [INFO][Sync] Configured DataTypeManager: Ok
2025-05-24 17:07:32.794: [INFO][SyncEngineBackend::DoStartSyncing] Start syncing
2025-05-24 17:08:33.337: [INFO][Sync] Connection status changed to: 3
2025-05-24 17:08:33.340: [INFO][SyncSchedulerImpl::OnSyncNetworkError] Syncer error: HTTP error (503)
2025-05-24 17:08:33.341: [WARN][Sync] NetworkError: HTTP error (503)
2025-05-24 17:08:33.341: [INFO][Commit::ReportFullCommitFailure] Commit Preferences, Sessions, History failed with error: ServerError
2025-05-24 17:08:33.342: [INFO][SyncSchedulerImpl::DoNudgeSyncCycleJob] Syncer error: HTTP error (503)
2025-05-24 17:22:14.652: [INFO][Sync] Reset engine, reason: 0
2025-05-24 17:22:14.652: [INFO][Sync] Reset engine with reason: 0
2025-05-24 17:25:55.678: [INFO][Sync] SyncState after authenticated was: FeatureCanStart
2025-05-24 17:25:55.986: [INFO][Sync] Try to start sync engine
2025-05-24 17:25:55.988: [INFO][SyncManagerImpl::NudgeForInitialDownload] Initial download nudge for Encryption Keys
2025-05-24 17:25:55.988: [INFO][SyncEngineBackend::LoadAndConnectNigoriController] Load and connect Nigori controller
2025-05-24 17:25:55.988: [INFO][SyncEngineBackend::DoInitialize] Control Types added: Encryption Keys
2025-05-24 17:25:55.988: [INFO][SyncManagerImpl::ConfigureSyncer] Types to download: Encryption Keys with reason: 3
2025-05-24 17:25:55.988: [INFO][SyncSchedulerImpl::DoConfigurationSyncCycleJob] Configure job was blocked
2025-05-24 17:25:56.097: [INFO][SyncAuthManager::SetLastAuthError] Current auth error: None
2025-05-24 17:25:56.097: [INFO][SyncAuthManager::EdgeLogTokenErrorState] Token error with: None for account type: AAD
2025-05-24 17:25:56.098: [INFO][Sync] Credentials changed for: EdgeSyncKeyDataScope
2025-05-24 17:25:56.098: [INFO][SyncEngineBackend::DoUpdateKeyDataCredentials] Update key data credentials
2025-05-24 17:25:56.123: [INFO][SyncAuthManager::SetLastAuthError] Current auth error: None
2025-05-24 17:25:56.123: [INFO][SyncAuthManager::EdgeLogTokenErrorState] Token error with: None for account type: AAD
2025-05-24 17:25:56.123: [INFO][Sync] Credentials changed for: EdgeSyncScopeNew
2025-05-24 17:25:56.123: [INFO][SyncEngineBackend::DoUpdateCredentials] Update credentials
2025-05-24 17:25:56.123: [INFO][SyncEngineBackend::DoUpdateKeyDataCredentials] Update key data credentials
2025-05-24 17:25:56.123: [INFO][SyncSchedulerImpl::DoConfigurationSyncCycleJob] Blocked types:  and types to download: Encryption Keys
2025-05-24 17:25:58.061: [INFO][Sync] Started DataTypeManager configuration, reason: 4
2025-05-24 17:25:58.061: [INFO][Sync] Configuring for: Bookmarks, Preferences, Passwords, Autofill Profiles, Autofill, Extensions, Sessions, Extension settings, History Delete Directives, Device Info, User Consents, Send Tab To Self, Web Apps, History, Saved Tab Group, Collection, Edge E Drop, Edge Hub App Usage, Edge Tab Group, Edge Wallet, Encryption Keys, reason: 4, current state: 0
2025-05-24 17:25:58.061: [INFO][SyncEngineBackend::DoStartConfiguration] Start configuration
2025-05-24 17:25:58.062: [INFO][Sync] Configure, desired: Bookmarks, Preferences, Passwords, Autofill Profiles, Autofill, Extensions, Sessions, Extension settings, History Delete Directives, Device Info, User Consents, Send Tab To Self, Web Apps, History, Saved Tab Group, Collection, Edge E Drop, Edge Hub App Usage, Edge Tab Group, Edge Wallet, Encryption Keys; Allow fail: 
2025-05-24 17:25:58.062: [INFO][Sync] Loading: Bookmarks
2025-05-24 17:25:58.062: [INFO][Sync] Loading: Preferences
2025-05-24 17:25:58.062: [INFO][Sync] Loading: Passwords
2025-05-24 17:25:58.062: [INFO][Sync] Loading: Autofill Profiles
2025-05-24 17:25:58.062: [INFO][Sync] Loading: Autofill
2025-05-24 17:25:58.062: [INFO][Sync] Loading: Extensions
2025-05-24 17:25:58.062: [INFO][Sync] Loading: Sessions
2025-05-24 17:25:58.062: [INFO][Sync] Loading: Extension settings
2025-05-24 17:25:58.062: [INFO][Sync] Loading: History Delete Directives
2025-05-24 17:25:58.062: [INFO][Sync] Loading: Device Info
2025-05-24 17:25:58.062: [INFO][Sync] Loading: User Consents
2025-05-24 17:25:58.063: [INFO][Sync] Loading: Send Tab To Self
2025-05-24 17:25:58.063: [INFO][Sync] Loading: Web Apps
2025-05-24 17:25:58.063: [INFO][Sync] Loading: History
2025-05-24 17:25:58.063: [INFO][Sync] Loading: Saved Tab Group
2025-05-24 17:25:58.063: [INFO][Sync] Loading: Collection
2025-05-24 17:25:58.063: [INFO][Sync] Loading: Edge E Drop
2025-05-24 17:25:58.063: [INFO][Sync] Loading: Edge Hub App Usage
2025-05-24 17:25:58.063: [INFO][Sync] Loading: Edge Tab Group
2025-05-24 17:25:58.063: [INFO][Sync] Loading: Edge Wallet
2025-05-24 17:25:58.065: [INFO][Sync] All data types are ready for configure.
2025-05-24 17:25:58.065: [INFO][SyncManagerImpl::ConfigureSyncer] Types to download:  with reason: 4
2025-05-24 17:25:58.065: [INFO][SyncEngineBackend::DoFinishConfigureDataTypes] Failed to download types:  and succeeded types: 
2025-05-24 17:25:58.065: [INFO][Sync] ConfigurationDone, failed: , succeeded: , remaining count: 4
2025-05-24 17:25:58.065: [INFO][SyncManagerImpl::ConfigureSyncer] Types to download:  with reason: 4
2025-05-24 17:25:58.065: [INFO][SyncEngineBackend::DoFinishConfigureDataTypes] Failed to download types:  and succeeded types: 
2025-05-24 17:25:58.065: [INFO][Sync] ConfigurationDone, failed: , succeeded: , remaining count: 3
2025-05-24 17:25:58.065: [INFO][SyncManagerImpl::ConfigureSyncer] Types to download:  with reason: 4
2025-05-24 17:25:58.065: [INFO][SyncEngineBackend::DoFinishConfigureDataTypes] Failed to download types:  and succeeded types: 
2025-05-24 17:25:58.065: [INFO][Sync] ConfigurationDone, failed: , succeeded: , remaining count: 2
2025-05-24 17:25:58.065: [INFO][SyncManagerImpl::ConfigureSyncer] Types to download:  with reason: 4
2025-05-24 17:25:58.065: [INFO][SyncEngineBackend::DoFinishConfigureDataTypes] Failed to download types:  and succeeded types: 
2025-05-24 17:25:58.065: [INFO][Sync] ConfigurationDone, failed: , succeeded: , remaining count: 1
2025-05-24 17:25:58.066: [INFO][SyncManagerImpl::ConfigureSyncer] Types to download:  with reason: 4
2025-05-24 17:25:58.066: [INFO][SyncEngineBackend::DoFinishConfigureDataTypes] Failed to download types:  and succeeded types: 
2025-05-24 17:25:58.067: [INFO][Sync] ConfigurationDone, failed: , succeeded: , remaining count: 0
2025-05-24 17:25:58.068: [INFO][Sync]     Configuration completed, state: 3
2025-05-24 17:25:58.068: [INFO][Sync] Configured DataTypeManager: Ok
2025-05-24 17:25:58.069: [INFO][SyncEngineBackend::DoStartSyncing] Start syncing
2025-05-24 17:33:15.389: [INFO][Sync] Reset engine, reason: 0
2025-05-24 17:33:15.389: [INFO][Sync] Reset engine with reason: 0
2025-05-25 13:34:27.304: [INFO][Sync] SyncState after authenticated was: FeatureCanStart
2025-05-25 13:34:27.697: [INFO][Sync] Try to start sync engine
2025-05-25 13:34:27.705: [INFO][SyncManagerImpl::NudgeForInitialDownload] Initial download nudge for Encryption Keys
2025-05-25 13:34:27.705: [INFO][SyncEngineBackend::LoadAndConnectNigoriController] Load and connect Nigori controller
2025-05-25 13:34:27.705: [INFO][SyncEngineBackend::DoInitialize] Control Types added: Encryption Keys
2025-05-25 13:34:27.705: [INFO][SyncManagerImpl::ConfigureSyncer] Types to download: Encryption Keys with reason: 3
2025-05-25 13:34:27.705: [INFO][SyncSchedulerImpl::DoConfigurationSyncCycleJob] Configure job was blocked
2025-05-25 13:34:29.599: [INFO][SyncAuthManager::SetLastAuthError] Current auth error: None
2025-05-25 13:34:29.599: [INFO][SyncAuthManager::EdgeLogTokenErrorState] Token error with: None for account type: AAD
2025-05-25 13:34:29.599: [INFO][Sync] Credentials changed for: EdgeSyncScopeNew
2025-05-25 13:34:29.615: [INFO][SyncAuthManager::SetLastAuthError] Current auth error: None
2025-05-25 13:34:29.616: [INFO][SyncAuthManager::EdgeLogTokenErrorState] Token error with: None for account type: AAD
2025-05-25 13:34:29.616: [INFO][Sync] Credentials changed for: EdgeSyncKeyDataScope
2025-05-25 13:34:29.616: [INFO][SyncEngineBackend::DoUpdateKeyDataCredentials] Update key data credentials
2025-05-25 13:34:29.616: [INFO][SyncEngineBackend::DoUpdateCredentials] Update credentials
2025-05-25 13:34:29.616: [INFO][SyncSchedulerImpl::DoConfigurationSyncCycleJob] Blocked types:  and types to download: Encryption Keys
2025-05-25 13:34:31.419: [INFO][Sync] Started DataTypeManager configuration, reason: 4
2025-05-25 13:34:31.420: [INFO][Sync] Configuring for: Bookmarks, Preferences, Passwords, Autofill Profiles, Autofill, Extensions, Sessions, Extension settings, History Delete Directives, Device Info, User Consents, Send Tab To Self, Web Apps, History, Saved Tab Group, Collection, Edge E Drop, Edge Hub App Usage, Edge Tab Group, Edge Wallet, Encryption Keys, reason: 4, current state: 0
2025-05-25 13:34:31.421: [INFO][Sync] Configure, desired: Bookmarks, Preferences, Passwords, Autofill Profiles, Autofill, Extensions, Sessions, Extension settings, History Delete Directives, Device Info, User Consents, Send Tab To Self, Web Apps, History, Saved Tab Group, Collection, Edge E Drop, Edge Hub App Usage, Edge Tab Group, Edge Wallet, Encryption Keys; Allow fail: 
2025-05-25 13:34:31.421: [INFO][Sync] Loading: Bookmarks
2025-05-25 13:34:31.421: [INFO][Sync] Loading: Preferences
2025-05-25 13:34:31.421: [INFO][Sync] Loading: Passwords
2025-05-25 13:34:31.421: [INFO][Sync] Loading: Autofill Profiles
2025-05-25 13:34:31.421: [INFO][Sync] Loading: Autofill
2025-05-25 13:34:31.421: [INFO][Sync] Loading: Extensions
2025-05-25 13:34:31.422: [INFO][Sync] Loading: Sessions
2025-05-25 13:34:31.422: [INFO][Sync] Loading: Extension settings
2025-05-25 13:34:31.422: [INFO][Sync] Loading: History Delete Directives
2025-05-25 13:34:31.422: [INFO][Sync] Loading: Device Info
2025-05-25 13:34:31.422: [INFO][Sync] Loading: User Consents
2025-05-25 13:34:31.422: [INFO][Sync] Loading: Send Tab To Self
2025-05-25 13:34:31.422: [INFO][Sync] Loading: Web Apps
2025-05-25 13:34:31.422: [INFO][Sync] Loading: History
2025-05-25 13:34:31.422: [INFO][Sync] Loading: Saved Tab Group
2025-05-25 13:34:31.422: [INFO][Sync] Loading: Collection
2025-05-25 13:34:31.422: [INFO][Sync] Loading: Edge E Drop
2025-05-25 13:34:31.422: [INFO][Sync] Loading: Edge Hub App Usage
2025-05-25 13:34:31.422: [INFO][Sync] Loading: Edge Tab Group
2025-05-25 13:34:31.422: [INFO][Sync] Loading: Edge Wallet
2025-05-25 13:34:31.424: [INFO][SyncEngineBackend::DoStartConfiguration] Start configuration
2025-05-25 13:34:31.425: [INFO][Sync] All data types are ready for configure.
2025-05-25 13:34:31.426: [INFO][SyncManagerImpl::ConfigureSyncer] Types to download:  with reason: 4
2025-05-25 13:34:31.426: [INFO][SyncEngineBackend::DoFinishConfigureDataTypes] Failed to download types:  and succeeded types: 
2025-05-25 13:34:31.426: [INFO][Sync] ConfigurationDone, failed: , succeeded: , remaining count: 4
2025-05-25 13:34:31.426: [INFO][SyncManagerImpl::ConfigureSyncer] Types to download:  with reason: 4
2025-05-25 13:34:31.426: [INFO][SyncEngineBackend::DoFinishConfigureDataTypes] Failed to download types:  and succeeded types: 
2025-05-25 13:34:31.426: [INFO][Sync] ConfigurationDone, failed: , succeeded: , remaining count: 3
2025-05-25 13:34:31.426: [INFO][SyncManagerImpl::ConfigureSyncer] Types to download:  with reason: 4
2025-05-25 13:34:31.426: [INFO][SyncEngineBackend::DoFinishConfigureDataTypes] Failed to download types:  and succeeded types: 
2025-05-25 13:34:31.429: [INFO][Sync] ConfigurationDone, failed: , succeeded: , remaining count: 2
2025-05-25 13:34:31.429: [INFO][SyncManagerImpl::ConfigureSyncer] Types to download:  with reason: 4
2025-05-25 13:34:31.429: [INFO][SyncEngineBackend::DoFinishConfigureDataTypes] Failed to download types:  and succeeded types: 
2025-05-25 13:34:31.429: [INFO][Sync] ConfigurationDone, failed: , succeeded: , remaining count: 1
2025-05-25 13:34:31.431: [INFO][SyncManagerImpl::ConfigureSyncer] Types to download:  with reason: 4
2025-05-25 13:34:31.431: [INFO][SyncEngineBackend::DoFinishConfigureDataTypes] Failed to download types:  and succeeded types: 
2025-05-25 13:34:31.431: [INFO][Sync] ConfigurationDone, failed: , succeeded: , remaining count: 0
2025-05-25 13:34:31.433: [INFO][Sync]     Configuration completed, state: 3
2025-05-25 13:34:31.433: [INFO][Sync] Configured DataTypeManager: Ok
2025-05-25 13:34:31.435: [INFO][SyncEngineBackend::DoStartSyncing] Start syncing
2025-05-25 13:34:59.018: [INFO][Sync] Reset engine, reason: 0
2025-05-25 13:34:59.018: [INFO][Sync] Reset engine with reason: 0
2025-05-26 15:04:14.561: [INFO][Sync] SyncState after authenticated was: FeatureCanStart
2025-05-26 15:04:14.954: [INFO][Sync] Try to start sync engine
2025-05-26 15:04:14.992: [INFO][SyncManagerImpl::NudgeForInitialDownload] Initial download nudge for Encryption Keys
2025-05-26 15:04:14.992: [INFO][SyncEngineBackend::LoadAndConnectNigoriController] Load and connect Nigori controller
2025-05-26 15:04:14.992: [INFO][SyncEngineBackend::DoInitialize] Control Types added: Encryption Keys
2025-05-26 15:04:14.992: [INFO][SyncManagerImpl::ConfigureSyncer] Types to download: Encryption Keys with reason: 3
2025-05-26 15:04:14.992: [INFO][SyncSchedulerImpl::DoConfigurationSyncCycleJob] Configure job was blocked
2025-05-26 15:04:18.513: [INFO][SyncAuthManager::SetLastAuthError] Current auth error: None
2025-05-26 15:04:18.513: [INFO][SyncAuthManager::EdgeLogTokenErrorState] Token error with: None for account type: AAD
2025-05-26 15:04:18.513: [INFO][Sync] Credentials changed for: EdgeSyncKeyDataScope
2025-05-26 15:04:18.513: [INFO][SyncEngineBackend::DoUpdateKeyDataCredentials] Update key data credentials
2025-05-26 15:04:18.747: [INFO][SyncAuthManager::SetLastAuthError] Current auth error: None
2025-05-26 15:04:18.747: [INFO][SyncAuthManager::EdgeLogTokenErrorState] Token error with: None for account type: AAD
2025-05-26 15:04:18.747: [INFO][Sync] Credentials changed for: EdgeSyncScopeNew
2025-05-26 15:04:18.747: [INFO][SyncEngineBackend::DoUpdateCredentials] Update credentials
2025-05-26 15:04:18.747: [INFO][SyncEngineBackend::DoUpdateKeyDataCredentials] Update key data credentials
2025-05-26 15:04:18.747: [INFO][SyncSchedulerImpl::DoConfigurationSyncCycleJob] Blocked types:  and types to download: Encryption Keys
2025-05-26 15:04:20.953: [INFO][Sync] Started DataTypeManager configuration, reason: 4
2025-05-26 15:04:20.954: [INFO][Sync] Configuring for: Bookmarks, Preferences, Passwords, Autofill Profiles, Autofill, Extensions, Sessions, Extension settings, History Delete Directives, Device Info, User Consents, Send Tab To Self, Web Apps, History, Saved Tab Group, Collection, Edge E Drop, Edge Hub App Usage, Edge Tab Group, Edge Wallet, Encryption Keys, reason: 4, current state: 0
2025-05-26 15:04:20.954: [INFO][SyncEngineBackend::DoStartConfiguration] Start configuration
2025-05-26 15:04:20.956: [INFO][Sync] Configure, desired: Bookmarks, Preferences, Passwords, Autofill Profiles, Autofill, Extensions, Sessions, Extension settings, History Delete Directives, Device Info, User Consents, Send Tab To Self, Web Apps, History, Saved Tab Group, Collection, Edge E Drop, Edge Hub App Usage, Edge Tab Group, Edge Wallet, Encryption Keys; Allow fail: 
2025-05-26 15:04:20.957: [INFO][Sync] Loading: Bookmarks
2025-05-26 15:04:20.957: [INFO][Sync] Loading: Preferences
2025-05-26 15:04:20.957: [INFO][Sync] Loading: Passwords
2025-05-26 15:04:20.957: [INFO][Sync] Loading: Autofill Profiles
2025-05-26 15:04:20.957: [INFO][Sync] Loading: Autofill
2025-05-26 15:04:20.957: [INFO][Sync] Loading: Extensions
2025-05-26 15:04:20.958: [INFO][Sync] Loading: Sessions
2025-05-26 15:04:20.958: [INFO][Sync] Loading: Extension settings
2025-05-26 15:04:20.958: [INFO][Sync] Loading: History Delete Directives
2025-05-26 15:04:20.958: [INFO][Sync] Loading: Device Info
2025-05-26 15:04:20.958: [INFO][Sync] Loading: User Consents
2025-05-26 15:04:20.958: [INFO][Sync] Loading: Send Tab To Self
2025-05-26 15:04:20.958: [INFO][Sync] Loading: Web Apps
2025-05-26 15:04:20.958: [INFO][Sync] Loading: History
2025-05-26 15:04:20.959: [INFO][Sync] Loading: Saved Tab Group
2025-05-26 15:04:20.959: [INFO][Sync] Loading: Collection
2025-05-26 15:04:20.959: [INFO][Sync] Loading: Edge E Drop
2025-05-26 15:04:20.959: [INFO][Sync] Loading: Edge Hub App Usage
2025-05-26 15:04:20.959: [INFO][Sync] Loading: Edge Tab Group
2025-05-26 15:04:20.959: [INFO][Sync] Loading: Edge Wallet
2025-05-26 15:04:20.973: [INFO][Sync] All data types are ready for configure.
2025-05-26 15:04:20.974: [INFO][SyncManagerImpl::ConfigureSyncer] Types to download:  with reason: 4
2025-05-26 15:04:20.974: [INFO][SyncEngineBackend::DoFinishConfigureDataTypes] Failed to download types:  and succeeded types: 
2025-05-26 15:04:20.976: [INFO][Sync] ConfigurationDone, failed: , succeeded: , remaining count: 4
2025-05-26 15:04:20.976: [INFO][SyncManagerImpl::ConfigureSyncer] Types to download:  with reason: 4
2025-05-26 15:04:20.976: [INFO][SyncEngineBackend::DoFinishConfigureDataTypes] Failed to download types:  and succeeded types: 
2025-05-26 15:04:20.976: [INFO][Sync] ConfigurationDone, failed: , succeeded: , remaining count: 3
2025-05-26 15:04:20.977: [INFO][SyncManagerImpl::ConfigureSyncer] Types to download:  with reason: 4
2025-05-26 15:04:20.977: [INFO][SyncEngineBackend::DoFinishConfigureDataTypes] Failed to download types:  and succeeded types: 
2025-05-26 15:04:20.977: [INFO][Sync] ConfigurationDone, failed: , succeeded: , remaining count: 2
2025-05-26 15:04:20.977: [INFO][SyncManagerImpl::ConfigureSyncer] Types to download:  with reason: 4
2025-05-26 15:04:20.977: [INFO][SyncEngineBackend::DoFinishConfigureDataTypes] Failed to download types:  and succeeded types: 
2025-05-26 15:04:20.977: [INFO][Sync] ConfigurationDone, failed: , succeeded: , remaining count: 1
2025-05-26 15:04:20.978: [INFO][SyncManagerImpl::ConfigureSyncer] Types to download:  with reason: 4
2025-05-26 15:04:20.978: [INFO][SyncEngineBackend::DoFinishConfigureDataTypes] Failed to download types:  and succeeded types: 
2025-05-26 15:04:20.981: [INFO][Sync] ConfigurationDone, failed: , succeeded: , remaining count: 0
2025-05-26 15:04:20.982: [INFO][Sync]     Configuration completed, state: 3
2025-05-26 15:04:20.983: [INFO][Sync] Configured DataTypeManager: Ok
2025-05-26 15:04:20.985: [INFO][SyncEngineBackend::DoStartSyncing] Start syncing
2025-05-26 15:26:11.845: [INFO][Sync] Reset engine, reason: 0
2025-05-26 15:26:11.845: [INFO][Sync] Reset engine with reason: 0
2025-05-26 17:24:54.945: [INFO][Sync] SyncState after authenticated was: FeatureCanStart
2025-05-26 17:24:55.350: [INFO][Sync] Try to start sync engine
2025-05-26 17:24:55.359: [INFO][SyncManagerImpl::NudgeForInitialDownload] Initial download nudge for Encryption Keys
2025-05-26 17:24:55.359: [INFO][SyncEngineBackend::LoadAndConnectNigoriController] Load and connect Nigori controller
2025-05-26 17:24:55.359: [INFO][SyncEngineBackend::DoInitialize] Control Types added: Encryption Keys
2025-05-26 17:24:55.359: [INFO][SyncManagerImpl::ConfigureSyncer] Types to download: Encryption Keys with reason: 3
2025-05-26 17:24:55.359: [INFO][SyncSchedulerImpl::DoConfigurationSyncCycleJob] Configure job was blocked
2025-05-26 17:24:58.870: [INFO][SyncAuthManager::SetLastAuthError] Current auth error: None
2025-05-26 17:24:58.870: [INFO][SyncAuthManager::EdgeLogTokenErrorState] Token error with: None for account type: AAD
2025-05-26 17:24:58.870: [INFO][Sync] Credentials changed for: EdgeSyncScopeNew
2025-05-26 17:24:58.923: [INFO][SyncAuthManager::SetLastAuthError] Current auth error: None
2025-05-26 17:24:58.923: [INFO][SyncAuthManager::EdgeLogTokenErrorState] Token error with: None for account type: AAD
2025-05-26 17:24:58.923: [INFO][Sync] Credentials changed for: EdgeSyncKeyDataScope
2025-05-26 17:24:58.923: [INFO][SyncEngineBackend::DoUpdateKeyDataCredentials] Update key data credentials
2025-05-26 17:24:58.923: [INFO][SyncEngineBackend::DoUpdateCredentials] Update credentials
2025-05-26 17:24:58.923: [INFO][SyncSchedulerImpl::DoConfigurationSyncCycleJob] Blocked types:  and types to download: Encryption Keys
2025-05-26 17:25:01.637: [INFO][Sync] Started DataTypeManager configuration, reason: 4
2025-05-26 17:25:01.637: [INFO][Sync] Configuring for: Bookmarks, Preferences, Passwords, Autofill Profiles, Autofill, Extensions, Sessions, Extension settings, History Delete Directives, Device Info, User Consents, Send Tab To Self, Web Apps, History, Saved Tab Group, Collection, Edge E Drop, Edge Hub App Usage, Edge Tab Group, Edge Wallet, Encryption Keys, reason: 4, current state: 0
2025-05-26 17:25:01.637: [INFO][SyncEngineBackend::DoStartConfiguration] Start configuration
2025-05-26 17:25:01.639: [INFO][Sync] Configure, desired: Bookmarks, Preferences, Passwords, Autofill Profiles, Autofill, Extensions, Sessions, Extension settings, History Delete Directives, Device Info, User Consents, Send Tab To Self, Web Apps, History, Saved Tab Group, Collection, Edge E Drop, Edge Hub App Usage, Edge Tab Group, Edge Wallet, Encryption Keys; Allow fail: 
2025-05-26 17:25:01.639: [INFO][Sync] Loading: Bookmarks
2025-05-26 17:25:01.639: [INFO][Sync] Loading: Preferences
2025-05-26 17:25:01.639: [INFO][Sync] Loading: Passwords
2025-05-26 17:25:01.639: [INFO][Sync] Loading: Autofill Profiles
2025-05-26 17:25:01.639: [INFO][Sync] Loading: Autofill
2025-05-26 17:25:01.639: [INFO][Sync] Loading: Extensions
2025-05-26 17:25:01.639: [INFO][Sync] Loading: Sessions
2025-05-26 17:25:01.639: [INFO][Sync] Loading: Extension settings
2025-05-26 17:25:01.639: [INFO][Sync] Loading: History Delete Directives
2025-05-26 17:25:01.639: [INFO][Sync] Loading: Device Info
2025-05-26 17:25:01.639: [INFO][Sync] Loading: User Consents
2025-05-26 17:25:01.639: [INFO][Sync] Loading: Send Tab To Self
2025-05-26 17:25:01.639: [INFO][Sync] Loading: Web Apps
2025-05-26 17:25:01.639: [INFO][Sync] Loading: History
2025-05-26 17:25:01.639: [INFO][Sync] Loading: Saved Tab Group
2025-05-26 17:25:01.639: [INFO][Sync] Loading: Collection
2025-05-26 17:25:01.639: [INFO][Sync] Loading: Edge E Drop
2025-05-26 17:25:01.639: [INFO][Sync] Loading: Edge Hub App Usage
2025-05-26 17:25:01.639: [INFO][Sync] Loading: Edge Tab Group
2025-05-26 17:25:01.639: [INFO][Sync] Loading: Edge Wallet
2025-05-26 17:25:01.646: [INFO][Sync] All data types are ready for configure.
2025-05-26 17:25:01.646: [INFO][SyncManagerImpl::ConfigureSyncer] Types to download:  with reason: 4
2025-05-26 17:25:01.646: [INFO][SyncEngineBackend::DoFinishConfigureDataTypes] Failed to download types:  and succeeded types: 
2025-05-26 17:25:01.646: [INFO][Sync] ConfigurationDone, failed: , succeeded: , remaining count: 4
2025-05-26 17:25:01.647: [INFO][SyncManagerImpl::ConfigureSyncer] Types to download:  with reason: 4
2025-05-26 17:25:01.647: [INFO][SyncEngineBackend::DoFinishConfigureDataTypes] Failed to download types:  and succeeded types: 
2025-05-26 17:25:01.647: [INFO][Sync] ConfigurationDone, failed: , succeeded: , remaining count: 3
2025-05-26 17:25:01.647: [INFO][SyncManagerImpl::ConfigureSyncer] Types to download:  with reason: 4
2025-05-26 17:25:01.647: [INFO][SyncEngineBackend::DoFinishConfigureDataTypes] Failed to download types:  and succeeded types: 
2025-05-26 17:25:01.647: [INFO][Sync] ConfigurationDone, failed: , succeeded: , remaining count: 2
2025-05-26 17:25:01.647: [INFO][SyncManagerImpl::ConfigureSyncer] Types to download:  with reason: 4
2025-05-26 17:25:01.647: [INFO][SyncEngineBackend::DoFinishConfigureDataTypes] Failed to download types:  and succeeded types: 
2025-05-26 17:25:01.647: [INFO][Sync] ConfigurationDone, failed: , succeeded: , remaining count: 1
2025-05-26 17:25:01.648: [INFO][SyncManagerImpl::ConfigureSyncer] Types to download:  with reason: 4
2025-05-26 17:25:01.648: [INFO][SyncEngineBackend::DoFinishConfigureDataTypes] Failed to download types:  and succeeded types: 
2025-05-26 17:25:01.649: [INFO][Sync] ConfigurationDone, failed: , succeeded: , remaining count: 0
2025-05-26 17:25:01.651: [INFO][Sync]     Configuration completed, state: 3
2025-05-26 17:25:01.651: [INFO][Sync] Configured DataTypeManager: Ok
2025-05-26 17:25:01.653: [INFO][SyncEngineBackend::DoStartSyncing] Start syncing
2025-05-26 17:26:42.090: [INFO][Sync] Reset engine, reason: 0
2025-05-26 17:26:42.090: [INFO][Sync] Reset engine with reason: 0
2025-05-26 17:27:14.177: [INFO][Sync] SyncState after authenticated was: FeatureCanStart
2025-05-26 17:27:14.619: [INFO][SyncAuthManager::SetLastAuthError] Current auth error: None
2025-05-26 17:27:14.619: [INFO][SyncAuthManager::EdgeLogTokenErrorState] Token error with: None for account type: AAD
2025-05-26 17:27:14.619: [INFO][Sync] Credentials changed for: EdgeSyncKeyDataScope
2025-05-26 17:27:14.619: [INFO][Sync] Try to start sync engine
2025-05-26 17:27:14.626: [INFO][SyncManagerImpl::NudgeForInitialDownload] Initial download nudge for Encryption Keys
2025-05-26 17:27:14.626: [INFO][SyncEngineBackend::LoadAndConnectNigoriController] Load and connect Nigori controller
2025-05-26 17:27:14.626: [INFO][SyncEngineBackend::DoInitialize] Control Types added: Encryption Keys
2025-05-26 17:27:14.626: [INFO][SyncManagerImpl::ConfigureSyncer] Types to download: Encryption Keys with reason: 3
2025-05-26 17:27:14.626: [INFO][SyncEngineBackend::DoUpdateKeyDataCredentials] Update key data credentials
2025-05-26 17:27:14.626: [INFO][SyncSchedulerImpl::DoConfigurationSyncCycleJob] Configure job was blocked
2025-05-26 17:27:14.708: [INFO][SyncAuthManager::SetLastAuthError] Current auth error: None
2025-05-26 17:27:14.708: [INFO][SyncAuthManager::EdgeLogTokenErrorState] Token error with: None for account type: AAD
2025-05-26 17:27:14.708: [INFO][Sync] Credentials changed for: EdgeSyncScopeNew
2025-05-26 17:27:14.708: [INFO][SyncEngineBackend::DoUpdateCredentials] Update credentials
2025-05-26 17:27:14.708: [INFO][SyncSchedulerImpl::DoConfigurationSyncCycleJob] Blocked types:  and types to download: Encryption Keys
2025-05-26 17:27:16.994: [INFO][SyncEngineBackend::DoUpdateKeyDataCredentials] Update key data credentials
2025-05-26 17:27:16.997: [INFO][Sync] Started DataTypeManager configuration, reason: 4
2025-05-26 17:27:16.997: [INFO][Sync] Configuring for: Bookmarks, Preferences, Passwords, Autofill Profiles, Autofill, Extensions, Sessions, Extension settings, History Delete Directives, Device Info, User Consents, Send Tab To Self, Web Apps, History, Saved Tab Group, Collection, Edge E Drop, Edge Hub App Usage, Edge Tab Group, Edge Wallet, Encryption Keys, reason: 4, current state: 0
2025-05-26 17:27:16.997: [INFO][SyncEngineBackend::DoStartConfiguration] Start configuration
2025-05-26 17:27:16.998: [INFO][Sync] Configure, desired: Bookmarks, Preferences, Passwords, Autofill Profiles, Autofill, Extensions, Sessions, Extension settings, History Delete Directives, Device Info, User Consents, Send Tab To Self, Web Apps, History, Saved Tab Group, Collection, Edge E Drop, Edge Hub App Usage, Edge Tab Group, Edge Wallet, Encryption Keys; Allow fail: 
2025-05-26 17:27:16.998: [INFO][Sync] Loading: Bookmarks
2025-05-26 17:27:16.998: [INFO][Sync] Loading: Preferences
2025-05-26 17:27:16.998: [INFO][Sync] Loading: Passwords
2025-05-26 17:27:16.998: [INFO][Sync] Loading: Autofill Profiles
2025-05-26 17:27:16.998: [INFO][Sync] Loading: Autofill
2025-05-26 17:27:16.998: [INFO][Sync] Loading: Extensions
2025-05-26 17:27:16.998: [INFO][Sync] Loading: Sessions
2025-05-26 17:27:16.998: [INFO][Sync] Loading: Extension settings
2025-05-26 17:27:16.998: [INFO][Sync] Loading: History Delete Directives
2025-05-26 17:27:16.998: [INFO][Sync] Loading: Device Info
2025-05-26 17:27:16.998: [INFO][Sync] Loading: User Consents
2025-05-26 17:27:16.998: [INFO][Sync] Loading: Send Tab To Self
2025-05-26 17:27:16.998: [INFO][Sync] Loading: Web Apps
2025-05-26 17:27:16.998: [INFO][Sync] Loading: History
2025-05-26 17:27:16.998: [INFO][Sync] Loading: Saved Tab Group
2025-05-26 17:27:16.998: [INFO][Sync] Loading: Collection
2025-05-26 17:27:16.998: [INFO][Sync] Loading: Edge E Drop
2025-05-26 17:27:16.998: [INFO][Sync] Loading: Edge Hub App Usage
2025-05-26 17:27:16.998: [INFO][Sync] Loading: Edge Tab Group
2025-05-26 17:27:16.998: [INFO][Sync] Loading: Edge Wallet
2025-05-26 17:27:17.000: [INFO][Sync] All data types are ready for configure.
2025-05-26 17:27:17.001: [INFO][SyncManagerImpl::ConfigureSyncer] Types to download:  with reason: 4
2025-05-26 17:27:17.001: [INFO][SyncEngineBackend::DoFinishConfigureDataTypes] Failed to download types:  and succeeded types: 
2025-05-26 17:27:17.006: [INFO][Sync] ConfigurationDone, failed: , succeeded: , remaining count: 4
2025-05-26 17:27:17.006: [INFO][SyncManagerImpl::ConfigureSyncer] Types to download:  with reason: 4
2025-05-26 17:27:17.006: [INFO][SyncEngineBackend::DoFinishConfigureDataTypes] Failed to download types:  and succeeded types: 
2025-05-26 17:27:17.006: [INFO][Sync] ConfigurationDone, failed: , succeeded: , remaining count: 3
2025-05-26 17:27:17.006: [INFO][SyncManagerImpl::ConfigureSyncer] Types to download:  with reason: 4
2025-05-26 17:27:17.006: [INFO][SyncEngineBackend::DoFinishConfigureDataTypes] Failed to download types:  and succeeded types: 
2025-05-26 17:27:17.007: [INFO][Sync] ConfigurationDone, failed: , succeeded: , remaining count: 2
2025-05-26 17:27:17.007: [INFO][SyncManagerImpl::ConfigureSyncer] Types to download:  with reason: 4
2025-05-26 17:27:17.007: [INFO][SyncEngineBackend::DoFinishConfigureDataTypes] Failed to download types:  and succeeded types: 
2025-05-26 17:27:17.007: [INFO][Sync] ConfigurationDone, failed: , succeeded: , remaining count: 1
2025-05-26 17:27:17.009: [INFO][SyncManagerImpl::ConfigureSyncer] Types to download:  with reason: 4
2025-05-26 17:27:17.009: [INFO][SyncEngineBackend::DoFinishConfigureDataTypes] Failed to download types:  and succeeded types: 
2025-05-26 17:27:17.009: [INFO][Sync] ConfigurationDone, failed: , succeeded: , remaining count: 0
2025-05-26 17:27:17.010: [INFO][Sync]     Configuration completed, state: 3
2025-05-26 17:27:17.011: [INFO][Sync] Configured DataTypeManager: Ok
2025-05-26 17:27:17.014: [INFO][SyncEngineBackend::DoStartSyncing] Start syncing
2025-05-26 17:33:22.223: [INFO][Sync] Reset engine, reason: 0
2025-05-26 17:33:22.223: [INFO][Sync] Reset engine with reason: 0
2025-05-26 17:33:48.763: [INFO][Sync] SyncState after authenticated was: FeatureCanStart
2025-05-26 17:33:49.128: [INFO][Sync] Try to start sync engine
2025-05-26 17:33:49.130: [INFO][SyncManagerImpl::NudgeForInitialDownload] Initial download nudge for Encryption Keys
2025-05-26 17:33:49.130: [INFO][SyncEngineBackend::LoadAndConnectNigoriController] Load and connect Nigori controller
2025-05-26 17:33:49.130: [INFO][SyncEngineBackend::DoInitialize] Control Types added: Encryption Keys
2025-05-26 17:33:49.130: [INFO][SyncManagerImpl::ConfigureSyncer] Types to download: Encryption Keys with reason: 3
2025-05-26 17:33:49.130: [INFO][SyncSchedulerImpl::DoConfigurationSyncCycleJob] Configure job was blocked
2025-05-26 17:33:49.226: [INFO][SyncAuthManager::SetLastAuthError] Current auth error: None
2025-05-26 17:33:49.226: [INFO][SyncAuthManager::EdgeLogTokenErrorState] Token error with: None for account type: AAD
2025-05-26 17:33:49.226: [INFO][Sync] Credentials changed for: EdgeSyncKeyDataScope
2025-05-26 17:33:49.226: [INFO][SyncEngineBackend::DoUpdateKeyDataCredentials] Update key data credentials
2025-05-26 17:33:49.241: [INFO][SyncAuthManager::SetLastAuthError] Current auth error: None
2025-05-26 17:33:49.241: [INFO][SyncAuthManager::EdgeLogTokenErrorState] Token error with: None for account type: AAD
2025-05-26 17:33:49.241: [INFO][Sync] Credentials changed for: EdgeSyncScopeNew
2025-05-26 17:33:49.241: [INFO][SyncEngineBackend::DoUpdateCredentials] Update credentials
2025-05-26 17:33:49.241: [INFO][SyncSchedulerImpl::DoConfigurationSyncCycleJob] Blocked types:  and types to download: Encryption Keys
2025-05-26 17:33:52.146: [INFO][SyncEngineBackend::DoUpdateKeyDataCredentials] Update key data credentials
2025-05-26 17:33:52.148: [INFO][Sync] Started DataTypeManager configuration, reason: 4
2025-05-26 17:33:52.148: [INFO][Sync] Configuring for: Bookmarks, Preferences, Passwords, Autofill Profiles, Autofill, Extensions, Sessions, Extension settings, History Delete Directives, Device Info, User Consents, Send Tab To Self, Web Apps, History, Saved Tab Group, Collection, Edge E Drop, Edge Hub App Usage, Edge Tab Group, Edge Wallet, Encryption Keys, reason: 4, current state: 0
2025-05-26 17:33:52.148: [INFO][SyncEngineBackend::DoStartConfiguration] Start configuration
2025-05-26 17:33:52.149: [INFO][Sync] Configure, desired: Bookmarks, Preferences, Passwords, Autofill Profiles, Autofill, Extensions, Sessions, Extension settings, History Delete Directives, Device Info, User Consents, Send Tab To Self, Web Apps, History, Saved Tab Group, Collection, Edge E Drop, Edge Hub App Usage, Edge Tab Group, Edge Wallet, Encryption Keys; Allow fail: 
2025-05-26 17:33:52.149: [INFO][Sync] Loading: Bookmarks
2025-05-26 17:33:52.149: [INFO][Sync] Loading: Preferences
2025-05-26 17:33:52.149: [INFO][Sync] Loading: Passwords
2025-05-26 17:33:52.149: [INFO][Sync] Loading: Autofill Profiles
2025-05-26 17:33:52.149: [INFO][Sync] Loading: Autofill
2025-05-26 17:33:52.149: [INFO][Sync] Loading: Extensions
2025-05-26 17:33:52.149: [INFO][Sync] Loading: Sessions
2025-05-26 17:33:52.149: [INFO][Sync] Loading: Extension settings
2025-05-26 17:33:52.150: [INFO][Sync] Loading: History Delete Directives
2025-05-26 17:33:52.150: [INFO][Sync] Loading: Device Info
2025-05-26 17:33:52.150: [INFO][Sync] Loading: User Consents
2025-05-26 17:33:52.150: [INFO][Sync] Loading: Send Tab To Self
2025-05-26 17:33:52.150: [INFO][Sync] Loading: Web Apps
2025-05-26 17:33:52.150: [INFO][Sync] Loading: History
2025-05-26 17:33:52.150: [INFO][Sync] Loading: Saved Tab Group
2025-05-26 17:33:52.150: [INFO][Sync] Loading: Collection
2025-05-26 17:33:52.150: [INFO][Sync] Loading: Edge E Drop
2025-05-26 17:33:52.150: [INFO][Sync] Loading: Edge Hub App Usage
2025-05-26 17:33:52.150: [INFO][Sync] Loading: Edge Tab Group
2025-05-26 17:33:52.150: [INFO][Sync] Loading: Edge Wallet
2025-05-26 17:33:52.155: [INFO][Sync] All data types are ready for configure.
2025-05-26 17:33:52.155: [INFO][SyncManagerImpl::ConfigureSyncer] Types to download:  with reason: 4
2025-05-26 17:33:52.155: [INFO][SyncEngineBackend::DoFinishConfigureDataTypes] Failed to download types:  and succeeded types: 
2025-05-26 17:33:52.156: [INFO][Sync] ConfigurationDone, failed: , succeeded: , remaining count: 4
2025-05-26 17:33:52.156: [INFO][SyncManagerImpl::ConfigureSyncer] Types to download:  with reason: 4
2025-05-26 17:33:52.156: [INFO][SyncEngineBackend::DoFinishConfigureDataTypes] Failed to download types:  and succeeded types: 
2025-05-26 17:33:52.156: [INFO][Sync] ConfigurationDone, failed: , succeeded: , remaining count: 3
2025-05-26 17:33:52.156: [INFO][SyncManagerImpl::ConfigureSyncer] Types to download:  with reason: 4
2025-05-26 17:33:52.156: [INFO][SyncEngineBackend::DoFinishConfigureDataTypes] Failed to download types:  and succeeded types: 
2025-05-26 17:33:52.156: [INFO][Sync] ConfigurationDone, failed: , succeeded: , remaining count: 2
2025-05-26 17:33:52.156: [INFO][SyncManagerImpl::ConfigureSyncer] Types to download:  with reason: 4
2025-05-26 17:33:52.156: [INFO][SyncEngineBackend::DoFinishConfigureDataTypes] Failed to download types:  and succeeded types: 
2025-05-26 17:33:52.156: [INFO][Sync] ConfigurationDone, failed: , succeeded: , remaining count: 1
2025-05-26 17:33:52.157: [INFO][SyncManagerImpl::ConfigureSyncer] Types to download:  with reason: 4
2025-05-26 17:33:52.157: [INFO][SyncEngineBackend::DoFinishConfigureDataTypes] Failed to download types:  and succeeded types: 
2025-05-26 17:33:52.157: [INFO][Sync] ConfigurationDone, failed: , succeeded: , remaining count: 0
2025-05-26 17:33:52.159: [INFO][Sync]     Configuration completed, state: 3
2025-05-26 17:33:52.159: [INFO][Sync] Configured DataTypeManager: Ok
2025-05-26 17:33:52.161: [INFO][SyncEngineBackend::DoStartSyncing] Start syncing
2025-05-26 17:35:54.184: [INFO][Sync] Reset engine, reason: 0
2025-05-26 17:35:54.184: [INFO][Sync] Reset engine with reason: 0
2025-05-26 17:36:20.249: [INFO][Sync] SyncState after authenticated was: FeatureCanStart
2025-05-26 17:36:20.657: [INFO][SyncAuthManager::SetLastAuthError] Current auth error: None
2025-05-26 17:36:20.657: [INFO][SyncAuthManager::EdgeLogTokenErrorState] Token error with: None for account type: AAD
2025-05-26 17:36:20.657: [INFO][Sync] Credentials changed for: EdgeSyncKeyDataScope
2025-05-26 17:36:20.657: [INFO][Sync] Try to start sync engine
2025-05-26 17:36:20.664: [INFO][SyncManagerImpl::NudgeForInitialDownload] Initial download nudge for Encryption Keys
2025-05-26 17:36:20.664: [INFO][SyncEngineBackend::LoadAndConnectNigoriController] Load and connect Nigori controller
2025-05-26 17:36:20.664: [INFO][SyncEngineBackend::DoInitialize] Control Types added: Encryption Keys
2025-05-26 17:36:20.664: [INFO][SyncManagerImpl::ConfigureSyncer] Types to download: Encryption Keys with reason: 3
2025-05-26 17:36:20.664: [INFO][SyncEngineBackend::DoUpdateKeyDataCredentials] Update key data credentials
2025-05-26 17:36:20.664: [INFO][SyncSchedulerImpl::DoConfigurationSyncCycleJob] Configure job was blocked
2025-05-26 17:36:20.716: [INFO][SyncAuthManager::SetLastAuthError] Current auth error: None
2025-05-26 17:36:20.716: [INFO][SyncAuthManager::EdgeLogTokenErrorState] Token error with: None for account type: AAD
2025-05-26 17:36:20.716: [INFO][Sync] Credentials changed for: EdgeSyncScopeNew
2025-05-26 17:36:20.716: [INFO][SyncEngineBackend::DoUpdateCredentials] Update credentials
2025-05-26 17:36:20.716: [INFO][SyncSchedulerImpl::DoConfigurationSyncCycleJob] Blocked types:  and types to download: Encryption Keys
2025-05-26 17:36:24.126: [INFO][SyncEngineBackend::DoUpdateKeyDataCredentials] Update key data credentials
2025-05-26 17:36:24.128: [INFO][Sync] Started DataTypeManager configuration, reason: 4
2025-05-26 17:36:24.128: [INFO][Sync] Configuring for: Bookmarks, Preferences, Passwords, Autofill Profiles, Autofill, Extensions, Sessions, Extension settings, History Delete Directives, Device Info, User Consents, Send Tab To Self, Web Apps, History, Saved Tab Group, Collection, Edge E Drop, Edge Hub App Usage, Edge Tab Group, Edge Wallet, Encryption Keys, reason: 4, current state: 0
2025-05-26 17:36:24.129: [INFO][SyncEngineBackend::DoStartConfiguration] Start configuration
2025-05-26 17:36:24.130: [INFO][Sync] Configure, desired: Bookmarks, Preferences, Passwords, Autofill Profiles, Autofill, Extensions, Sessions, Extension settings, History Delete Directives, Device Info, User Consents, Send Tab To Self, Web Apps, History, Saved Tab Group, Collection, Edge E Drop, Edge Hub App Usage, Edge Tab Group, Edge Wallet, Encryption Keys; Allow fail: 
2025-05-26 17:36:24.130: [INFO][Sync] Loading: Bookmarks
2025-05-26 17:36:24.130: [INFO][Sync] Loading: Preferences
2025-05-26 17:36:24.130: [INFO][Sync] Loading: Passwords
2025-05-26 17:36:24.130: [INFO][Sync] Loading: Autofill Profiles
2025-05-26 17:36:24.130: [INFO][Sync] Loading: Autofill
2025-05-26 17:36:24.130: [INFO][Sync] Loading: Extensions
2025-05-26 17:36:24.130: [INFO][Sync] Loading: Sessions
2025-05-26 17:36:24.130: [INFO][Sync] Loading: Extension settings
2025-05-26 17:36:24.130: [INFO][Sync] Loading: History Delete Directives
2025-05-26 17:36:24.130: [INFO][Sync] Loading: Device Info
2025-05-26 17:36:24.130: [INFO][Sync] Loading: User Consents
2025-05-26 17:36:24.130: [INFO][Sync] Loading: Send Tab To Self
2025-05-26 17:36:24.130: [INFO][Sync] Loading: Web Apps
2025-05-26 17:36:24.130: [INFO][Sync] Loading: History
2025-05-26 17:36:24.130: [INFO][Sync] Loading: Saved Tab Group
2025-05-26 17:36:24.130: [INFO][Sync] Loading: Collection
2025-05-26 17:36:24.130: [INFO][Sync] Loading: Edge E Drop
2025-05-26 17:36:24.130: [INFO][Sync] Loading: Edge Hub App Usage
2025-05-26 17:36:24.130: [INFO][Sync] Loading: Edge Tab Group
2025-05-26 17:36:24.130: [INFO][Sync] Loading: Edge Wallet
2025-05-26 17:36:24.135: [INFO][Sync] All data types are ready for configure.
2025-05-26 17:36:24.135: [INFO][SyncManagerImpl::ConfigureSyncer] Types to download:  with reason: 4
2025-05-26 17:36:24.135: [INFO][SyncEngineBackend::DoFinishConfigureDataTypes] Failed to download types:  and succeeded types: 
2025-05-26 17:36:24.135: [INFO][Sync] ConfigurationDone, failed: , succeeded: , remaining count: 4
2025-05-26 17:36:24.135: [INFO][SyncManagerImpl::ConfigureSyncer] Types to download:  with reason: 4
2025-05-26 17:36:24.135: [INFO][SyncEngineBackend::DoFinishConfigureDataTypes] Failed to download types:  and succeeded types: 
2025-05-26 17:36:24.135: [INFO][Sync] ConfigurationDone, failed: , succeeded: , remaining count: 3
2025-05-26 17:36:24.136: [INFO][SyncManagerImpl::ConfigureSyncer] Types to download:  with reason: 4
2025-05-26 17:36:24.136: [INFO][SyncEngineBackend::DoFinishConfigureDataTypes] Failed to download types:  and succeeded types: 
2025-05-26 17:36:24.136: [INFO][Sync] ConfigurationDone, failed: , succeeded: , remaining count: 2
2025-05-26 17:36:24.136: [INFO][SyncManagerImpl::ConfigureSyncer] Types to download:  with reason: 4
2025-05-26 17:36:24.136: [INFO][SyncEngineBackend::DoFinishConfigureDataTypes] Failed to download types:  and succeeded types: 
2025-05-26 17:36:24.136: [INFO][Sync] ConfigurationDone, failed: , succeeded: , remaining count: 1
2025-05-26 17:36:24.137: [INFO][SyncManagerImpl::ConfigureSyncer] Types to download:  with reason: 4
2025-05-26 17:36:24.137: [INFO][SyncEngineBackend::DoFinishConfigureDataTypes] Failed to download types:  and succeeded types: 
2025-05-26 17:36:24.137: [INFO][Sync] ConfigurationDone, failed: , succeeded: , remaining count: 0
2025-05-26 17:36:24.139: [INFO][Sync]     Configuration completed, state: 3
2025-05-26 17:36:24.139: [INFO][Sync] Configured DataTypeManager: Ok
2025-05-26 17:36:24.141: [INFO][SyncEngineBackend::DoStartSyncing] Start syncing
2025-05-26 17:37:28.901: [INFO][Sync] Reset engine, reason: 0
2025-05-26 17:37:28.901: [INFO][Sync] Reset engine with reason: 0
2025-05-26 17:37:28.901: [INFO][SyncSchedulerImpl::OnSyncNetworkError] Syncer error: Network error (ERR_ABORTED)
2025-05-26 17:37:28.901: [INFO][Commit::ReportFullCommitFailure] Commit Sessions, History failed with error: NetworkError
2025-05-26 17:37:28.901: [INFO][SyncSchedulerImpl::DoNudgeSyncCycleJob] Syncer error: Network error (ERR_ABORTED)
2025-05-26 17:38:03.414: [INFO][Sync] SyncState after authenticated was: FeatureCanStart
2025-05-26 17:38:03.805: [INFO][Sync] Try to start sync engine
2025-05-26 17:38:03.811: [INFO][SyncManagerImpl::NudgeForInitialDownload] Initial download nudge for Encryption Keys
2025-05-26 17:38:03.811: [INFO][SyncEngineBackend::LoadAndConnectNigoriController] Load and connect Nigori controller
2025-05-26 17:38:03.811: [INFO][SyncEngineBackend::DoInitialize] Control Types added: Encryption Keys
2025-05-26 17:38:03.811: [INFO][SyncManagerImpl::ConfigureSyncer] Types to download: Encryption Keys with reason: 3
2025-05-26 17:38:03.811: [INFO][SyncSchedulerImpl::DoConfigurationSyncCycleJob] Configure job was blocked
2025-05-26 17:38:03.813: [INFO][SyncAuthManager::SetLastAuthError] Current auth error: None
2025-05-26 17:38:03.813: [INFO][SyncAuthManager::EdgeLogTokenErrorState] Token error with: None for account type: AAD
2025-05-26 17:38:03.813: [INFO][Sync] Credentials changed for: EdgeSyncKeyDataScope
2025-05-26 17:38:03.813: [INFO][SyncEngineBackend::DoUpdateKeyDataCredentials] Update key data credentials
2025-05-26 17:38:03.862: [INFO][SyncAuthManager::SetLastAuthError] Current auth error: None
2025-05-26 17:38:03.862: [INFO][SyncAuthManager::EdgeLogTokenErrorState] Token error with: None for account type: AAD
2025-05-26 17:38:03.862: [INFO][Sync] Credentials changed for: EdgeSyncScopeNew
2025-05-26 17:38:03.862: [INFO][SyncEngineBackend::DoUpdateCredentials] Update credentials
2025-05-26 17:38:03.862: [INFO][SyncEngineBackend::DoUpdateKeyDataCredentials] Update key data credentials
2025-05-26 17:38:03.863: [INFO][SyncSchedulerImpl::DoConfigurationSyncCycleJob] Blocked types:  and types to download: Encryption Keys
2025-05-26 17:38:06.796: [INFO][Sync] Started DataTypeManager configuration, reason: 4
2025-05-26 17:38:06.796: [INFO][Sync] Configuring for: Bookmarks, Preferences, Passwords, Autofill Profiles, Autofill, Extensions, Sessions, Extension settings, History Delete Directives, Device Info, User Consents, Send Tab To Self, Web Apps, History, Saved Tab Group, Collection, Edge E Drop, Edge Hub App Usage, Edge Tab Group, Edge Wallet, Encryption Keys, reason: 4, current state: 0
2025-05-26 17:38:06.796: [INFO][SyncEngineBackend::DoStartConfiguration] Start configuration
2025-05-26 17:38:06.797: [INFO][Sync] Configure, desired: Bookmarks, Preferences, Passwords, Autofill Profiles, Autofill, Extensions, Sessions, Extension settings, History Delete Directives, Device Info, User Consents, Send Tab To Self, Web Apps, History, Saved Tab Group, Collection, Edge E Drop, Edge Hub App Usage, Edge Tab Group, Edge Wallet, Encryption Keys; Allow fail: 
2025-05-26 17:38:06.797: [INFO][Sync] Loading: Bookmarks
2025-05-26 17:38:06.797: [INFO][Sync] Loading: Preferences
2025-05-26 17:38:06.797: [INFO][Sync] Loading: Passwords
2025-05-26 17:38:06.797: [INFO][Sync] Loading: Autofill Profiles
2025-05-26 17:38:06.797: [INFO][Sync] Loading: Autofill
2025-05-26 17:38:06.797: [INFO][Sync] Loading: Extensions
2025-05-26 17:38:06.797: [INFO][Sync] Loading: Sessions
2025-05-26 17:38:06.797: [INFO][Sync] Loading: Extension settings
2025-05-26 17:38:06.797: [INFO][Sync] Loading: History Delete Directives
2025-05-26 17:38:06.797: [INFO][Sync] Loading: Device Info
2025-05-26 17:38:06.797: [INFO][Sync] Loading: User Consents
2025-05-26 17:38:06.797: [INFO][Sync] Loading: Send Tab To Self
2025-05-26 17:38:06.797: [INFO][Sync] Loading: Web Apps
2025-05-26 17:38:06.797: [INFO][Sync] Loading: History
2025-05-26 17:38:06.797: [INFO][Sync] Loading: Saved Tab Group
2025-05-26 17:38:06.797: [INFO][Sync] Loading: Collection
2025-05-26 17:38:06.797: [INFO][Sync] Loading: Edge E Drop
2025-05-26 17:38:06.797: [INFO][Sync] Loading: Edge Hub App Usage
2025-05-26 17:38:06.797: [INFO][Sync] Loading: Edge Tab Group
2025-05-26 17:38:06.797: [INFO][Sync] Loading: Edge Wallet
2025-05-26 17:38:06.799: [INFO][Sync] All data types are ready for configure.
2025-05-26 17:38:06.800: [INFO][SyncManagerImpl::ConfigureSyncer] Types to download:  with reason: 4
2025-05-26 17:38:06.800: [INFO][SyncEngineBackend::DoFinishConfigureDataTypes] Failed to download types:  and succeeded types: 
2025-05-26 17:38:06.800: [INFO][Sync] ConfigurationDone, failed: , succeeded: , remaining count: 4
2025-05-26 17:38:06.800: [INFO][SyncManagerImpl::ConfigureSyncer] Types to download:  with reason: 4
2025-05-26 17:38:06.800: [INFO][SyncEngineBackend::DoFinishConfigureDataTypes] Failed to download types:  and succeeded types: 
2025-05-26 17:38:06.800: [INFO][Sync] ConfigurationDone, failed: , succeeded: , remaining count: 3
2025-05-26 17:38:06.800: [INFO][SyncManagerImpl::ConfigureSyncer] Types to download:  with reason: 4
2025-05-26 17:38:06.800: [INFO][SyncEngineBackend::DoFinishConfigureDataTypes] Failed to download types:  and succeeded types: 
2025-05-26 17:38:06.800: [INFO][Sync] ConfigurationDone, failed: , succeeded: , remaining count: 2
2025-05-26 17:38:06.800: [INFO][SyncManagerImpl::ConfigureSyncer] Types to download:  with reason: 4
2025-05-26 17:38:06.800: [INFO][SyncEngineBackend::DoFinishConfigureDataTypes] Failed to download types:  and succeeded types: 
2025-05-26 17:38:06.800: [INFO][Sync] ConfigurationDone, failed: , succeeded: , remaining count: 1
2025-05-26 17:38:06.802: [INFO][SyncManagerImpl::ConfigureSyncer] Types to download:  with reason: 4
2025-05-26 17:38:06.802: [INFO][SyncEngineBackend::DoFinishConfigureDataTypes] Failed to download types:  and succeeded types: 
2025-05-26 17:38:06.802: [INFO][Sync] ConfigurationDone, failed: , succeeded: , remaining count: 0
2025-05-26 17:38:06.804: [INFO][Sync]     Configuration completed, state: 3
2025-05-26 17:38:06.804: [INFO][Sync] Configured DataTypeManager: Ok
2025-05-26 17:38:06.806: [INFO][SyncEngineBackend::DoStartSyncing] Start syncing
2025-05-26 17:51:45.629: [INFO][Sync] Reset engine, reason: 0
2025-05-26 17:51:45.629: [INFO][Sync] Reset engine with reason: 0
2025-05-26 17:52:12.384: [INFO][Sync] SyncState after authenticated was: FeatureCanStart
2025-05-26 17:52:12.724: [INFO][SyncAuthManager::SetLastAuthError] Current auth error: None
2025-05-26 17:52:12.724: [INFO][SyncAuthManager::EdgeLogTokenErrorState] Token error with: None for account type: AAD
2025-05-26 17:52:12.724: [INFO][Sync] Credentials changed for: EdgeSyncKeyDataScope
2025-05-26 17:52:12.725: [INFO][Sync] Try to start sync engine
2025-05-26 17:52:12.729: [INFO][SyncManagerImpl::NudgeForInitialDownload] Initial download nudge for Encryption Keys
2025-05-26 17:52:12.729: [INFO][SyncEngineBackend::LoadAndConnectNigoriController] Load and connect Nigori controller
2025-05-26 17:52:12.729: [INFO][SyncEngineBackend::DoInitialize] Control Types added: Encryption Keys
2025-05-26 17:52:12.729: [INFO][SyncManagerImpl::ConfigureSyncer] Types to download: Encryption Keys with reason: 3
2025-05-26 17:52:12.729: [INFO][SyncEngineBackend::DoUpdateKeyDataCredentials] Update key data credentials
2025-05-26 17:52:12.729: [INFO][SyncSchedulerImpl::DoConfigurationSyncCycleJob] Configure job was blocked
2025-05-26 17:52:12.767: [INFO][SyncAuthManager::SetLastAuthError] Current auth error: None
2025-05-26 17:52:12.767: [INFO][SyncAuthManager::EdgeLogTokenErrorState] Token error with: None for account type: AAD
2025-05-26 17:52:12.767: [INFO][Sync] Credentials changed for: EdgeSyncScopeNew
2025-05-26 17:52:12.767: [INFO][SyncEngineBackend::DoUpdateCredentials] Update credentials
2025-05-26 17:52:12.767: [INFO][SyncSchedulerImpl::DoConfigurationSyncCycleJob] Blocked types:  and types to download: Encryption Keys
2025-05-26 17:52:16.229: [INFO][SyncEngineBackend::DoUpdateKeyDataCredentials] Update key data credentials
2025-05-26 17:52:16.232: [INFO][Sync] Started DataTypeManager configuration, reason: 4
2025-05-26 17:52:16.232: [INFO][Sync] Configuring for: Bookmarks, Preferences, Passwords, Autofill Profiles, Autofill, Extensions, Sessions, Extension settings, History Delete Directives, Device Info, User Consents, Send Tab To Self, Web Apps, History, Saved Tab Group, Collection, Edge E Drop, Edge Hub App Usage, Edge Tab Group, Edge Wallet, Encryption Keys, reason: 4, current state: 0
2025-05-26 17:52:16.232: [INFO][SyncEngineBackend::DoStartConfiguration] Start configuration
2025-05-26 17:52:16.233: [INFO][Sync] Configure, desired: Bookmarks, Preferences, Passwords, Autofill Profiles, Autofill, Extensions, Sessions, Extension settings, History Delete Directives, Device Info, User Consents, Send Tab To Self, Web Apps, History, Saved Tab Group, Collection, Edge E Drop, Edge Hub App Usage, Edge Tab Group, Edge Wallet, Encryption Keys; Allow fail: 
2025-05-26 17:52:16.233: [INFO][Sync] Loading: Bookmarks
2025-05-26 17:52:16.233: [INFO][Sync] Loading: Preferences
2025-05-26 17:52:16.233: [INFO][Sync] Loading: Passwords
2025-05-26 17:52:16.233: [INFO][Sync] Loading: Autofill Profiles
2025-05-26 17:52:16.233: [INFO][Sync] Loading: Autofill
2025-05-26 17:52:16.233: [INFO][Sync] Loading: Extensions
2025-05-26 17:52:16.233: [INFO][Sync] Loading: Sessions
2025-05-26 17:52:16.233: [INFO][Sync] Loading: Extension settings
2025-05-26 17:52:16.233: [INFO][Sync] Loading: History Delete Directives
2025-05-26 17:52:16.233: [INFO][Sync] Loading: Device Info
2025-05-26 17:52:16.233: [INFO][Sync] Loading: User Consents
2025-05-26 17:52:16.233: [INFO][Sync] Loading: Send Tab To Self
2025-05-26 17:52:16.233: [INFO][Sync] Loading: Web Apps
2025-05-26 17:52:16.233: [INFO][Sync] Loading: History
2025-05-26 17:52:16.233: [INFO][Sync] Loading: Saved Tab Group
2025-05-26 17:52:16.233: [INFO][Sync] Loading: Collection
2025-05-26 17:52:16.233: [INFO][Sync] Loading: Edge E Drop
2025-05-26 17:52:16.233: [INFO][Sync] Loading: Edge Hub App Usage
2025-05-26 17:52:16.233: [INFO][Sync] Loading: Edge Tab Group
2025-05-26 17:52:16.233: [INFO][Sync] Loading: Edge Wallet
2025-05-26 17:52:16.239: [INFO][Sync] All data types are ready for configure.
2025-05-26 17:52:16.239: [INFO][SyncManagerImpl::ConfigureSyncer] Types to download:  with reason: 4
2025-05-26 17:52:16.239: [INFO][SyncEngineBackend::DoFinishConfigureDataTypes] Failed to download types:  and succeeded types: 
2025-05-26 17:52:16.239: [INFO][Sync] ConfigurationDone, failed: , succeeded: , remaining count: 4
2025-05-26 17:52:16.240: [INFO][SyncManagerImpl::ConfigureSyncer] Types to download:  with reason: 4
2025-05-26 17:52:16.240: [INFO][SyncEngineBackend::DoFinishConfigureDataTypes] Failed to download types:  and succeeded types: 
2025-05-26 17:52:16.240: [INFO][Sync] ConfigurationDone, failed: , succeeded: , remaining count: 3
2025-05-26 17:52:16.240: [INFO][SyncManagerImpl::ConfigureSyncer] Types to download:  with reason: 4
2025-05-26 17:52:16.240: [INFO][SyncEngineBackend::DoFinishConfigureDataTypes] Failed to download types:  and succeeded types: 
2025-05-26 17:52:16.240: [INFO][Sync] ConfigurationDone, failed: , succeeded: , remaining count: 2
2025-05-26 17:52:16.240: [INFO][SyncManagerImpl::ConfigureSyncer] Types to download:  with reason: 4
2025-05-26 17:52:16.240: [INFO][SyncEngineBackend::DoFinishConfigureDataTypes] Failed to download types:  and succeeded types: 
2025-05-26 17:52:16.240: [INFO][Sync] ConfigurationDone, failed: , succeeded: , remaining count: 1
2025-05-26 17:52:16.241: [INFO][SyncManagerImpl::ConfigureSyncer] Types to download:  with reason: 4
2025-05-26 17:52:16.241: [INFO][SyncEngineBackend::DoFinishConfigureDataTypes] Failed to download types:  and succeeded types: 
2025-05-26 17:52:16.241: [INFO][Sync] ConfigurationDone, failed: , succeeded: , remaining count: 0
2025-05-26 17:52:16.243: [INFO][Sync]     Configuration completed, state: 3
2025-05-26 17:52:16.243: [INFO][Sync] Configured DataTypeManager: Ok
2025-05-26 17:52:16.245: [INFO][SyncEngineBackend::DoStartSyncing] Start syncing
2025-05-26 18:00:28.622: [INFO][Sync] Reset engine, reason: 0
2025-05-26 18:00:28.622: [INFO][Sync] Reset engine with reason: 0
2025-05-26 18:00:53.345: [INFO][Sync] SyncState after authenticated was: FeatureCanStart
2025-05-26 18:00:53.725: [INFO][Sync] Try to start sync engine
2025-05-26 18:00:53.727: [INFO][SyncManagerImpl::NudgeForInitialDownload] Initial download nudge for Encryption Keys
2025-05-26 18:00:53.727: [INFO][SyncEngineBackend::LoadAndConnectNigoriController] Load and connect Nigori controller
2025-05-26 18:00:53.727: [INFO][SyncEngineBackend::DoInitialize] Control Types added: Encryption Keys
2025-05-26 18:00:53.727: [INFO][SyncManagerImpl::ConfigureSyncer] Types to download: Encryption Keys with reason: 3
2025-05-26 18:00:53.727: [INFO][SyncSchedulerImpl::DoConfigurationSyncCycleJob] Configure job was blocked
2025-05-26 18:00:53.737: [INFO][SyncAuthManager::SetLastAuthError] Current auth error: None
2025-05-26 18:00:53.737: [INFO][SyncAuthManager::EdgeLogTokenErrorState] Token error with: None for account type: AAD
2025-05-26 18:00:53.737: [INFO][Sync] Credentials changed for: EdgeSyncKeyDataScope
2025-05-26 18:00:53.737: [INFO][SyncEngineBackend::DoUpdateKeyDataCredentials] Update key data credentials
2025-05-26 18:00:53.778: [INFO][SyncAuthManager::SetLastAuthError] Current auth error: None
2025-05-26 18:00:53.778: [INFO][SyncAuthManager::EdgeLogTokenErrorState] Token error with: None for account type: AAD
2025-05-26 18:00:53.778: [INFO][Sync] Credentials changed for: EdgeSyncScopeNew
2025-05-26 18:00:53.778: [INFO][SyncEngineBackend::DoUpdateCredentials] Update credentials
2025-05-26 18:00:53.778: [INFO][SyncSchedulerImpl::DoConfigurationSyncCycleJob] Blocked types:  and types to download: Encryption Keys
2025-05-26 18:00:58.378: [INFO][SyncEngineBackend::DoUpdateKeyDataCredentials] Update key data credentials
2025-05-26 18:00:58.380: [INFO][Sync] Started DataTypeManager configuration, reason: 4
2025-05-26 18:00:58.380: [INFO][Sync] Configuring for: Bookmarks, Preferences, Passwords, Autofill Profiles, Autofill, Extensions, Sessions, Extension settings, History Delete Directives, Device Info, User Consents, Send Tab To Self, Web Apps, History, Saved Tab Group, Collection, Edge E Drop, Edge Hub App Usage, Edge Tab Group, Edge Wallet, Encryption Keys, reason: 4, current state: 0
2025-05-26 18:00:58.380: [INFO][SyncEngineBackend::DoStartConfiguration] Start configuration
2025-05-26 18:00:58.381: [INFO][Sync] Configure, desired: Bookmarks, Preferences, Passwords, Autofill Profiles, Autofill, Extensions, Sessions, Extension settings, History Delete Directives, Device Info, User Consents, Send Tab To Self, Web Apps, History, Saved Tab Group, Collection, Edge E Drop, Edge Hub App Usage, Edge Tab Group, Edge Wallet, Encryption Keys; Allow fail: 
2025-05-26 18:00:58.381: [INFO][Sync] Loading: Bookmarks
2025-05-26 18:00:58.381: [INFO][Sync] Loading: Preferences
2025-05-26 18:00:58.381: [INFO][Sync] Loading: Passwords
2025-05-26 18:00:58.381: [INFO][Sync] Loading: Autofill Profiles
2025-05-26 18:00:58.381: [INFO][Sync] Loading: Autofill
2025-05-26 18:00:58.381: [INFO][Sync] Loading: Extensions
2025-05-26 18:00:58.381: [INFO][Sync] Loading: Sessions
2025-05-26 18:00:58.381: [INFO][Sync] Loading: Extension settings
2025-05-26 18:00:58.381: [INFO][Sync] Loading: History Delete Directives
2025-05-26 18:00:58.382: [INFO][Sync] Loading: Device Info
2025-05-26 18:00:58.382: [INFO][Sync] Loading: User Consents
2025-05-26 18:00:58.382: [INFO][Sync] Loading: Send Tab To Self
2025-05-26 18:00:58.382: [INFO][Sync] Loading: Web Apps
2025-05-26 18:00:58.382: [INFO][Sync] Loading: History
2025-05-26 18:00:58.382: [INFO][Sync] Loading: Saved Tab Group
2025-05-26 18:00:58.382: [INFO][Sync] Loading: Collection
2025-05-26 18:00:58.382: [INFO][Sync] Loading: Edge E Drop
2025-05-26 18:00:58.382: [INFO][Sync] Loading: Edge Hub App Usage
2025-05-26 18:00:58.382: [INFO][Sync] Loading: Edge Tab Group
2025-05-26 18:00:58.382: [INFO][Sync] Loading: Edge Wallet
2025-05-26 18:00:58.386: [INFO][Sync] All data types are ready for configure.
2025-05-26 18:00:58.387: [INFO][SyncManagerImpl::ConfigureSyncer] Types to download:  with reason: 4
2025-05-26 18:00:58.387: [INFO][SyncEngineBackend::DoFinishConfigureDataTypes] Failed to download types:  and succeeded types: 
2025-05-26 18:00:58.387: [INFO][Sync] ConfigurationDone, failed: , succeeded: , remaining count: 4
2025-05-26 18:00:58.387: [INFO][SyncManagerImpl::ConfigureSyncer] Types to download:  with reason: 4
2025-05-26 18:00:58.387: [INFO][SyncEngineBackend::DoFinishConfigureDataTypes] Failed to download types:  and succeeded types: 
2025-05-26 18:00:58.387: [INFO][Sync] ConfigurationDone, failed: , succeeded: , remaining count: 3
2025-05-26 18:00:58.387: [INFO][SyncManagerImpl::ConfigureSyncer] Types to download:  with reason: 4
2025-05-26 18:00:58.387: [INFO][SyncEngineBackend::DoFinishConfigureDataTypes] Failed to download types:  and succeeded types: 
2025-05-26 18:00:58.387: [INFO][Sync] ConfigurationDone, failed: , succeeded: , remaining count: 2
2025-05-26 18:00:58.387: [INFO][SyncManagerImpl::ConfigureSyncer] Types to download:  with reason: 4
2025-05-26 18:00:58.387: [INFO][SyncEngineBackend::DoFinishConfigureDataTypes] Failed to download types:  and succeeded types: 
2025-05-26 18:00:58.387: [INFO][Sync] ConfigurationDone, failed: , succeeded: , remaining count: 1
2025-05-26 18:00:58.388: [INFO][SyncManagerImpl::ConfigureSyncer] Types to download:  with reason: 4
2025-05-26 18:00:58.388: [INFO][SyncEngineBackend::DoFinishConfigureDataTypes] Failed to download types:  and succeeded types: 
2025-05-26 18:00:58.388: [INFO][Sync] ConfigurationDone, failed: , succeeded: , remaining count: 0
2025-05-26 18:00:58.390: [INFO][Sync]     Configuration completed, state: 3
2025-05-26 18:00:58.390: [INFO][Sync] Configured DataTypeManager: Ok
2025-05-26 18:00:58.392: [INFO][SyncEngineBackend::DoStartSyncing] Start syncing
2025-05-26 18:01:47.927: [INFO][Sync] Reset engine, reason: 0
2025-05-26 18:01:47.927: [INFO][Sync] Reset engine with reason: 0
2025-05-26 18:04:42.187: [INFO][Sync] SyncState after authenticated was: FeatureCanStart
2025-05-26 18:04:42.567: [INFO][SyncAuthManager::SetLastAuthError] Current auth error: None
2025-05-26 18:04:42.567: [INFO][SyncAuthManager::EdgeLogTokenErrorState] Token error with: None for account type: AAD
2025-05-26 18:04:42.567: [INFO][Sync] Credentials changed for: EdgeSyncKeyDataScope
2025-05-26 18:04:42.567: [INFO][Sync] Try to start sync engine
2025-05-26 18:04:42.575: [INFO][SyncManagerImpl::NudgeForInitialDownload] Initial download nudge for Encryption Keys
2025-05-26 18:04:42.575: [INFO][SyncEngineBackend::LoadAndConnectNigoriController] Load and connect Nigori controller
2025-05-26 18:04:42.575: [INFO][SyncEngineBackend::DoInitialize] Control Types added: Encryption Keys
2025-05-26 18:04:42.575: [INFO][SyncManagerImpl::ConfigureSyncer] Types to download: Encryption Keys with reason: 3
2025-05-26 18:04:42.575: [INFO][SyncEngineBackend::DoUpdateKeyDataCredentials] Update key data credentials
2025-05-26 18:04:42.575: [INFO][SyncSchedulerImpl::DoConfigurationSyncCycleJob] Configure job was blocked
2025-05-26 18:04:42.636: [INFO][SyncAuthManager::SetLastAuthError] Current auth error: None
2025-05-26 18:04:42.636: [INFO][SyncAuthManager::EdgeLogTokenErrorState] Token error with: None for account type: AAD
2025-05-26 18:04:42.636: [INFO][Sync] Credentials changed for: EdgeSyncScopeNew
2025-05-26 18:04:42.636: [INFO][SyncEngineBackend::DoUpdateCredentials] Update credentials
2025-05-26 18:04:42.636: [INFO][SyncEngineBackend::DoUpdateKeyDataCredentials] Update key data credentials
2025-05-26 18:04:42.636: [INFO][SyncSchedulerImpl::DoConfigurationSyncCycleJob] Blocked types:  and types to download: Encryption Keys
2025-05-26 18:04:48.369: [INFO][Sync] Started DataTypeManager configuration, reason: 4
2025-05-26 18:04:48.369: [INFO][Sync] Configuring for: Bookmarks, Preferences, Passwords, Autofill Profiles, Autofill, Extensions, Sessions, Extension settings, History Delete Directives, Device Info, User Consents, Send Tab To Self, Web Apps, History, Saved Tab Group, Collection, Edge E Drop, Edge Hub App Usage, Edge Tab Group, Edge Wallet, Encryption Keys, reason: 4, current state: 0
2025-05-26 18:04:48.371: [INFO][Sync] Configure, desired: Bookmarks, Preferences, Passwords, Autofill Profiles, Autofill, Extensions, Sessions, Extension settings, History Delete Directives, Device Info, User Consents, Send Tab To Self, Web Apps, History, Saved Tab Group, Collection, Edge E Drop, Edge Hub App Usage, Edge Tab Group, Edge Wallet, Encryption Keys; Allow fail: 
2025-05-26 18:04:48.371: [INFO][Sync] Loading: Bookmarks
2025-05-26 18:04:48.371: [INFO][Sync] Loading: Preferences
2025-05-26 18:04:48.371: [INFO][Sync] Loading: Passwords
2025-05-26 18:04:48.371: [INFO][Sync] Loading: Autofill Profiles
2025-05-26 18:04:48.371: [INFO][Sync] Loading: Autofill
2025-05-26 18:04:48.371: [INFO][SyncEngineBackend::DoStartConfiguration] Start configuration
2025-05-26 18:04:48.371: [INFO][Sync] Loading: Extensions
2025-05-26 18:04:48.371: [INFO][Sync] Loading: Sessions
2025-05-26 18:04:48.371: [INFO][Sync] Loading: Extension settings
2025-05-26 18:04:48.371: [INFO][Sync] Loading: History Delete Directives
2025-05-26 18:04:48.371: [INFO][Sync] Loading: Device Info
2025-05-26 18:04:48.371: [INFO][Sync] Loading: User Consents
2025-05-26 18:04:48.371: [INFO][Sync] Loading: Send Tab To Self
2025-05-26 18:04:48.371: [INFO][Sync] Loading: Web Apps
2025-05-26 18:04:48.371: [INFO][Sync] Loading: History
2025-05-26 18:04:48.371: [INFO][Sync] Loading: Saved Tab Group
2025-05-26 18:04:48.371: [INFO][Sync] Loading: Collection
2025-05-26 18:04:48.371: [INFO][Sync] Loading: Edge E Drop
2025-05-26 18:04:48.371: [INFO][Sync] Loading: Edge Hub App Usage
2025-05-26 18:04:48.371: [INFO][Sync] Loading: Edge Tab Group
2025-05-26 18:04:48.371: [INFO][Sync] Loading: Edge Wallet
2025-05-26 18:04:48.377: [INFO][Sync] All data types are ready for configure.
2025-05-26 18:04:48.378: [INFO][SyncManagerImpl::ConfigureSyncer] Types to download:  with reason: 4
2025-05-26 18:04:48.378: [INFO][SyncEngineBackend::DoFinishConfigureDataTypes] Failed to download types:  and succeeded types: 
2025-05-26 18:04:48.378: [INFO][Sync] ConfigurationDone, failed: , succeeded: , remaining count: 4
2025-05-26 18:04:48.379: [INFO][SyncManagerImpl::ConfigureSyncer] Types to download:  with reason: 4
2025-05-26 18:04:48.379: [INFO][SyncEngineBackend::DoFinishConfigureDataTypes] Failed to download types:  and succeeded types: 
2025-05-26 18:04:48.379: [INFO][Sync] ConfigurationDone, failed: , succeeded: , remaining count: 3
2025-05-26 18:04:48.379: [INFO][SyncManagerImpl::ConfigureSyncer] Types to download:  with reason: 4
2025-05-26 18:04:48.379: [INFO][SyncEngineBackend::DoFinishConfigureDataTypes] Failed to download types:  and succeeded types: 
2025-05-26 18:04:48.379: [INFO][Sync] ConfigurationDone, failed: , succeeded: , remaining count: 2
2025-05-26 18:04:48.379: [INFO][SyncManagerImpl::ConfigureSyncer] Types to download:  with reason: 4
2025-05-26 18:04:48.379: [INFO][SyncEngineBackend::DoFinishConfigureDataTypes] Failed to download types:  and succeeded types: 
2025-05-26 18:04:48.379: [INFO][Sync] ConfigurationDone, failed: , succeeded: , remaining count: 1
2025-05-26 18:04:48.380: [INFO][SyncManagerImpl::ConfigureSyncer] Types to download:  with reason: 4
2025-05-26 18:04:48.380: [INFO][SyncEngineBackend::DoFinishConfigureDataTypes] Failed to download types:  and succeeded types: 
2025-05-26 18:04:48.380: [INFO][Sync] ConfigurationDone, failed: , succeeded: , remaining count: 0
2025-05-26 18:04:48.381: [INFO][Sync]     Configuration completed, state: 3
2025-05-26 18:04:48.381: [INFO][Sync] Configured DataTypeManager: Ok
2025-05-26 18:04:48.383: [INFO][SyncEngineBackend::DoStartSyncing] Start syncing
2025-05-26 18:04:57.062: [INFO][Sync] Reset engine, reason: 0
2025-05-26 18:04:57.062: [INFO][Sync] Reset engine with reason: 0
2025-05-26 18:05:29.791: [INFO][Sync] SyncState after authenticated was: FeatureCanStart
2025-05-26 18:05:30.156: [INFO][SyncAuthManager::SetLastAuthError] Current auth error: None
2025-05-26 18:05:30.156: [INFO][SyncAuthManager::EdgeLogTokenErrorState] Token error with: None for account type: AAD
2025-05-26 18:05:30.156: [INFO][Sync] Credentials changed for: EdgeSyncKeyDataScope
2025-05-26 18:05:30.156: [INFO][Sync] Try to start sync engine
2025-05-26 18:05:30.161: [INFO][SyncManagerImpl::NudgeForInitialDownload] Initial download nudge for Encryption Keys
2025-05-26 18:05:30.161: [INFO][SyncEngineBackend::LoadAndConnectNigoriController] Load and connect Nigori controller
2025-05-26 18:05:30.161: [INFO][SyncEngineBackend::DoInitialize] Control Types added: Encryption Keys
2025-05-26 18:05:30.161: [INFO][SyncManagerImpl::ConfigureSyncer] Types to download: Encryption Keys with reason: 3
2025-05-26 18:05:30.161: [INFO][SyncEngineBackend::DoUpdateKeyDataCredentials] Update key data credentials
2025-05-26 18:05:30.161: [INFO][SyncSchedulerImpl::DoConfigurationSyncCycleJob] Configure job was blocked
2025-05-26 18:05:30.258: [INFO][SyncAuthManager::SetLastAuthError] Current auth error: None
2025-05-26 18:05:30.258: [INFO][SyncAuthManager::EdgeLogTokenErrorState] Token error with: None for account type: AAD
2025-05-26 18:05:30.258: [INFO][Sync] Credentials changed for: EdgeSyncScopeNew
2025-05-26 18:05:30.258: [INFO][SyncEngineBackend::DoUpdateCredentials] Update credentials
2025-05-26 18:05:30.258: [INFO][SyncEngineBackend::DoUpdateKeyDataCredentials] Update key data credentials
2025-05-26 18:05:30.258: [INFO][SyncSchedulerImpl::DoConfigurationSyncCycleJob] Blocked types:  and types to download: Encryption Keys
2025-05-26 18:05:38.757: [INFO][Sync] Started DataTypeManager configuration, reason: 4
2025-05-26 18:05:38.757: [INFO][Sync] Configuring for: Bookmarks, Preferences, Passwords, Autofill Profiles, Autofill, Extensions, Sessions, Extension settings, History Delete Directives, Device Info, User Consents, Send Tab To Self, Web Apps, History, Saved Tab Group, Collection, Edge E Drop, Edge Hub App Usage, Edge Tab Group, Edge Wallet, Encryption Keys, reason: 4, current state: 0
2025-05-26 18:05:38.758: [INFO][SyncEngineBackend::DoStartConfiguration] Start configuration
2025-05-26 18:05:38.759: [INFO][Sync] Configure, desired: Bookmarks, Preferences, Passwords, Autofill Profiles, Autofill, Extensions, Sessions, Extension settings, History Delete Directives, Device Info, User Consents, Send Tab To Self, Web Apps, History, Saved Tab Group, Collection, Edge E Drop, Edge Hub App Usage, Edge Tab Group, Edge Wallet, Encryption Keys; Allow fail: 
2025-05-26 18:05:38.759: [INFO][Sync] Loading: Bookmarks
2025-05-26 18:05:38.759: [INFO][Sync] Loading: Preferences
2025-05-26 18:05:38.759: [INFO][Sync] Loading: Passwords
2025-05-26 18:05:38.759: [INFO][Sync] Loading: Autofill Profiles
2025-05-26 18:05:38.759: [INFO][Sync] Loading: Autofill
2025-05-26 18:05:38.759: [INFO][Sync] Loading: Extensions
2025-05-26 18:05:38.759: [INFO][Sync] Loading: Sessions
2025-05-26 18:05:38.759: [INFO][Sync] Loading: Extension settings
2025-05-26 18:05:38.759: [INFO][Sync] Loading: History Delete Directives
2025-05-26 18:05:38.759: [INFO][Sync] Loading: Device Info
2025-05-26 18:05:38.759: [INFO][Sync] Loading: User Consents
2025-05-26 18:05:38.759: [INFO][Sync] Loading: Send Tab To Self
2025-05-26 18:05:38.759: [INFO][Sync] Loading: Web Apps
2025-05-26 18:05:38.759: [INFO][Sync] Loading: History
2025-05-26 18:05:38.759: [INFO][Sync] Loading: Saved Tab Group
2025-05-26 18:05:38.760: [INFO][Sync] Loading: Collection
2025-05-26 18:05:38.760: [INFO][Sync] Loading: Edge E Drop
2025-05-26 18:05:38.760: [INFO][Sync] Loading: Edge Hub App Usage
2025-05-26 18:05:38.760: [INFO][Sync] Loading: Edge Tab Group
2025-05-26 18:05:38.760: [INFO][Sync] Loading: Edge Wallet
2025-05-26 18:05:38.762: [INFO][Sync] All data types are ready for configure.
2025-05-26 18:05:38.762: [INFO][SyncManagerImpl::ConfigureSyncer] Types to download:  with reason: 4
2025-05-26 18:05:38.762: [INFO][SyncEngineBackend::DoFinishConfigureDataTypes] Failed to download types:  and succeeded types: 
2025-05-26 18:05:38.762: [INFO][Sync] ConfigurationDone, failed: , succeeded: , remaining count: 4
2025-05-26 18:05:38.762: [INFO][SyncManagerImpl::ConfigureSyncer] Types to download:  with reason: 4
2025-05-26 18:05:38.762: [INFO][SyncEngineBackend::DoFinishConfigureDataTypes] Failed to download types:  and succeeded types: 
2025-05-26 18:05:38.762: [INFO][Sync] ConfigurationDone, failed: , succeeded: , remaining count: 3
2025-05-26 18:05:38.763: [INFO][SyncManagerImpl::ConfigureSyncer] Types to download:  with reason: 4
2025-05-26 18:05:38.763: [INFO][SyncEngineBackend::DoFinishConfigureDataTypes] Failed to download types:  and succeeded types: 
2025-05-26 18:05:38.763: [INFO][Sync] ConfigurationDone, failed: , succeeded: , remaining count: 2
2025-05-26 18:05:38.763: [INFO][SyncManagerImpl::ConfigureSyncer] Types to download:  with reason: 4
2025-05-26 18:05:38.763: [INFO][SyncEngineBackend::DoFinishConfigureDataTypes] Failed to download types:  and succeeded types: 
2025-05-26 18:05:38.763: [INFO][Sync] ConfigurationDone, failed: , succeeded: , remaining count: 1
2025-05-26 18:05:38.764: [INFO][SyncManagerImpl::ConfigureSyncer] Types to download:  with reason: 4
2025-05-26 18:05:38.764: [INFO][SyncEngineBackend::DoFinishConfigureDataTypes] Failed to download types:  and succeeded types: 
2025-05-26 18:05:38.764: [INFO][Sync] ConfigurationDone, failed: , succeeded: , remaining count: 0
2025-05-26 18:05:38.766: [INFO][Sync]     Configuration completed, state: 3
2025-05-26 18:05:38.766: [INFO][Sync] Configured DataTypeManager: Ok
2025-05-26 18:05:38.768: [INFO][SyncEngineBackend::DoStartSyncing] Start syncing
2025-05-26 18:08:03.358: [INFO][Sync] Reset engine, reason: 0
2025-05-26 18:08:03.358: [INFO][Sync] Reset engine with reason: 0
2025-05-27 01:49:50.284: [INFO][Sync] SyncState after authenticated was: FeatureCanStart
2025-05-27 01:49:50.549: [INFO][Sync] Try to start sync engine
2025-05-27 01:49:50.557: [INFO][SyncManagerImpl::NudgeForInitialDownload] Initial download nudge for Encryption Keys
2025-05-27 01:49:50.557: [INFO][SyncEngineBackend::LoadAndConnectNigoriController] Load and connect Nigori controller
2025-05-27 01:49:50.557: [INFO][SyncEngineBackend::DoInitialize] Control Types added: Encryption Keys
2025-05-27 01:49:50.557: [INFO][SyncManagerImpl::ConfigureSyncer] Types to download: Encryption Keys with reason: 3
2025-05-27 01:49:50.557: [INFO][SyncSchedulerImpl::DoConfigurationSyncCycleJob] Configure job was blocked
2025-05-27 01:49:52.222: [INFO][SyncAuthManager::SetLastAuthError] Current auth error: None
2025-05-27 01:49:52.222: [INFO][SyncAuthManager::EdgeLogTokenErrorState] Token error with: None for account type: AAD
2025-05-27 01:49:52.222: [INFO][Sync] Credentials changed for: EdgeSyncKeyDataScope
2025-05-27 01:49:52.222: [INFO][SyncEngineBackend::DoUpdateKeyDataCredentials] Update key data credentials
2025-05-27 01:49:52.702: [INFO][SyncAuthManager::SetLastAuthError] Current auth error: None
2025-05-27 01:49:52.702: [INFO][SyncAuthManager::EdgeLogTokenErrorState] Token error with: None for account type: AAD
2025-05-27 01:49:52.702: [INFO][Sync] Credentials changed for: EdgeSyncScopeNew
2025-05-27 01:49:52.702: [INFO][SyncEngineBackend::DoUpdateCredentials] Update credentials
2025-05-27 01:49:52.702: [INFO][SyncSchedulerImpl::DoConfigurationSyncCycleJob] Blocked types:  and types to download: Encryption Keys
2025-05-27 01:49:54.636: [INFO][SyncEngineBackend::DoUpdateKeyDataCredentials] Update key data credentials
2025-05-27 01:49:54.638: [INFO][Sync] Started DataTypeManager configuration, reason: 4
2025-05-27 01:49:54.638: [INFO][Sync] Configuring for: Bookmarks, Preferences, Passwords, Autofill Profiles, Autofill, Extensions, Sessions, Extension settings, History Delete Directives, Device Info, User Consents, Send Tab To Self, Web Apps, History, Saved Tab Group, Collection, Edge E Drop, Edge Hub App Usage, Edge Tab Group, Edge Wallet, Encryption Keys, reason: 4, current state: 0
2025-05-27 01:49:54.638: [INFO][SyncEngineBackend::DoStartConfiguration] Start configuration
2025-05-27 01:49:54.639: [INFO][Sync] Configure, desired: Bookmarks, Preferences, Passwords, Autofill Profiles, Autofill, Extensions, Sessions, Extension settings, History Delete Directives, Device Info, User Consents, Send Tab To Self, Web Apps, History, Saved Tab Group, Collection, Edge E Drop, Edge Hub App Usage, Edge Tab Group, Edge Wallet, Encryption Keys; Allow fail: 
2025-05-27 01:49:54.639: [INFO][Sync] Loading: Bookmarks
2025-05-27 01:49:54.639: [INFO][Sync] Loading: Preferences
2025-05-27 01:49:54.639: [INFO][Sync] Loading: Passwords
2025-05-27 01:49:54.639: [INFO][Sync] Loading: Autofill Profiles
2025-05-27 01:49:54.639: [INFO][Sync] Loading: Autofill
2025-05-27 01:49:54.639: [INFO][Sync] Loading: Extensions
2025-05-27 01:49:54.639: [INFO][Sync] Loading: Sessions
2025-05-27 01:49:54.639: [INFO][Sync] Loading: Extension settings
2025-05-27 01:49:54.639: [INFO][Sync] Loading: History Delete Directives
2025-05-27 01:49:54.639: [INFO][Sync] Loading: Device Info
2025-05-27 01:49:54.639: [INFO][Sync] Loading: User Consents
2025-05-27 01:49:54.639: [INFO][Sync] Loading: Send Tab To Self
2025-05-27 01:49:54.639: [INFO][Sync] Loading: Web Apps
2025-05-27 01:49:54.639: [INFO][Sync] Loading: History
2025-05-27 01:49:54.639: [INFO][Sync] Loading: Saved Tab Group
2025-05-27 01:49:54.639: [INFO][Sync] Loading: Collection
2025-05-27 01:49:54.639: [INFO][Sync] Loading: Edge E Drop
2025-05-27 01:49:54.639: [INFO][Sync] Loading: Edge Hub App Usage
2025-05-27 01:49:54.639: [INFO][Sync] Loading: Edge Tab Group
2025-05-27 01:49:54.639: [INFO][Sync] Loading: Edge Wallet
2025-05-27 01:49:54.641: [INFO][Sync] All data types are ready for configure.
2025-05-27 01:49:54.642: [INFO][SyncManagerImpl::ConfigureSyncer] Types to download:  with reason: 4
2025-05-27 01:49:54.642: [INFO][SyncEngineBackend::DoFinishConfigureDataTypes] Failed to download types:  and succeeded types: 
2025-05-27 01:49:54.642: [INFO][Sync] ConfigurationDone, failed: , succeeded: , remaining count: 4
2025-05-27 01:49:54.642: [INFO][SyncManagerImpl::ConfigureSyncer] Types to download:  with reason: 4
2025-05-27 01:49:54.642: [INFO][SyncEngineBackend::DoFinishConfigureDataTypes] Failed to download types:  and succeeded types: 
2025-05-27 01:49:54.642: [INFO][Sync] ConfigurationDone, failed: , succeeded: , remaining count: 3
2025-05-27 01:49:54.642: [INFO][SyncManagerImpl::ConfigureSyncer] Types to download:  with reason: 4
2025-05-27 01:49:54.642: [INFO][SyncEngineBackend::DoFinishConfigureDataTypes] Failed to download types:  and succeeded types: 
2025-05-27 01:49:54.642: [INFO][Sync] ConfigurationDone, failed: , succeeded: , remaining count: 2
2025-05-27 01:49:54.642: [INFO][SyncManagerImpl::ConfigureSyncer] Types to download:  with reason: 4
2025-05-27 01:49:54.642: [INFO][SyncEngineBackend::DoFinishConfigureDataTypes] Failed to download types:  and succeeded types: 
2025-05-27 01:49:54.642: [INFO][Sync] ConfigurationDone, failed: , succeeded: , remaining count: 1
2025-05-27 01:49:54.643: [INFO][SyncManagerImpl::ConfigureSyncer] Types to download:  with reason: 4
2025-05-27 01:49:54.643: [INFO][SyncEngineBackend::DoFinishConfigureDataTypes] Failed to download types:  and succeeded types: 
2025-05-27 01:49:54.643: [INFO][Sync] ConfigurationDone, failed: , succeeded: , remaining count: 0
2025-05-27 01:49:54.644: [INFO][Sync]     Configuration completed, state: 3
2025-05-27 01:49:54.644: [INFO][Sync] Configured DataTypeManager: Ok
2025-05-27 01:49:54.645: [INFO][SyncEngineBackend::DoStartSyncing] Start syncing
2025-05-27 02:00:28.271: [INFO][Sync] Reset engine, reason: 0
2025-05-27 02:00:28.271: [INFO][Sync] Reset engine with reason: 0
2025-05-27 02:00:48.911: [INFO][Sync] SyncState after authenticated was: FeatureCanStart
2025-05-27 02:00:49.382: [INFO][SyncAuthManager::SetLastAuthError] Current auth error: None
2025-05-27 02:00:49.382: [INFO][SyncAuthManager::EdgeLogTokenErrorState] Token error with: None for account type: AAD
2025-05-27 02:00:49.382: [INFO][Sync] Credentials changed for: EdgeSyncKeyDataScope
2025-05-27 02:00:49.383: [INFO][Sync] Try to start sync engine
2025-05-27 02:00:49.394: [INFO][SyncManagerImpl::NudgeForInitialDownload] Initial download nudge for Encryption Keys
2025-05-27 02:00:49.394: [INFO][SyncEngineBackend::LoadAndConnectNigoriController] Load and connect Nigori controller
2025-05-27 02:00:49.394: [INFO][SyncEngineBackend::DoInitialize] Control Types added: Encryption Keys
2025-05-27 02:00:49.394: [INFO][SyncManagerImpl::ConfigureSyncer] Types to download: Encryption Keys with reason: 3
2025-05-27 02:00:49.394: [INFO][SyncEngineBackend::DoUpdateKeyDataCredentials] Update key data credentials
2025-05-27 02:00:49.394: [INFO][SyncSchedulerImpl::DoConfigurationSyncCycleJob] Configure job was blocked
2025-05-27 02:00:49.456: [INFO][SyncAuthManager::SetLastAuthError] Current auth error: None
2025-05-27 02:00:49.456: [INFO][SyncAuthManager::EdgeLogTokenErrorState] Token error with: None for account type: AAD
2025-05-27 02:00:49.456: [INFO][Sync] Credentials changed for: EdgeSyncScopeNew
2025-05-27 02:00:49.456: [INFO][SyncEngineBackend::DoUpdateCredentials] Update credentials
2025-05-27 02:00:49.456: [INFO][SyncEngineBackend::DoUpdateKeyDataCredentials] Update key data credentials
2025-05-27 02:00:49.456: [INFO][SyncSchedulerImpl::DoConfigurationSyncCycleJob] Blocked types:  and types to download: Encryption Keys
2025-05-27 02:00:51.072: [INFO][Sync] Started DataTypeManager configuration, reason: 4
2025-05-27 02:00:51.072: [INFO][Sync] Configuring for: Bookmarks, Preferences, Passwords, Autofill Profiles, Autofill, Extensions, Sessions, Extension settings, History Delete Directives, Device Info, User Consents, Send Tab To Self, Web Apps, History, Saved Tab Group, Collection, Edge E Drop, Edge Hub App Usage, Edge Tab Group, Edge Wallet, Encryption Keys, reason: 4, current state: 0
2025-05-27 02:00:51.072: [INFO][SyncEngineBackend::DoStartConfiguration] Start configuration
2025-05-27 02:00:51.074: [INFO][Sync] Configure, desired: Bookmarks, Preferences, Passwords, Autofill Profiles, Autofill, Extensions, Sessions, Extension settings, History Delete Directives, Device Info, User Consents, Send Tab To Self, Web Apps, History, Saved Tab Group, Collection, Edge E Drop, Edge Hub App Usage, Edge Tab Group, Edge Wallet, Encryption Keys; Allow fail: 
2025-05-27 02:00:51.074: [INFO][Sync] Loading: Bookmarks
2025-05-27 02:00:51.074: [INFO][Sync] Loading: Preferences
2025-05-27 02:00:51.074: [INFO][Sync] Loading: Passwords
2025-05-27 02:00:51.074: [INFO][Sync] Loading: Autofill Profiles
2025-05-27 02:00:51.074: [INFO][Sync] Loading: Autofill
2025-05-27 02:00:51.075: [INFO][Sync] Loading: Extensions
2025-05-27 02:00:51.075: [INFO][Sync] Loading: Sessions
2025-05-27 02:00:51.075: [INFO][Sync] Loading: Extension settings
2025-05-27 02:00:51.075: [INFO][Sync] Loading: History Delete Directives
2025-05-27 02:00:51.075: [INFO][Sync] Loading: Device Info
2025-05-27 02:00:51.075: [INFO][Sync] Loading: User Consents
2025-05-27 02:00:51.075: [INFO][Sync] Loading: Send Tab To Self
2025-05-27 02:00:51.075: [INFO][Sync] Loading: Web Apps
2025-05-27 02:00:51.075: [INFO][Sync] Loading: History
2025-05-27 02:00:51.075: [INFO][Sync] Loading: Saved Tab Group
2025-05-27 02:00:51.075: [INFO][Sync] Loading: Collection
2025-05-27 02:00:51.075: [INFO][Sync] Loading: Edge E Drop
2025-05-27 02:00:51.075: [INFO][Sync] Loading: Edge Hub App Usage
2025-05-27 02:00:51.075: [INFO][Sync] Loading: Edge Tab Group
2025-05-27 02:00:51.075: [INFO][Sync] Loading: Edge Wallet
2025-05-27 02:00:51.081: [INFO][Sync] All data types are ready for configure.
2025-05-27 02:00:51.081: [INFO][SyncManagerImpl::ConfigureSyncer] Types to download:  with reason: 4
2025-05-27 02:00:51.081: [INFO][SyncEngineBackend::DoFinishConfigureDataTypes] Failed to download types:  and succeeded types: 
2025-05-27 02:00:51.081: [INFO][Sync] ConfigurationDone, failed: , succeeded: , remaining count: 4
2025-05-27 02:00:51.081: [INFO][SyncManagerImpl::ConfigureSyncer] Types to download:  with reason: 4
2025-05-27 02:00:51.081: [INFO][SyncEngineBackend::DoFinishConfigureDataTypes] Failed to download types:  and succeeded types: 
2025-05-27 02:00:51.082: [INFO][Sync] ConfigurationDone, failed: , succeeded: , remaining count: 3
2025-05-27 02:00:51.082: [INFO][SyncManagerImpl::ConfigureSyncer] Types to download:  with reason: 4
2025-05-27 02:00:51.082: [INFO][SyncEngineBackend::DoFinishConfigureDataTypes] Failed to download types:  and succeeded types: 
2025-05-27 02:00:51.082: [INFO][Sync] ConfigurationDone, failed: , succeeded: , remaining count: 2
2025-05-27 02:00:51.082: [INFO][SyncManagerImpl::ConfigureSyncer] Types to download:  with reason: 4
2025-05-27 02:00:51.082: [INFO][SyncEngineBackend::DoFinishConfigureDataTypes] Failed to download types:  and succeeded types: 
2025-05-27 02:00:51.082: [INFO][Sync] ConfigurationDone, failed: , succeeded: , remaining count: 1
2025-05-27 02:00:51.083: [INFO][SyncManagerImpl::ConfigureSyncer] Types to download:  with reason: 4
2025-05-27 02:00:51.083: [INFO][SyncEngineBackend::DoFinishConfigureDataTypes] Failed to download types:  and succeeded types: 
2025-05-27 02:00:51.083: [INFO][Sync] ConfigurationDone, failed: , succeeded: , remaining count: 0
2025-05-27 02:00:51.085: [INFO][Sync]     Configuration completed, state: 3
2025-05-27 02:00:51.085: [INFO][Sync] Configured DataTypeManager: Ok
2025-05-27 02:00:51.087: [INFO][SyncEngineBackend::DoStartSyncing] Start syncing
2025-05-27 02:08:52.840: [INFO][Sync] SyncState after authenticated was: FeatureCanStart
2025-05-27 02:08:53.125: [INFO][SyncAuthManager::SetLastAuthError] Current auth error: None
2025-05-27 02:08:53.125: [INFO][SyncAuthManager::EdgeLogTokenErrorState] Token error with: None for account type: AAD
2025-05-27 02:08:53.125: [INFO][Sync] Credentials changed for: EdgeSyncKeyDataScope
2025-05-27 02:08:53.125: [INFO][Sync] Try to start sync engine
2025-05-27 02:08:53.131: [INFO][SyncManagerImpl::NudgeForInitialDownload] Initial download nudge for Encryption Keys
2025-05-27 02:08:53.131: [INFO][SyncEngineBackend::LoadAndConnectNigoriController] Load and connect Nigori controller
2025-05-27 02:08:53.131: [INFO][SyncEngineBackend::DoInitialize] Control Types added: Encryption Keys
2025-05-27 02:08:53.131: [INFO][SyncManagerImpl::ConfigureSyncer] Types to download: Encryption Keys with reason: 3
2025-05-27 02:08:53.131: [INFO][SyncEngineBackend::DoUpdateKeyDataCredentials] Update key data credentials
2025-05-27 02:08:53.131: [INFO][SyncSchedulerImpl::DoConfigurationSyncCycleJob] Configure job was blocked
2025-05-27 02:08:53.161: [INFO][SyncAuthManager::SetLastAuthError] Current auth error: None
2025-05-27 02:08:53.161: [INFO][SyncAuthManager::EdgeLogTokenErrorState] Token error with: None for account type: AAD
2025-05-27 02:08:53.161: [INFO][Sync] Credentials changed for: EdgeSyncScopeNew
2025-05-27 02:08:53.161: [INFO][SyncEngineBackend::DoUpdateCredentials] Update credentials
2025-05-27 02:08:53.161: [INFO][SyncEngineBackend::DoUpdateKeyDataCredentials] Update key data credentials
2025-05-27 02:08:53.161: [INFO][SyncSchedulerImpl::DoConfigurationSyncCycleJob] Blocked types:  and types to download: Encryption Keys
2025-05-27 02:08:54.851: [INFO][Sync] Started DataTypeManager configuration, reason: 4
2025-05-27 02:08:54.851: [INFO][Sync] Configuring for: Bookmarks, Preferences, Passwords, Autofill Profiles, Autofill, Extensions, Sessions, Extension settings, History Delete Directives, Device Info, User Consents, Send Tab To Self, Web Apps, History, Saved Tab Group, Collection, Edge E Drop, Edge Hub App Usage, Edge Tab Group, Edge Wallet, Encryption Keys, reason: 4, current state: 0
2025-05-27 02:08:54.851: [INFO][SyncEngineBackend::DoStartConfiguration] Start configuration
2025-05-27 02:08:54.852: [INFO][Sync] Configure, desired: Bookmarks, Preferences, Passwords, Autofill Profiles, Autofill, Extensions, Sessions, Extension settings, History Delete Directives, Device Info, User Consents, Send Tab To Self, Web Apps, History, Saved Tab Group, Collection, Edge E Drop, Edge Hub App Usage, Edge Tab Group, Edge Wallet, Encryption Keys; Allow fail: 
2025-05-27 02:08:54.852: [INFO][Sync] Loading: Bookmarks
2025-05-27 02:08:54.852: [INFO][Sync] Loading: Preferences
2025-05-27 02:08:54.853: [INFO][Sync] Loading: Passwords
2025-05-27 02:08:54.853: [INFO][Sync] Loading: Autofill Profiles
2025-05-27 02:08:54.853: [INFO][Sync] Loading: Autofill
2025-05-27 02:08:54.853: [INFO][Sync] Loading: Extensions
2025-05-27 02:08:54.853: [INFO][Sync] Loading: Sessions
2025-05-27 02:08:54.853: [INFO][Sync] Loading: Extension settings
2025-05-27 02:08:54.853: [INFO][Sync] Loading: History Delete Directives
2025-05-27 02:08:54.853: [INFO][Sync] Loading: Device Info
2025-05-27 02:08:54.853: [INFO][Sync] Loading: User Consents
2025-05-27 02:08:54.853: [INFO][Sync] Loading: Send Tab To Self
2025-05-27 02:08:54.853: [INFO][Sync] Loading: Web Apps
2025-05-27 02:08:54.853: [INFO][Sync] Loading: History
2025-05-27 02:08:54.853: [INFO][Sync] Loading: Saved Tab Group
2025-05-27 02:08:54.853: [INFO][Sync] Loading: Collection
2025-05-27 02:08:54.853: [INFO][Sync] Loading: Edge E Drop
2025-05-27 02:08:54.853: [INFO][Sync] Loading: Edge Hub App Usage
2025-05-27 02:08:54.853: [INFO][Sync] Loading: Edge Tab Group
2025-05-27 02:08:54.853: [INFO][Sync] Loading: Edge Wallet
2025-05-27 02:08:54.855: [INFO][Sync] All data types are ready for configure.
2025-05-27 02:08:54.856: [INFO][SyncManagerImpl::ConfigureSyncer] Types to download:  with reason: 4
2025-05-27 02:08:54.856: [INFO][SyncEngineBackend::DoFinishConfigureDataTypes] Failed to download types:  and succeeded types: 
2025-05-27 02:08:54.856: [INFO][Sync] ConfigurationDone, failed: , succeeded: , remaining count: 4
2025-05-27 02:08:54.856: [INFO][SyncManagerImpl::ConfigureSyncer] Types to download:  with reason: 4
2025-05-27 02:08:54.856: [INFO][SyncEngineBackend::DoFinishConfigureDataTypes] Failed to download types:  and succeeded types: 
2025-05-27 02:08:54.856: [INFO][Sync] ConfigurationDone, failed: , succeeded: , remaining count: 3
2025-05-27 02:08:54.856: [INFO][SyncManagerImpl::ConfigureSyncer] Types to download:  with reason: 4
2025-05-27 02:08:54.856: [INFO][SyncEngineBackend::DoFinishConfigureDataTypes] Failed to download types:  and succeeded types: 
2025-05-27 02:08:54.856: [INFO][Sync] ConfigurationDone, failed: , succeeded: , remaining count: 2
2025-05-27 02:08:54.856: [INFO][SyncManagerImpl::ConfigureSyncer] Types to download:  with reason: 4
2025-05-27 02:08:54.856: [INFO][SyncEngineBackend::DoFinishConfigureDataTypes] Failed to download types:  and succeeded types: 
2025-05-27 02:08:54.856: [INFO][Sync] ConfigurationDone, failed: , succeeded: , remaining count: 1
2025-05-27 02:08:54.858: [INFO][SyncManagerImpl::ConfigureSyncer] Types to download:  with reason: 4
2025-05-27 02:08:54.858: [INFO][SyncEngineBackend::DoFinishConfigureDataTypes] Failed to download types:  and succeeded types: 
2025-05-27 02:08:54.858: [INFO][Sync] ConfigurationDone, failed: , succeeded: , remaining count: 0
2025-05-27 02:08:54.860: [INFO][Sync]     Configuration completed, state: 3
2025-05-27 02:08:54.860: [INFO][Sync] Configured DataTypeManager: Ok
2025-05-27 02:08:54.862: [INFO][SyncEngineBackend::DoStartSyncing] Start syncing
2025-05-27 02:24:06.075: [INFO][Sync] Reset engine, reason: 0
2025-05-27 02:24:06.075: [INFO][Sync] Reset engine with reason: 0
2025-05-27 02:24:24.593: [INFO][Sync] SyncState after authenticated was: FeatureCanStart
2025-05-27 02:24:24.871: [INFO][SyncAuthManager::SetLastAuthError] Current auth error: None
2025-05-27 02:24:24.871: [INFO][SyncAuthManager::EdgeLogTokenErrorState] Token error with: None for account type: AAD
2025-05-27 02:24:24.871: [INFO][Sync] Credentials changed for: EdgeSyncKeyDataScope
2025-05-27 02:24:24.871: [INFO][Sync] Try to start sync engine
2025-05-27 02:24:24.879: [INFO][SyncManagerImpl::NudgeForInitialDownload] Initial download nudge for Encryption Keys
2025-05-27 02:24:24.879: [INFO][SyncEngineBackend::LoadAndConnectNigoriController] Load and connect Nigori controller
2025-05-27 02:24:24.879: [INFO][SyncEngineBackend::DoInitialize] Control Types added: Encryption Keys
2025-05-27 02:24:24.879: [INFO][SyncManagerImpl::ConfigureSyncer] Types to download: Encryption Keys with reason: 3
2025-05-27 02:24:24.879: [INFO][SyncEngineBackend::DoUpdateKeyDataCredentials] Update key data credentials
2025-05-27 02:24:24.879: [INFO][SyncSchedulerImpl::DoConfigurationSyncCycleJob] Configure job was blocked
2025-05-27 02:24:24.917: [INFO][SyncAuthManager::SetLastAuthError] Current auth error: None
2025-05-27 02:24:24.917: [INFO][SyncAuthManager::EdgeLogTokenErrorState] Token error with: None for account type: AAD
2025-05-27 02:24:24.917: [INFO][Sync] Credentials changed for: EdgeSyncScopeNew
2025-05-27 02:24:24.917: [INFO][SyncEngineBackend::DoUpdateCredentials] Update credentials
2025-05-27 02:24:24.917: [INFO][SyncSchedulerImpl::DoConfigurationSyncCycleJob] Blocked types:  and types to download: Encryption Keys
2025-05-27 02:24:26.542: [INFO][SyncEngineBackend::DoUpdateKeyDataCredentials] Update key data credentials
2025-05-27 02:24:26.545: [INFO][Sync] Started DataTypeManager configuration, reason: 4
2025-05-27 02:24:26.545: [INFO][Sync] Configuring for: Bookmarks, Preferences, Passwords, Autofill Profiles, Autofill, Extensions, Sessions, Extension settings, History Delete Directives, Device Info, User Consents, Send Tab To Self, Web Apps, History, Saved Tab Group, Collection, Edge E Drop, Edge Hub App Usage, Edge Tab Group, Edge Wallet, Encryption Keys, reason: 4, current state: 0
2025-05-27 02:24:26.545: [INFO][SyncEngineBackend::DoStartConfiguration] Start configuration
2025-05-27 02:24:26.547: [INFO][Sync] Configure, desired: Bookmarks, Preferences, Passwords, Autofill Profiles, Autofill, Extensions, Sessions, Extension settings, History Delete Directives, Device Info, User Consents, Send Tab To Self, Web Apps, History, Saved Tab Group, Collection, Edge E Drop, Edge Hub App Usage, Edge Tab Group, Edge Wallet, Encryption Keys; Allow fail: 
2025-05-27 02:24:26.547: [INFO][Sync] Loading: Bookmarks
2025-05-27 02:24:26.547: [INFO][Sync] Loading: Preferences
2025-05-27 02:24:26.547: [INFO][Sync] Loading: Passwords
2025-05-27 02:24:26.547: [INFO][Sync] Loading: Autofill Profiles
2025-05-27 02:24:26.547: [INFO][Sync] Loading: Autofill
2025-05-27 02:24:26.547: [INFO][Sync] Loading: Extensions
2025-05-27 02:24:26.547: [INFO][Sync] Loading: Sessions
2025-05-27 02:24:26.547: [INFO][Sync] Loading: Extension settings
2025-05-27 02:24:26.547: [INFO][Sync] Loading: History Delete Directives
2025-05-27 02:24:26.547: [INFO][Sync] Loading: Device Info
2025-05-27 02:24:26.547: [INFO][Sync] Loading: User Consents
2025-05-27 02:24:26.547: [INFO][Sync] Loading: Send Tab To Self
2025-05-27 02:24:26.547: [INFO][Sync] Loading: Web Apps
2025-05-27 02:24:26.547: [INFO][Sync] Loading: History
2025-05-27 02:24:26.547: [INFO][Sync] Loading: Saved Tab Group
2025-05-27 02:24:26.547: [INFO][Sync] Loading: Collection
2025-05-27 02:24:26.547: [INFO][Sync] Loading: Edge E Drop
2025-05-27 02:24:26.547: [INFO][Sync] Loading: Edge Hub App Usage
2025-05-27 02:24:26.547: [INFO][Sync] Loading: Edge Tab Group
2025-05-27 02:24:26.547: [INFO][Sync] Loading: Edge Wallet
2025-05-27 02:24:26.550: [INFO][Sync] All data types are ready for configure.
2025-05-27 02:24:26.551: [INFO][SyncManagerImpl::ConfigureSyncer] Types to download:  with reason: 4
2025-05-27 02:24:26.551: [INFO][SyncEngineBackend::DoFinishConfigureDataTypes] Failed to download types:  and succeeded types: 
2025-05-27 02:24:26.551: [INFO][Sync] ConfigurationDone, failed: , succeeded: , remaining count: 4
2025-05-27 02:24:26.551: [INFO][SyncManagerImpl::ConfigureSyncer] Types to download:  with reason: 4
2025-05-27 02:24:26.551: [INFO][SyncEngineBackend::DoFinishConfigureDataTypes] Failed to download types:  and succeeded types: 
2025-05-27 02:24:26.551: [INFO][Sync] ConfigurationDone, failed: , succeeded: , remaining count: 3
2025-05-27 02:24:26.551: [INFO][SyncManagerImpl::ConfigureSyncer] Types to download:  with reason: 4
2025-05-27 02:24:26.551: [INFO][SyncEngineBackend::DoFinishConfigureDataTypes] Failed to download types:  and succeeded types: 
2025-05-27 02:24:26.551: [INFO][Sync] ConfigurationDone, failed: , succeeded: , remaining count: 2
2025-05-27 02:24:26.551: [INFO][SyncManagerImpl::ConfigureSyncer] Types to download:  with reason: 4
2025-05-27 02:24:26.551: [INFO][SyncEngineBackend::DoFinishConfigureDataTypes] Failed to download types:  and succeeded types: 
2025-05-27 02:24:26.551: [INFO][Sync] ConfigurationDone, failed: , succeeded: , remaining count: 1
2025-05-27 02:24:26.553: [INFO][SyncManagerImpl::ConfigureSyncer] Types to download:  with reason: 4
2025-05-27 02:24:26.553: [INFO][SyncEngineBackend::DoFinishConfigureDataTypes] Failed to download types:  and succeeded types: 
2025-05-27 02:24:26.553: [INFO][Sync] ConfigurationDone, failed: , succeeded: , remaining count: 0
2025-05-27 02:24:26.554: [INFO][Sync]     Configuration completed, state: 3
2025-05-27 02:24:26.554: [INFO][Sync] Configured DataTypeManager: Ok
2025-05-27 02:24:26.556: [INFO][SyncEngineBackend::DoStartSyncing] Start syncing
2025-05-27 02:25:16.526: [INFO][Sync] Reset engine, reason: 0
2025-05-27 02:25:16.526: [INFO][Sync] Reset engine with reason: 0
2025-05-27 03:13:20.680: [INFO][Sync] SyncState after authenticated was: FeatureCanStart
2025-05-27 03:13:21.032: [INFO][Sync] Try to start sync engine
2025-05-27 03:13:21.033: [INFO][SyncManagerImpl::NudgeForInitialDownload] Initial download nudge for Encryption Keys
2025-05-27 03:13:21.033: [INFO][SyncEngineBackend::LoadAndConnectNigoriController] Load and connect Nigori controller
2025-05-27 03:13:21.033: [INFO][SyncEngineBackend::DoInitialize] Control Types added: Encryption Keys
2025-05-27 03:13:21.033: [INFO][SyncManagerImpl::ConfigureSyncer] Types to download: Encryption Keys with reason: 3
2025-05-27 03:13:21.033: [INFO][SyncSchedulerImpl::DoConfigurationSyncCycleJob] Configure job was blocked
2025-05-27 03:13:24.410: [INFO][SyncAuthManager::SetLastAuthError] Current auth error: None
2025-05-27 03:13:24.410: [INFO][SyncAuthManager::EdgeLogTokenErrorState] Token error with: None for account type: AAD
2025-05-27 03:13:24.411: [INFO][Sync] Credentials changed for: EdgeSyncScopeNew
2025-05-27 03:13:29.637: [INFO][SyncAuthManager::SetLastAuthError] Current auth error: None
2025-05-27 03:13:29.637: [INFO][SyncAuthManager::EdgeLogTokenErrorState] Token error with: None for account type: AAD
2025-05-27 03:13:29.637: [INFO][Sync] Credentials changed for: EdgeSyncKeyDataScope
2025-05-27 03:13:29.637: [INFO][SyncEngineBackend::DoUpdateKeyDataCredentials] Update key data credentials
2025-05-27 03:13:29.637: [INFO][SyncEngineBackend::DoUpdateCredentials] Update credentials
2025-05-27 03:13:29.637: [INFO][SyncSchedulerImpl::DoConfigurationSyncCycleJob] Blocked types:  and types to download: Encryption Keys
2025-05-27 03:13:33.777: [INFO][Sync] Started DataTypeManager configuration, reason: 4
2025-05-27 03:13:33.778: [INFO][Sync] Configuring for: Bookmarks, Preferences, Passwords, Autofill Profiles, Autofill, Extensions, Sessions, Extension settings, History Delete Directives, Device Info, User Consents, Send Tab To Self, Web Apps, History, Saved Tab Group, Collection, Edge E Drop, Edge Hub App Usage, Edge Tab Group, Edge Wallet, Encryption Keys, reason: 4, current state: 0
2025-05-27 03:13:33.778: [INFO][SyncEngineBackend::DoStartConfiguration] Start configuration
2025-05-27 03:13:33.779: [INFO][Sync] Configure, desired: Bookmarks, Preferences, Passwords, Autofill Profiles, Autofill, Extensions, Sessions, Extension settings, History Delete Directives, Device Info, User Consents, Send Tab To Self, Web Apps, History, Saved Tab Group, Collection, Edge E Drop, Edge Hub App Usage, Edge Tab Group, Edge Wallet, Encryption Keys; Allow fail: 
2025-05-27 03:13:33.779: [INFO][Sync] Loading: Bookmarks
2025-05-27 03:13:33.779: [INFO][Sync] Loading: Preferences
2025-05-27 03:13:33.779: [INFO][Sync] Loading: Passwords
2025-05-27 03:13:33.779: [INFO][Sync] Loading: Autofill Profiles
2025-05-27 03:13:33.779: [INFO][Sync] Loading: Autofill
2025-05-27 03:13:33.779: [INFO][Sync] Loading: Extensions
2025-05-27 03:13:33.779: [INFO][Sync] Loading: Sessions
2025-05-27 03:13:33.779: [INFO][Sync] Loading: Extension settings
2025-05-27 03:13:33.779: [INFO][Sync] Loading: History Delete Directives
2025-05-27 03:13:33.780: [INFO][Sync] Loading: Device Info
2025-05-27 03:13:33.780: [INFO][Sync] Loading: User Consents
2025-05-27 03:13:33.780: [INFO][Sync] Loading: Send Tab To Self
2025-05-27 03:13:33.780: [INFO][Sync] Loading: Web Apps
2025-05-27 03:13:33.780: [INFO][Sync] Loading: History
2025-05-27 03:13:33.780: [INFO][Sync] Loading: Saved Tab Group
2025-05-27 03:13:33.780: [INFO][Sync] Loading: Collection
2025-05-27 03:13:33.780: [INFO][Sync] Loading: Edge E Drop
2025-05-27 03:13:33.780: [INFO][Sync] Loading: Edge Hub App Usage
2025-05-27 03:13:33.780: [INFO][Sync] Loading: Edge Tab Group
2025-05-27 03:13:33.780: [INFO][Sync] Loading: Edge Wallet
2025-05-27 03:13:33.783: [INFO][Sync] All data types are ready for configure.
2025-05-27 03:13:33.784: [INFO][SyncManagerImpl::ConfigureSyncer] Types to download:  with reason: 4
2025-05-27 03:13:33.784: [INFO][SyncEngineBackend::DoFinishConfigureDataTypes] Failed to download types:  and succeeded types: 
2025-05-27 03:13:33.784: [INFO][Sync] ConfigurationDone, failed: , succeeded: , remaining count: 4
2025-05-27 03:13:33.784: [INFO][SyncManagerImpl::ConfigureSyncer] Types to download:  with reason: 4
2025-05-27 03:13:33.784: [INFO][SyncEngineBackend::DoFinishConfigureDataTypes] Failed to download types:  and succeeded types: 
2025-05-27 03:13:33.784: [INFO][Sync] ConfigurationDone, failed: , succeeded: , remaining count: 3
2025-05-27 03:13:33.784: [INFO][SyncManagerImpl::ConfigureSyncer] Types to download:  with reason: 4
2025-05-27 03:13:33.784: [INFO][SyncEngineBackend::DoFinishConfigureDataTypes] Failed to download types:  and succeeded types: 
2025-05-27 03:13:33.784: [INFO][Sync] ConfigurationDone, failed: , succeeded: , remaining count: 2
2025-05-27 03:13:33.784: [INFO][SyncManagerImpl::ConfigureSyncer] Types to download:  with reason: 4
2025-05-27 03:13:33.784: [INFO][SyncEngineBackend::DoFinishConfigureDataTypes] Failed to download types:  and succeeded types: 
2025-05-27 03:13:33.784: [INFO][Sync] ConfigurationDone, failed: , succeeded: , remaining count: 1
2025-05-27 03:13:33.786: [INFO][SyncManagerImpl::ConfigureSyncer] Types to download:  with reason: 4
2025-05-27 03:13:33.786: [INFO][SyncEngineBackend::DoFinishConfigureDataTypes] Failed to download types:  and succeeded types: 
2025-05-27 03:13:33.786: [INFO][Sync] ConfigurationDone, failed: , succeeded: , remaining count: 0
2025-05-27 03:13:33.788: [INFO][Sync]     Configuration completed, state: 3
2025-05-27 03:13:33.788: [INFO][Sync] Configured DataTypeManager: Ok
2025-05-27 03:13:33.790: [INFO][SyncEngineBackend::DoStartSyncing] Start syncing
2025-05-27 03:14:50.923: [INFO][Sync] Reset engine, reason: 0
2025-05-27 03:14:50.923: [INFO][Sync] Reset engine with reason: 0
2025-05-27 03:38:25.493: [INFO][Sync] SyncState after authenticated was: FeatureCanStart
2025-05-27 03:38:25.872: [INFO][Sync] Try to start sync engine
2025-05-27 03:38:25.888: [INFO][SyncManagerImpl::NudgeForInitialDownload] Initial download nudge for Encryption Keys
2025-05-27 03:38:25.888: [INFO][SyncEngineBackend::LoadAndConnectNigoriController] Load and connect Nigori controller
2025-05-27 03:38:25.888: [INFO][SyncEngineBackend::DoInitialize] Control Types added: Encryption Keys
2025-05-27 03:38:25.888: [INFO][SyncManagerImpl::ConfigureSyncer] Types to download: Encryption Keys with reason: 3
2025-05-27 03:38:25.888: [INFO][SyncSchedulerImpl::DoConfigurationSyncCycleJob] Configure job was blocked
2025-05-27 03:38:25.893: [INFO][SyncAuthManager::SetLastAuthError] Current auth error: None
2025-05-27 03:38:25.893: [INFO][SyncAuthManager::EdgeLogTokenErrorState] Token error with: None for account type: AAD
2025-05-27 03:38:25.893: [INFO][Sync] Credentials changed for: EdgeSyncKeyDataScope
2025-05-27 03:38:25.893: [INFO][SyncEngineBackend::DoUpdateKeyDataCredentials] Update key data credentials
2025-05-27 03:38:25.951: [INFO][SyncAuthManager::SetLastAuthError] Current auth error: None
2025-05-27 03:38:25.951: [INFO][SyncAuthManager::EdgeLogTokenErrorState] Token error with: None for account type: AAD
2025-05-27 03:38:25.951: [INFO][Sync] Credentials changed for: EdgeSyncScopeNew
2025-05-27 03:38:25.952: [INFO][SyncEngineBackend::DoUpdateCredentials] Update credentials
2025-05-27 03:38:25.952: [INFO][SyncEngineBackend::DoUpdateKeyDataCredentials] Update key data credentials
2025-05-27 03:38:25.952: [INFO][SyncSchedulerImpl::DoConfigurationSyncCycleJob] Blocked types:  and types to download: Encryption Keys
2025-05-27 03:38:56.628: [INFO][Sync] Connection status changed to: 3
2025-05-27 03:38:56.629: [INFO][SyncSchedulerImpl::OnSyncNetworkError] Syncer error: HTTP error (503)
2025-05-27 03:38:56.630: [INFO][SyncSchedulerImpl::DoConfigurationSyncCycleJob] Syncer error: HTTP error (503)
2025-05-27 03:38:56.632: [WARN][Sync] NetworkError: HTTP error (503)
2025-05-27 03:39:41.637: [INFO][SyncSchedulerImpl::DoConfigurationSyncCycleJob] Blocked types:  and types to download: Encryption Keys
2025-05-27 03:39:45.324: [INFO][Sync] Started DataTypeManager configuration, reason: 4
2025-05-27 03:39:45.325: [INFO][Sync] Configuring for: Bookmarks, Preferences, Passwords, Autofill Profiles, Autofill, Extensions, Sessions, Extension settings, History Delete Directives, Device Info, User Consents, Send Tab To Self, Web Apps, History, Saved Tab Group, Collection, Edge E Drop, Edge Hub App Usage, Edge Tab Group, Edge Wallet, Encryption Keys, reason: 4, current state: 0
2025-05-27 03:39:45.325: [INFO][SyncEngineBackend::DoStartConfiguration] Start configuration
2025-05-27 03:39:45.326: [INFO][Sync] Configure, desired: Bookmarks, Preferences, Passwords, Autofill Profiles, Autofill, Extensions, Sessions, Extension settings, History Delete Directives, Device Info, User Consents, Send Tab To Self, Web Apps, History, Saved Tab Group, Collection, Edge E Drop, Edge Hub App Usage, Edge Tab Group, Edge Wallet, Encryption Keys; Allow fail: 
2025-05-27 03:39:45.326: [INFO][Sync] Loading: Bookmarks
2025-05-27 03:39:45.326: [INFO][Sync] Loading: Preferences
2025-05-27 03:39:45.326: [INFO][Sync] Loading: Passwords
2025-05-27 03:39:45.326: [INFO][Sync] Loading: Autofill Profiles
2025-05-27 03:39:45.326: [INFO][Sync] Loading: Autofill
2025-05-27 03:39:45.326: [INFO][Sync] Loading: Extensions
2025-05-27 03:39:45.327: [INFO][Sync] Loading: Sessions
2025-05-27 03:39:45.327: [INFO][Sync] Loading: Extension settings
2025-05-27 03:39:45.327: [INFO][Sync] Loading: History Delete Directives
2025-05-27 03:39:45.327: [INFO][Sync] Loading: Device Info
2025-05-27 03:39:45.327: [INFO][Sync] Loading: User Consents
2025-05-27 03:39:45.327: [INFO][Sync] Loading: Send Tab To Self
2025-05-27 03:39:45.327: [INFO][Sync] Loading: Web Apps
2025-05-27 03:39:45.327: [INFO][Sync] Loading: History
2025-05-27 03:39:45.327: [INFO][Sync] Loading: Saved Tab Group
2025-05-27 03:39:45.327: [INFO][Sync] Loading: Collection
2025-05-27 03:39:45.327: [INFO][Sync] Loading: Edge E Drop
2025-05-27 03:39:45.327: [INFO][Sync] Loading: Edge Hub App Usage
2025-05-27 03:39:45.327: [INFO][Sync] Loading: Edge Tab Group
2025-05-27 03:39:45.327: [INFO][Sync] Loading: Edge Wallet
2025-05-27 03:39:45.333: [INFO][Sync] All data types are ready for configure.
2025-05-27 03:39:45.335: [INFO][SyncManagerImpl::ConfigureSyncer] Types to download:  with reason: 4
2025-05-27 03:39:45.335: [INFO][SyncEngineBackend::DoFinishConfigureDataTypes] Failed to download types:  and succeeded types: 
2025-05-27 03:39:45.335: [INFO][Sync] ConfigurationDone, failed: , succeeded: , remaining count: 4
2025-05-27 03:39:45.335: [INFO][SyncManagerImpl::ConfigureSyncer] Types to download:  with reason: 4
2025-05-27 03:39:45.335: [INFO][SyncEngineBackend::DoFinishConfigureDataTypes] Failed to download types:  and succeeded types: 
2025-05-27 03:39:45.335: [INFO][Sync] ConfigurationDone, failed: , succeeded: , remaining count: 3
2025-05-27 03:39:45.335: [INFO][SyncManagerImpl::ConfigureSyncer] Types to download:  with reason: 4
2025-05-27 03:39:45.335: [INFO][SyncEngineBackend::DoFinishConfigureDataTypes] Failed to download types:  and succeeded types: 
2025-05-27 03:39:45.335: [INFO][Sync] ConfigurationDone, failed: , succeeded: , remaining count: 2
2025-05-27 03:39:45.335: [INFO][SyncManagerImpl::ConfigureSyncer] Types to download:  with reason: 4
2025-05-27 03:39:45.335: [INFO][SyncEngineBackend::DoFinishConfigureDataTypes] Failed to download types:  and succeeded types: 
2025-05-27 03:39:45.335: [INFO][Sync] ConfigurationDone, failed: , succeeded: , remaining count: 1
2025-05-27 03:39:45.337: [INFO][SyncManagerImpl::ConfigureSyncer] Types to download:  with reason: 4
2025-05-27 03:39:45.337: [INFO][SyncEngineBackend::DoFinishConfigureDataTypes] Failed to download types:  and succeeded types: 
2025-05-27 03:39:45.337: [INFO][Sync] ConfigurationDone, failed: , succeeded: , remaining count: 0
2025-05-27 03:39:45.338: [INFO][Sync]     Configuration completed, state: 3
2025-05-27 03:39:45.338: [INFO][Sync] Configured DataTypeManager: Ok
2025-05-27 03:39:45.340: [INFO][SyncEngineBackend::DoStartSyncing] Start syncing
2025-05-27 03:43:52.150: [INFO][Sync] Reset engine, reason: 0
2025-05-27 03:43:52.150: [INFO][Sync] Reset engine with reason: 0
2025-05-27 03:44:21.577: [INFO][Sync] SyncState after authenticated was: FeatureCanStart
2025-05-27 03:44:21.901: [INFO][Sync] Try to start sync engine
2025-05-27 03:44:21.907: [INFO][SyncManagerImpl::NudgeForInitialDownload] Initial download nudge for Encryption Keys
2025-05-27 03:44:21.907: [INFO][SyncEngineBackend::LoadAndConnectNigoriController] Load and connect Nigori controller
2025-05-27 03:44:21.907: [INFO][SyncEngineBackend::DoInitialize] Control Types added: Encryption Keys
2025-05-27 03:44:21.907: [INFO][SyncManagerImpl::ConfigureSyncer] Types to download: Encryption Keys with reason: 3
2025-05-27 03:44:21.907: [INFO][SyncSchedulerImpl::DoConfigurationSyncCycleJob] Configure job was blocked
2025-05-27 03:44:21.985: [INFO][SyncAuthManager::SetLastAuthError] Current auth error: None
2025-05-27 03:44:21.985: [INFO][SyncAuthManager::EdgeLogTokenErrorState] Token error with: None for account type: AAD
2025-05-27 03:44:21.985: [INFO][Sync] Credentials changed for: EdgeSyncKeyDataScope
2025-05-27 03:44:21.985: [INFO][SyncEngineBackend::DoUpdateKeyDataCredentials] Update key data credentials
2025-05-27 03:44:21.992: [INFO][SyncAuthManager::SetLastAuthError] Current auth error: None
2025-05-27 03:44:21.992: [INFO][SyncAuthManager::EdgeLogTokenErrorState] Token error with: None for account type: AAD
2025-05-27 03:44:21.992: [INFO][Sync] Credentials changed for: EdgeSyncScopeNew
2025-05-27 03:44:21.992: [INFO][SyncEngineBackend::DoUpdateCredentials] Update credentials
2025-05-27 03:44:21.992: [INFO][SyncSchedulerImpl::DoConfigurationSyncCycleJob] Blocked types:  and types to download: Encryption Keys
2025-05-27 03:44:25.566: [INFO][SyncEngineBackend::DoUpdateKeyDataCredentials] Update key data credentials
2025-05-27 03:44:25.569: [INFO][Sync] Started DataTypeManager configuration, reason: 4
2025-05-27 03:44:25.569: [INFO][Sync] Configuring for: Bookmarks, Preferences, Passwords, Autofill Profiles, Autofill, Extensions, Sessions, Extension settings, History Delete Directives, Device Info, User Consents, Send Tab To Self, Web Apps, History, Saved Tab Group, Collection, Edge E Drop, Edge Hub App Usage, Edge Tab Group, Edge Wallet, Encryption Keys, reason: 4, current state: 0
2025-05-27 03:44:25.569: [INFO][SyncEngineBackend::DoStartConfiguration] Start configuration
2025-05-27 03:44:25.570: [INFO][Sync] Configure, desired: Bookmarks, Preferences, Passwords, Autofill Profiles, Autofill, Extensions, Sessions, Extension settings, History Delete Directives, Device Info, User Consents, Send Tab To Self, Web Apps, History, Saved Tab Group, Collection, Edge E Drop, Edge Hub App Usage, Edge Tab Group, Edge Wallet, Encryption Keys; Allow fail: 
2025-05-27 03:44:25.570: [INFO][Sync] Loading: Bookmarks
2025-05-27 03:44:25.570: [INFO][Sync] Loading: Preferences
2025-05-27 03:44:25.570: [INFO][Sync] Loading: Passwords
2025-05-27 03:44:25.570: [INFO][Sync] Loading: Autofill Profiles
2025-05-27 03:44:25.570: [INFO][Sync] Loading: Autofill
2025-05-27 03:44:25.570: [INFO][Sync] Loading: Extensions
2025-05-27 03:44:25.570: [INFO][Sync] Loading: Sessions
2025-05-27 03:44:25.570: [INFO][Sync] Loading: Extension settings
2025-05-27 03:44:25.570: [INFO][Sync] Loading: History Delete Directives
2025-05-27 03:44:25.571: [INFO][Sync] Loading: Device Info
2025-05-27 03:44:25.571: [INFO][Sync] Loading: User Consents
2025-05-27 03:44:25.571: [INFO][Sync] Loading: Send Tab To Self
2025-05-27 03:44:25.571: [INFO][Sync] Loading: Web Apps
2025-05-27 03:44:25.571: [INFO][Sync] Loading: History
2025-05-27 03:44:25.571: [INFO][Sync] Loading: Saved Tab Group
2025-05-27 03:44:25.571: [INFO][Sync] Loading: Collection
2025-05-27 03:44:25.571: [INFO][Sync] Loading: Edge E Drop
2025-05-27 03:44:25.571: [INFO][Sync] Loading: Edge Hub App Usage
2025-05-27 03:44:25.571: [INFO][Sync] Loading: Edge Tab Group
2025-05-27 03:44:25.571: [INFO][Sync] Loading: Edge Wallet
2025-05-27 03:44:25.574: [INFO][Sync] All data types are ready for configure.
2025-05-27 03:44:25.574: [INFO][SyncManagerImpl::ConfigureSyncer] Types to download:  with reason: 4
2025-05-27 03:44:25.574: [INFO][SyncEngineBackend::DoFinishConfigureDataTypes] Failed to download types:  and succeeded types: 
2025-05-27 03:44:25.574: [INFO][Sync] ConfigurationDone, failed: , succeeded: , remaining count: 4
2025-05-27 03:44:25.574: [INFO][SyncManagerImpl::ConfigureSyncer] Types to download:  with reason: 4
2025-05-27 03:44:25.574: [INFO][SyncEngineBackend::DoFinishConfigureDataTypes] Failed to download types:  and succeeded types: 
2025-05-27 03:44:25.574: [INFO][Sync] ConfigurationDone, failed: , succeeded: , remaining count: 3
2025-05-27 03:44:25.574: [INFO][SyncManagerImpl::ConfigureSyncer] Types to download:  with reason: 4
2025-05-27 03:44:25.574: [INFO][SyncEngineBackend::DoFinishConfigureDataTypes] Failed to download types:  and succeeded types: 
2025-05-27 03:44:25.574: [INFO][Sync] ConfigurationDone, failed: , succeeded: , remaining count: 2
2025-05-27 03:44:25.574: [INFO][SyncManagerImpl::ConfigureSyncer] Types to download:  with reason: 4
2025-05-27 03:44:25.574: [INFO][SyncEngineBackend::DoFinishConfigureDataTypes] Failed to download types:  and succeeded types: 
2025-05-27 03:44:25.574: [INFO][Sync] ConfigurationDone, failed: , succeeded: , remaining count: 1
2025-05-27 03:44:25.576: [INFO][SyncManagerImpl::ConfigureSyncer] Types to download:  with reason: 4
2025-05-27 03:44:25.576: [INFO][SyncEngineBackend::DoFinishConfigureDataTypes] Failed to download types:  and succeeded types: 
2025-05-27 03:44:25.576: [INFO][Sync] ConfigurationDone, failed: , succeeded: , remaining count: 0
2025-05-27 03:44:25.578: [INFO][Sync]     Configuration completed, state: 3
2025-05-27 03:44:25.578: [INFO][Sync] Configured DataTypeManager: Ok
2025-05-27 03:44:25.580: [INFO][SyncEngineBackend::DoStartSyncing] Start syncing
2025-05-27 03:46:36.404: [INFO][Sync] Reset engine, reason: 0
2025-05-27 03:46:36.404: [INFO][Sync] Reset engine with reason: 0
2025-05-27 03:47:00.353: [INFO][Sync] SyncState after authenticated was: FeatureCanStart
2025-05-27 03:47:00.701: [INFO][Sync] Try to start sync engine
2025-05-27 03:47:00.705: [INFO][SyncManagerImpl::NudgeForInitialDownload] Initial download nudge for Encryption Keys
2025-05-27 03:47:00.705: [INFO][SyncEngineBackend::LoadAndConnectNigoriController] Load and connect Nigori controller
2025-05-27 03:47:00.705: [INFO][SyncEngineBackend::DoInitialize] Control Types added: Encryption Keys
2025-05-27 03:47:00.705: [INFO][SyncManagerImpl::ConfigureSyncer] Types to download: Encryption Keys with reason: 3
2025-05-27 03:47:00.705: [INFO][SyncSchedulerImpl::DoConfigurationSyncCycleJob] Configure job was blocked
2025-05-27 03:47:00.739: [INFO][SyncAuthManager::SetLastAuthError] Current auth error: None
2025-05-27 03:47:00.739: [INFO][SyncAuthManager::EdgeLogTokenErrorState] Token error with: None for account type: AAD
2025-05-27 03:47:00.739: [INFO][Sync] Credentials changed for: EdgeSyncKeyDataScope
2025-05-27 03:47:00.739: [INFO][SyncEngineBackend::DoUpdateKeyDataCredentials] Update key data credentials
2025-05-27 03:47:00.805: [INFO][SyncAuthManager::SetLastAuthError] Current auth error: None
2025-05-27 03:47:00.805: [INFO][SyncAuthManager::EdgeLogTokenErrorState] Token error with: None for account type: AAD
2025-05-27 03:47:00.805: [INFO][Sync] Credentials changed for: EdgeSyncScopeNew
2025-05-27 03:47:00.805: [INFO][SyncEngineBackend::DoUpdateCredentials] Update credentials
2025-05-27 03:47:00.805: [INFO][SyncSchedulerImpl::DoConfigurationSyncCycleJob] Blocked types:  and types to download: Encryption Keys
2025-05-27 03:47:08.190: [INFO][SyncEngineBackend::DoUpdateKeyDataCredentials] Update key data credentials
2025-05-27 03:47:08.192: [INFO][Sync] Started DataTypeManager configuration, reason: 4
2025-05-27 03:47:08.192: [INFO][Sync] Configuring for: Bookmarks, Preferences, Passwords, Autofill Profiles, Autofill, Extensions, Sessions, Extension settings, History Delete Directives, Device Info, User Consents, Send Tab To Self, Web Apps, History, Saved Tab Group, Collection, Edge E Drop, Edge Hub App Usage, Edge Tab Group, Edge Wallet, Encryption Keys, reason: 4, current state: 0
2025-05-27 03:47:08.192: [INFO][SyncEngineBackend::DoStartConfiguration] Start configuration
2025-05-27 03:47:08.194: [INFO][Sync] Configure, desired: Bookmarks, Preferences, Passwords, Autofill Profiles, Autofill, Extensions, Sessions, Extension settings, History Delete Directives, Device Info, User Consents, Send Tab To Self, Web Apps, History, Saved Tab Group, Collection, Edge E Drop, Edge Hub App Usage, Edge Tab Group, Edge Wallet, Encryption Keys; Allow fail: 
2025-05-27 03:47:08.194: [INFO][Sync] Loading: Bookmarks
2025-05-27 03:47:08.194: [INFO][Sync] Loading: Preferences
2025-05-27 03:47:08.194: [INFO][Sync] Loading: Passwords
2025-05-27 03:47:08.194: [INFO][Sync] Loading: Autofill Profiles
2025-05-27 03:47:08.194: [INFO][Sync] Loading: Autofill
2025-05-27 03:47:08.194: [INFO][Sync] Loading: Extensions
2025-05-27 03:47:08.194: [INFO][Sync] Loading: Sessions
2025-05-27 03:47:08.194: [INFO][Sync] Loading: Extension settings
2025-05-27 03:47:08.194: [INFO][Sync] Loading: History Delete Directives
2025-05-27 03:47:08.194: [INFO][Sync] Loading: Device Info
2025-05-27 03:47:08.194: [INFO][Sync] Loading: User Consents
2025-05-27 03:47:08.194: [INFO][Sync] Loading: Send Tab To Self
2025-05-27 03:47:08.194: [INFO][Sync] Loading: Web Apps
2025-05-27 03:47:08.194: [INFO][Sync] Loading: History
2025-05-27 03:47:08.194: [INFO][Sync] Loading: Saved Tab Group
2025-05-27 03:47:08.194: [INFO][Sync] Loading: Collection
2025-05-27 03:47:08.194: [INFO][Sync] Loading: Edge E Drop
2025-05-27 03:47:08.194: [INFO][Sync] Loading: Edge Hub App Usage
2025-05-27 03:47:08.194: [INFO][Sync] Loading: Edge Tab Group
2025-05-27 03:47:08.194: [INFO][Sync] Loading: Edge Wallet
2025-05-27 03:47:08.200: [INFO][Sync] All data types are ready for configure.
2025-05-27 03:47:08.201: [INFO][SyncManagerImpl::ConfigureSyncer] Types to download:  with reason: 4
2025-05-27 03:47:08.201: [INFO][SyncEngineBackend::DoFinishConfigureDataTypes] Failed to download types:  and succeeded types: 
2025-05-27 03:47:08.202: [INFO][Sync] ConfigurationDone, failed: , succeeded: , remaining count: 4
2025-05-27 03:47:08.202: [INFO][SyncManagerImpl::ConfigureSyncer] Types to download:  with reason: 4
2025-05-27 03:47:08.202: [INFO][SyncEngineBackend::DoFinishConfigureDataTypes] Failed to download types:  and succeeded types: 
2025-05-27 03:47:08.202: [INFO][Sync] ConfigurationDone, failed: , succeeded: , remaining count: 3
2025-05-27 03:47:08.202: [INFO][SyncManagerImpl::ConfigureSyncer] Types to download:  with reason: 4
2025-05-27 03:47:08.202: [INFO][SyncEngineBackend::DoFinishConfigureDataTypes] Failed to download types:  and succeeded types: 
2025-05-27 03:47:08.202: [INFO][Sync] ConfigurationDone, failed: , succeeded: , remaining count: 2
2025-05-27 03:47:08.202: [INFO][SyncManagerImpl::ConfigureSyncer] Types to download:  with reason: 4
2025-05-27 03:47:08.202: [INFO][SyncEngineBackend::DoFinishConfigureDataTypes] Failed to download types:  and succeeded types: 
2025-05-27 03:47:08.202: [INFO][Sync] ConfigurationDone, failed: , succeeded: , remaining count: 1
2025-05-27 03:47:08.203: [INFO][SyncManagerImpl::ConfigureSyncer] Types to download:  with reason: 4
2025-05-27 03:47:08.203: [INFO][SyncEngineBackend::DoFinishConfigureDataTypes] Failed to download types:  and succeeded types: 
2025-05-27 03:47:08.203: [INFO][Sync] ConfigurationDone, failed: , succeeded: , remaining count: 0
2025-05-27 03:47:08.204: [INFO][Sync]     Configuration completed, state: 3
2025-05-27 03:47:08.204: [INFO][Sync] Configured DataTypeManager: Ok
2025-05-27 03:47:08.206: [INFO][SyncEngineBackend::DoStartSyncing] Start syncing
2025-05-27 03:53:18.289: [INFO][Sync] Reset engine, reason: 0
2025-05-27 03:53:18.289: [INFO][Sync] Reset engine with reason: 0
2025-05-27 03:53:42.401: [INFO][Sync] SyncState after authenticated was: FeatureCanStart
2025-05-27 03:53:42.746: [INFO][Sync] Try to start sync engine
2025-05-27 03:53:42.752: [INFO][SyncManagerImpl::NudgeForInitialDownload] Initial download nudge for Encryption Keys
2025-05-27 03:53:42.752: [INFO][SyncEngineBackend::LoadAndConnectNigoriController] Load and connect Nigori controller
2025-05-27 03:53:42.752: [INFO][SyncEngineBackend::DoInitialize] Control Types added: Encryption Keys
2025-05-27 03:53:42.752: [INFO][SyncManagerImpl::ConfigureSyncer] Types to download: Encryption Keys with reason: 3
2025-05-27 03:53:42.752: [INFO][SyncSchedulerImpl::DoConfigurationSyncCycleJob] Configure job was blocked
2025-05-27 03:53:42.840: [INFO][SyncAuthManager::SetLastAuthError] Current auth error: None
2025-05-27 03:53:42.840: [INFO][SyncAuthManager::EdgeLogTokenErrorState] Token error with: None for account type: AAD
2025-05-27 03:53:42.840: [INFO][Sync] Credentials changed for: EdgeSyncKeyDataScope
2025-05-27 03:53:42.840: [INFO][SyncEngineBackend::DoUpdateKeyDataCredentials] Update key data credentials
2025-05-27 03:53:42.852: [INFO][SyncAuthManager::SetLastAuthError] Current auth error: None
2025-05-27 03:53:42.852: [INFO][SyncAuthManager::EdgeLogTokenErrorState] Token error with: None for account type: AAD
2025-05-27 03:53:42.852: [INFO][Sync] Credentials changed for: EdgeSyncScopeNew
2025-05-27 03:53:42.852: [INFO][SyncEngineBackend::DoUpdateCredentials] Update credentials
2025-05-27 03:53:42.852: [INFO][SyncSchedulerImpl::DoConfigurationSyncCycleJob] Blocked types:  and types to download: Encryption Keys
2025-05-27 03:54:05.790: [INFO][SyncEngineBackend::DoUpdateKeyDataCredentials] Update key data credentials
2025-05-27 03:54:05.791: [INFO][Sync] Started DataTypeManager configuration, reason: 4
2025-05-27 03:54:05.791: [INFO][Sync] Configuring for: Bookmarks, Preferences, Passwords, Autofill Profiles, Autofill, Extensions, Sessions, Extension settings, History Delete Directives, Device Info, User Consents, Send Tab To Self, Web Apps, History, Saved Tab Group, Collection, Edge E Drop, Edge Hub App Usage, Edge Tab Group, Edge Wallet, Encryption Keys, reason: 4, current state: 0
2025-05-27 03:54:05.792: [INFO][Sync] Configure, desired: Bookmarks, Preferences, Passwords, Autofill Profiles, Autofill, Extensions, Sessions, Extension settings, History Delete Directives, Device Info, User Consents, Send Tab To Self, Web Apps, History, Saved Tab Group, Collection, Edge E Drop, Edge Hub App Usage, Edge Tab Group, Edge Wallet, Encryption Keys; Allow fail: 
2025-05-27 03:54:05.792: [INFO][Sync] Loading: Bookmarks
2025-05-27 03:54:05.792: [INFO][Sync] Loading: Preferences
2025-05-27 03:54:05.792: [INFO][Sync] Loading: Passwords
2025-05-27 03:54:05.792: [INFO][Sync] Loading: Autofill Profiles
2025-05-27 03:54:05.792: [INFO][Sync] Loading: Autofill
2025-05-27 03:54:05.792: [INFO][Sync] Loading: Extensions
2025-05-27 03:54:05.792: [INFO][Sync] Loading: Sessions
2025-05-27 03:54:05.792: [INFO][Sync] Loading: Extension settings
2025-05-27 03:54:05.792: [INFO][Sync] Loading: History Delete Directives
2025-05-27 03:54:05.792: [INFO][Sync] Loading: Device Info
2025-05-27 03:54:05.792: [INFO][Sync] Loading: User Consents
2025-05-27 03:54:05.792: [INFO][Sync] Loading: Send Tab To Self
2025-05-27 03:54:05.792: [INFO][Sync] Loading: Web Apps
2025-05-27 03:54:05.792: [INFO][Sync] Loading: History
2025-05-27 03:54:05.792: [INFO][Sync] Loading: Saved Tab Group
2025-05-27 03:54:05.792: [INFO][Sync] Loading: Collection
2025-05-27 03:54:05.792: [INFO][Sync] Loading: Edge E Drop
2025-05-27 03:54:05.792: [INFO][Sync] Loading: Edge Hub App Usage
2025-05-27 03:54:05.792: [INFO][Sync] Loading: Edge Tab Group
2025-05-27 03:54:05.792: [INFO][Sync] Loading: Edge Wallet
2025-05-27 03:54:05.796: [INFO][SyncEngineBackend::DoStartConfiguration] Start configuration
2025-05-27 03:54:05.797: [INFO][Sync] All data types are ready for configure.
2025-05-27 03:54:05.798: [INFO][SyncManagerImpl::ConfigureSyncer] Types to download:  with reason: 4
2025-05-27 03:54:05.798: [INFO][SyncEngineBackend::DoFinishConfigureDataTypes] Failed to download types:  and succeeded types: 
2025-05-27 03:54:05.798: [INFO][Sync] ConfigurationDone, failed: , succeeded: , remaining count: 4
2025-05-27 03:54:05.798: [INFO][SyncManagerImpl::ConfigureSyncer] Types to download:  with reason: 4
2025-05-27 03:54:05.798: [INFO][SyncEngineBackend::DoFinishConfigureDataTypes] Failed to download types:  and succeeded types: 
2025-05-27 03:54:05.798: [INFO][Sync] ConfigurationDone, failed: , succeeded: , remaining count: 3
2025-05-27 03:54:05.798: [INFO][SyncManagerImpl::ConfigureSyncer] Types to download:  with reason: 4
2025-05-27 03:54:05.798: [INFO][SyncEngineBackend::DoFinishConfigureDataTypes] Failed to download types:  and succeeded types: 
2025-05-27 03:54:05.798: [INFO][Sync] ConfigurationDone, failed: , succeeded: , remaining count: 2
2025-05-27 03:54:05.798: [INFO][SyncManagerImpl::ConfigureSyncer] Types to download:  with reason: 4
2025-05-27 03:54:05.798: [INFO][SyncEngineBackend::DoFinishConfigureDataTypes] Failed to download types:  and succeeded types: 
2025-05-27 03:54:05.798: [INFO][Sync] ConfigurationDone, failed: , succeeded: , remaining count: 1
2025-05-27 03:54:05.802: [INFO][SyncManagerImpl::ConfigureSyncer] Types to download:  with reason: 4
2025-05-27 03:54:05.802: [INFO][SyncEngineBackend::DoFinishConfigureDataTypes] Failed to download types:  and succeeded types: 
2025-05-27 03:54:05.802: [INFO][Sync] ConfigurationDone, failed: , succeeded: , remaining count: 0
2025-05-27 03:54:05.803: [INFO][Sync]     Configuration completed, state: 3
2025-05-27 03:54:05.803: [INFO][Sync] Configured DataTypeManager: Ok
2025-05-27 03:54:05.811: [INFO][SyncEngineBackend::DoStartSyncing] Start syncing
2025-05-27 04:03:55.301: [INFO][Sync] Reset engine, reason: 0
2025-05-27 04:03:55.301: [INFO][Sync] Reset engine with reason: 0
2025-05-27 04:04:23.715: [INFO][Sync] SyncState after authenticated was: FeatureCanStart
2025-05-27 04:04:24.047: [INFO][SyncAuthManager::SetLastAuthError] Current auth error: None
2025-05-27 04:04:24.047: [INFO][SyncAuthManager::EdgeLogTokenErrorState] Token error with: None for account type: AAD
2025-05-27 04:04:24.047: [INFO][Sync] Credentials changed for: EdgeSyncKeyDataScope
2025-05-27 04:04:24.047: [INFO][Sync] Try to start sync engine
2025-05-27 04:04:24.052: [INFO][SyncManagerImpl::NudgeForInitialDownload] Initial download nudge for Encryption Keys
2025-05-27 04:04:24.052: [INFO][SyncEngineBackend::LoadAndConnectNigoriController] Load and connect Nigori controller
2025-05-27 04:04:24.052: [INFO][SyncEngineBackend::DoInitialize] Control Types added: Encryption Keys
2025-05-27 04:04:24.052: [INFO][SyncManagerImpl::ConfigureSyncer] Types to download: Encryption Keys with reason: 3
2025-05-27 04:04:24.052: [INFO][SyncEngineBackend::DoUpdateKeyDataCredentials] Update key data credentials
2025-05-27 04:04:24.053: [INFO][SyncSchedulerImpl::DoConfigurationSyncCycleJob] Configure job was blocked
2025-05-27 04:04:24.086: [INFO][SyncAuthManager::SetLastAuthError] Current auth error: None
2025-05-27 04:04:24.086: [INFO][SyncAuthManager::EdgeLogTokenErrorState] Token error with: None for account type: AAD
2025-05-27 04:04:24.086: [INFO][Sync] Credentials changed for: EdgeSyncScopeNew
2025-05-27 04:04:24.086: [INFO][SyncEngineBackend::DoUpdateCredentials] Update credentials
2025-05-27 04:04:24.086: [INFO][SyncSchedulerImpl::DoConfigurationSyncCycleJob] Blocked types:  and types to download: Encryption Keys
2025-05-27 04:04:27.163: [INFO][SyncEngineBackend::DoUpdateKeyDataCredentials] Update key data credentials
2025-05-27 04:04:27.165: [INFO][Sync] Started DataTypeManager configuration, reason: 4
2025-05-27 04:04:27.165: [INFO][Sync] Configuring for: Bookmarks, Preferences, Passwords, Autofill Profiles, Autofill, Extensions, Sessions, Extension settings, History Delete Directives, Device Info, User Consents, Send Tab To Self, Web Apps, History, Saved Tab Group, Collection, Edge E Drop, Edge Hub App Usage, Edge Tab Group, Edge Wallet, Encryption Keys, reason: 4, current state: 0
2025-05-27 04:04:27.165: [INFO][SyncEngineBackend::DoStartConfiguration] Start configuration
2025-05-27 04:04:27.166: [INFO][Sync] Configure, desired: Bookmarks, Preferences, Passwords, Autofill Profiles, Autofill, Extensions, Sessions, Extension settings, History Delete Directives, Device Info, User Consents, Send Tab To Self, Web Apps, History, Saved Tab Group, Collection, Edge E Drop, Edge Hub App Usage, Edge Tab Group, Edge Wallet, Encryption Keys; Allow fail: 
2025-05-27 04:04:27.166: [INFO][Sync] Loading: Bookmarks
2025-05-27 04:04:27.166: [INFO][Sync] Loading: Preferences
2025-05-27 04:04:27.166: [INFO][Sync] Loading: Passwords
2025-05-27 04:04:27.166: [INFO][Sync] Loading: Autofill Profiles
2025-05-27 04:04:27.166: [INFO][Sync] Loading: Autofill
2025-05-27 04:04:27.166: [INFO][Sync] Loading: Extensions
2025-05-27 04:04:27.166: [INFO][Sync] Loading: Sessions
2025-05-27 04:04:27.166: [INFO][Sync] Loading: Extension settings
2025-05-27 04:04:27.166: [INFO][Sync] Loading: History Delete Directives
2025-05-27 04:04:27.166: [INFO][Sync] Loading: Device Info
2025-05-27 04:04:27.166: [INFO][Sync] Loading: User Consents
2025-05-27 04:04:27.166: [INFO][Sync] Loading: Send Tab To Self
2025-05-27 04:04:27.166: [INFO][Sync] Loading: Web Apps
2025-05-27 04:04:27.166: [INFO][Sync] Loading: History
2025-05-27 04:04:27.166: [INFO][Sync] Loading: Saved Tab Group
2025-05-27 04:04:27.166: [INFO][Sync] Loading: Collection
2025-05-27 04:04:27.166: [INFO][Sync] Loading: Edge E Drop
2025-05-27 04:04:27.166: [INFO][Sync] Loading: Edge Hub App Usage
2025-05-27 04:04:27.166: [INFO][Sync] Loading: Edge Tab Group
2025-05-27 04:04:27.166: [INFO][Sync] Loading: Edge Wallet
2025-05-27 04:04:27.169: [INFO][Sync] All data types are ready for configure.
2025-05-27 04:04:27.169: [INFO][SyncManagerImpl::ConfigureSyncer] Types to download:  with reason: 4
2025-05-27 04:04:27.170: [INFO][SyncEngineBackend::DoFinishConfigureDataTypes] Failed to download types:  and succeeded types: 
2025-05-27 04:04:27.170: [INFO][Sync] ConfigurationDone, failed: , succeeded: , remaining count: 4
2025-05-27 04:04:27.170: [INFO][SyncManagerImpl::ConfigureSyncer] Types to download:  with reason: 4
2025-05-27 04:04:27.170: [INFO][SyncEngineBackend::DoFinishConfigureDataTypes] Failed to download types:  and succeeded types: 
2025-05-27 04:04:27.170: [INFO][Sync] ConfigurationDone, failed: , succeeded: , remaining count: 3
2025-05-27 04:04:27.170: [INFO][SyncManagerImpl::ConfigureSyncer] Types to download:  with reason: 4
2025-05-27 04:04:27.170: [INFO][SyncEngineBackend::DoFinishConfigureDataTypes] Failed to download types:  and succeeded types: 
2025-05-27 04:04:27.170: [INFO][Sync] ConfigurationDone, failed: , succeeded: , remaining count: 2
2025-05-27 04:04:27.170: [INFO][SyncManagerImpl::ConfigureSyncer] Types to download:  with reason: 4
2025-05-27 04:04:27.170: [INFO][SyncEngineBackend::DoFinishConfigureDataTypes] Failed to download types:  and succeeded types: 
2025-05-27 04:04:27.170: [INFO][Sync] ConfigurationDone, failed: , succeeded: , remaining count: 1
2025-05-27 04:04:27.172: [INFO][SyncManagerImpl::ConfigureSyncer] Types to download:  with reason: 4
2025-05-27 04:04:27.172: [INFO][SyncEngineBackend::DoFinishConfigureDataTypes] Failed to download types:  and succeeded types: 
2025-05-27 04:04:27.172: [INFO][Sync] ConfigurationDone, failed: , succeeded: , remaining count: 0
2025-05-27 04:04:27.173: [INFO][Sync]     Configuration completed, state: 3
2025-05-27 04:04:27.173: [INFO][Sync] Configured DataTypeManager: Ok
2025-05-27 04:04:27.175: [INFO][SyncEngineBackend::DoStartSyncing] Start syncing
2025-05-27 04:22:45.172: [INFO][Sync] Reset engine, reason: 0
2025-05-27 04:22:45.172: [INFO][Sync] Reset engine with reason: 0
2025-05-27 04:23:12.528: [INFO][Sync] SyncState after authenticated was: FeatureCanStart
2025-05-27 04:23:12.928: [INFO][Sync] Try to start sync engine
2025-05-27 04:23:12.934: [INFO][SyncManagerImpl::NudgeForInitialDownload] Initial download nudge for Encryption Keys
2025-05-27 04:23:12.934: [INFO][SyncEngineBackend::LoadAndConnectNigoriController] Load and connect Nigori controller
2025-05-27 04:23:12.934: [INFO][SyncEngineBackend::DoInitialize] Control Types added: Encryption Keys
2025-05-27 04:23:12.934: [INFO][SyncManagerImpl::ConfigureSyncer] Types to download: Encryption Keys with reason: 3
2025-05-27 04:23:12.934: [INFO][SyncSchedulerImpl::DoConfigurationSyncCycleJob] Configure job was blocked
2025-05-27 04:23:13.029: [INFO][SyncAuthManager::SetLastAuthError] Current auth error: None
2025-05-27 04:23:13.029: [INFO][SyncAuthManager::EdgeLogTokenErrorState] Token error with: None for account type: AAD
2025-05-27 04:23:13.029: [INFO][Sync] Credentials changed for: EdgeSyncScopeNew
2025-05-27 04:23:17.381: [INFO][SyncAuthManager::SetLastAuthError] Current auth error: None
2025-05-27 04:23:17.381: [INFO][SyncAuthManager::EdgeLogTokenErrorState] Token error with: None for account type: AAD
2025-05-27 04:23:17.381: [INFO][Sync] Credentials changed for: EdgeSyncKeyDataScope
2025-05-27 04:23:17.381: [INFO][SyncEngineBackend::DoUpdateKeyDataCredentials] Update key data credentials
2025-05-27 04:23:17.381: [INFO][SyncEngineBackend::DoUpdateCredentials] Update credentials
2025-05-27 04:23:17.381: [INFO][SyncSchedulerImpl::DoConfigurationSyncCycleJob] Blocked types:  and types to download: Encryption Keys
2025-05-27 04:23:27.578: [INFO][Sync] Started DataTypeManager configuration, reason: 4
2025-05-27 04:23:27.578: [INFO][Sync] Configuring for: Bookmarks, Preferences, Passwords, Autofill Profiles, Autofill, Extensions, Sessions, Extension settings, History Delete Directives, Device Info, User Consents, Send Tab To Self, Web Apps, History, Saved Tab Group, Collection, Edge E Drop, Edge Hub App Usage, Edge Tab Group, Edge Wallet, Encryption Keys, reason: 4, current state: 0
2025-05-27 04:23:27.579: [INFO][Sync] Configure, desired: Bookmarks, Preferences, Passwords, Autofill Profiles, Autofill, Extensions, Sessions, Extension settings, History Delete Directives, Device Info, User Consents, Send Tab To Self, Web Apps, History, Saved Tab Group, Collection, Edge E Drop, Edge Hub App Usage, Edge Tab Group, Edge Wallet, Encryption Keys; Allow fail: 
2025-05-27 04:23:27.579: [INFO][Sync] Loading: Bookmarks
2025-05-27 04:23:27.579: [INFO][Sync] Loading: Preferences
2025-05-27 04:23:27.579: [INFO][Sync] Loading: Passwords
2025-05-27 04:23:27.579: [INFO][Sync] Loading: Autofill Profiles
2025-05-27 04:23:27.579: [INFO][Sync] Loading: Autofill
2025-05-27 04:23:27.579: [INFO][Sync] Loading: Extensions
2025-05-27 04:23:27.579: [INFO][Sync] Loading: Sessions
2025-05-27 04:23:27.579: [INFO][Sync] Loading: Extension settings
2025-05-27 04:23:27.579: [INFO][Sync] Loading: History Delete Directives
2025-05-27 04:23:27.579: [INFO][Sync] Loading: Device Info
2025-05-27 04:23:27.579: [INFO][Sync] Loading: User Consents
2025-05-27 04:23:27.579: [INFO][Sync] Loading: Send Tab To Self
2025-05-27 04:23:27.579: [INFO][Sync] Loading: Web Apps
2025-05-27 04:23:27.579: [INFO][Sync] Loading: History
2025-05-27 04:23:27.579: [INFO][Sync] Loading: Saved Tab Group
2025-05-27 04:23:27.579: [INFO][Sync] Loading: Collection
2025-05-27 04:23:27.580: [INFO][Sync] Loading: Edge E Drop
2025-05-27 04:23:27.580: [INFO][Sync] Loading: Edge Hub App Usage
2025-05-27 04:23:27.580: [INFO][Sync] Loading: Edge Tab Group
2025-05-27 04:23:27.580: [INFO][Sync] Loading: Edge Wallet
2025-05-27 04:23:27.582: [INFO][SyncEngineBackend::DoStartConfiguration] Start configuration
2025-05-27 04:23:27.586: [INFO][Sync] All data types are ready for configure.
2025-05-27 04:23:27.588: [INFO][SyncManagerImpl::ConfigureSyncer] Types to download:  with reason: 4
2025-05-27 04:23:27.588: [INFO][SyncEngineBackend::DoFinishConfigureDataTypes] Failed to download types:  and succeeded types: 
2025-05-27 04:23:27.588: [INFO][Sync] ConfigurationDone, failed: , succeeded: , remaining count: 4
2025-05-27 04:23:27.588: [INFO][SyncManagerImpl::ConfigureSyncer] Types to download:  with reason: 4
2025-05-27 04:23:27.588: [INFO][SyncEngineBackend::DoFinishConfigureDataTypes] Failed to download types:  and succeeded types: 
2025-05-27 04:23:27.588: [INFO][Sync] ConfigurationDone, failed: , succeeded: , remaining count: 3
2025-05-27 04:23:27.588: [INFO][SyncManagerImpl::ConfigureSyncer] Types to download:  with reason: 4
2025-05-27 04:23:27.588: [INFO][SyncEngineBackend::DoFinishConfigureDataTypes] Failed to download types:  and succeeded types: 
2025-05-27 04:23:27.588: [INFO][Sync] ConfigurationDone, failed: , succeeded: , remaining count: 2
2025-05-27 04:23:27.588: [INFO][SyncManagerImpl::ConfigureSyncer] Types to download:  with reason: 4
2025-05-27 04:23:27.588: [INFO][SyncEngineBackend::DoFinishConfigureDataTypes] Failed to download types:  and succeeded types: 
2025-05-27 04:23:27.588: [INFO][Sync] ConfigurationDone, failed: , succeeded: , remaining count: 1
2025-05-27 04:23:27.590: [INFO][SyncManagerImpl::ConfigureSyncer] Types to download:  with reason: 4
2025-05-27 04:23:27.590: [INFO][SyncEngineBackend::DoFinishConfigureDataTypes] Failed to download types:  and succeeded types: 
2025-05-27 04:23:27.590: [INFO][Sync] ConfigurationDone, failed: , succeeded: , remaining count: 0
2025-05-27 04:23:27.591: [INFO][Sync]     Configuration completed, state: 3
2025-05-27 04:23:27.592: [INFO][Sync] Configured DataTypeManager: Ok
2025-05-27 04:23:27.595: [INFO][SyncEngineBackend::DoStartSyncing] Start syncing
2025-05-27 04:28:43.655: [INFO][Sync] Reset engine, reason: 0
2025-05-27 04:28:43.656: [INFO][Sync] Reset engine with reason: 0
2025-05-27 04:30:14.706: [INFO][Sync] SyncState after authenticated was: FeatureCanStart
2025-05-27 04:30:15.049: [INFO][SyncAuthManager::SetLastAuthError] Current auth error: None
2025-05-27 04:30:15.049: [INFO][SyncAuthManager::EdgeLogTokenErrorState] Token error with: None for account type: AAD
2025-05-27 04:30:15.049: [INFO][Sync] Credentials changed for: EdgeSyncKeyDataScope
2025-05-27 04:30:15.049: [INFO][Sync] Try to start sync engine
2025-05-27 04:30:15.054: [INFO][SyncManagerImpl::NudgeForInitialDownload] Initial download nudge for Encryption Keys
2025-05-27 04:30:15.054: [INFO][SyncEngineBackend::LoadAndConnectNigoriController] Load and connect Nigori controller
2025-05-27 04:30:15.054: [INFO][SyncEngineBackend::DoInitialize] Control Types added: Encryption Keys
2025-05-27 04:30:15.054: [INFO][SyncManagerImpl::ConfigureSyncer] Types to download: Encryption Keys with reason: 3
2025-05-27 04:30:15.054: [INFO][SyncEngineBackend::DoUpdateKeyDataCredentials] Update key data credentials
2025-05-27 04:30:15.054: [INFO][SyncSchedulerImpl::DoConfigurationSyncCycleJob] Configure job was blocked
2025-05-27 04:30:15.088: [INFO][SyncAuthManager::SetLastAuthError] Current auth error: None
2025-05-27 04:30:15.088: [INFO][SyncAuthManager::EdgeLogTokenErrorState] Token error with: None for account type: AAD
2025-05-27 04:30:15.088: [INFO][Sync] Credentials changed for: EdgeSyncScopeNew
2025-05-27 04:30:15.088: [INFO][SyncEngineBackend::DoUpdateCredentials] Update credentials
2025-05-27 04:30:15.088: [INFO][SyncSchedulerImpl::DoConfigurationSyncCycleJob] Blocked types:  and types to download: Encryption Keys
2025-05-27 04:30:18.505: [INFO][Sync] Started DataTypeManager configuration, reason: 4
2025-05-27 04:30:18.506: [INFO][Sync] Configuring for: Bookmarks, Preferences, Passwords, Autofill Profiles, Autofill, Extensions, Sessions, Extension settings, History Delete Directives, Device Info, User Consents, Send Tab To Self, Web Apps, History, Saved Tab Group, Collection, Edge E Drop, Edge Hub App Usage, Edge Tab Group, Edge Wallet, Encryption Keys, reason: 4, current state: 0
2025-05-27 04:30:18.507: [INFO][Sync] Configure, desired: Bookmarks, Preferences, Passwords, Autofill Profiles, Autofill, Extensions, Sessions, Extension settings, History Delete Directives, Device Info, User Consents, Send Tab To Self, Web Apps, History, Saved Tab Group, Collection, Edge E Drop, Edge Hub App Usage, Edge Tab Group, Edge Wallet, Encryption Keys; Allow fail: 
2025-05-27 04:30:18.507: [INFO][Sync] Loading: Bookmarks
2025-05-27 04:30:18.507: [INFO][Sync] Loading: Preferences
2025-05-27 04:30:18.507: [INFO][Sync] Loading: Passwords
2025-05-27 04:30:18.507: [INFO][Sync] Loading: Autofill Profiles
2025-05-27 04:30:18.507: [INFO][Sync] Loading: Autofill
2025-05-27 04:30:18.507: [INFO][Sync] Loading: Extensions
2025-05-27 04:30:18.507: [INFO][Sync] Loading: Sessions
2025-05-27 04:30:18.507: [INFO][Sync] Loading: Extension settings
2025-05-27 04:30:18.507: [INFO][Sync] Loading: History Delete Directives
2025-05-27 04:30:18.507: [INFO][Sync] Loading: Device Info
2025-05-27 04:30:18.507: [INFO][Sync] Loading: User Consents
2025-05-27 04:30:18.507: [INFO][Sync] Loading: Send Tab To Self
2025-05-27 04:30:18.507: [INFO][Sync] Loading: Web Apps
2025-05-27 04:30:18.507: [INFO][Sync] Loading: History
2025-05-27 04:30:18.507: [INFO][Sync] Loading: Saved Tab Group
2025-05-27 04:30:18.507: [INFO][Sync] Loading: Collection
2025-05-27 04:30:18.507: [INFO][Sync] Loading: Edge E Drop
2025-05-27 04:30:18.508: [INFO][Sync] Loading: Edge Hub App Usage
2025-05-27 04:30:18.508: [INFO][Sync] Loading: Edge Tab Group
2025-05-27 04:30:18.508: [INFO][Sync] Loading: Edge Wallet
2025-05-27 04:30:18.510: [INFO][SyncEngineBackend::DoUpdateKeyDataCredentials] Update key data credentials
2025-05-27 04:30:18.511: [INFO][SyncEngineBackend::DoStartConfiguration] Start configuration
2025-05-27 04:30:18.511: [INFO][Sync] All data types are ready for configure.
2025-05-27 04:30:18.512: [INFO][SyncManagerImpl::ConfigureSyncer] Types to download:  with reason: 4
2025-05-27 04:30:18.512: [INFO][SyncEngineBackend::DoFinishConfigureDataTypes] Failed to download types:  and succeeded types: 
2025-05-27 04:30:18.512: [INFO][Sync] ConfigurationDone, failed: , succeeded: , remaining count: 4
2025-05-27 04:30:18.516: [INFO][SyncManagerImpl::ConfigureSyncer] Types to download:  with reason: 4
2025-05-27 04:30:18.516: [INFO][SyncEngineBackend::DoFinishConfigureDataTypes] Failed to download types:  and succeeded types: 
2025-05-27 04:30:18.516: [INFO][Sync] ConfigurationDone, failed: , succeeded: , remaining count: 3
2025-05-27 04:30:18.516: [INFO][SyncManagerImpl::ConfigureSyncer] Types to download:  with reason: 4
2025-05-27 04:30:18.516: [INFO][SyncEngineBackend::DoFinishConfigureDataTypes] Failed to download types:  and succeeded types: 
2025-05-27 04:30:18.516: [INFO][Sync] ConfigurationDone, failed: , succeeded: , remaining count: 2
2025-05-27 04:30:18.516: [INFO][SyncManagerImpl::ConfigureSyncer] Types to download:  with reason: 4
2025-05-27 04:30:18.516: [INFO][SyncEngineBackend::DoFinishConfigureDataTypes] Failed to download types:  and succeeded types: 
2025-05-27 04:30:18.516: [INFO][Sync] ConfigurationDone, failed: , succeeded: , remaining count: 1
2025-05-27 04:30:18.517: [INFO][SyncManagerImpl::ConfigureSyncer] Types to download:  with reason: 4
2025-05-27 04:30:18.517: [INFO][SyncEngineBackend::DoFinishConfigureDataTypes] Failed to download types:  and succeeded types: 
2025-05-27 04:30:18.517: [INFO][Sync] ConfigurationDone, failed: , succeeded: , remaining count: 0
2025-05-27 04:30:18.518: [INFO][Sync]     Configuration completed, state: 3
2025-05-27 04:30:18.518: [INFO][Sync] Configured DataTypeManager: Ok
2025-05-27 04:30:18.521: [INFO][SyncEngineBackend::DoStartSyncing] Start syncing
2025-05-27 04:31:41.017: [INFO][Sync] Reset engine, reason: 0
2025-05-27 04:31:41.018: [INFO][Sync] Reset engine with reason: 0
2025-05-27 04:32:04.857: [INFO][Sync] SyncState after authenticated was: FeatureCanStart
2025-05-27 04:32:05.189: [INFO][SyncAuthManager::SetLastAuthError] Current auth error: None
2025-05-27 04:32:05.189: [INFO][SyncAuthManager::EdgeLogTokenErrorState] Token error with: None for account type: AAD
2025-05-27 04:32:05.189: [INFO][Sync] Credentials changed for: EdgeSyncKeyDataScope
2025-05-27 04:32:05.189: [INFO][Sync] Try to start sync engine
2025-05-27 04:32:05.213: [INFO][SyncManagerImpl::NudgeForInitialDownload] Initial download nudge for Encryption Keys
2025-05-27 04:32:05.213: [INFO][SyncEngineBackend::LoadAndConnectNigoriController] Load and connect Nigori controller
2025-05-27 04:32:05.213: [INFO][SyncEngineBackend::DoInitialize] Control Types added: Encryption Keys
2025-05-27 04:32:05.213: [INFO][SyncManagerImpl::ConfigureSyncer] Types to download: Encryption Keys with reason: 3
2025-05-27 04:32:05.213: [INFO][SyncEngineBackend::DoUpdateKeyDataCredentials] Update key data credentials
2025-05-27 04:32:05.214: [INFO][SyncSchedulerImpl::DoConfigurationSyncCycleJob] Configure job was blocked
2025-05-27 04:32:05.253: [INFO][SyncAuthManager::SetLastAuthError] Current auth error: None
2025-05-27 04:32:05.253: [INFO][SyncAuthManager::EdgeLogTokenErrorState] Token error with: None for account type: AAD
2025-05-27 04:32:05.253: [INFO][Sync] Credentials changed for: EdgeSyncScopeNew
2025-05-27 04:32:05.253: [INFO][SyncEngineBackend::DoUpdateCredentials] Update credentials
2025-05-27 04:32:05.253: [INFO][SyncEngineBackend::DoUpdateKeyDataCredentials] Update key data credentials
2025-05-27 04:32:05.253: [INFO][SyncSchedulerImpl::DoConfigurationSyncCycleJob] Blocked types:  and types to download: Encryption Keys
2025-05-27 04:32:25.380: [INFO][Sync] Started DataTypeManager configuration, reason: 4
2025-05-27 04:32:25.380: [INFO][Sync] Configuring for: Bookmarks, Preferences, Passwords, Autofill Profiles, Autofill, Extensions, Sessions, Extension settings, History Delete Directives, Device Info, User Consents, Send Tab To Self, Web Apps, History, Saved Tab Group, Collection, Edge E Drop, Edge Hub App Usage, Edge Tab Group, Edge Wallet, Encryption Keys, reason: 4, current state: 0
2025-05-27 04:32:25.380: [INFO][SyncEngineBackend::DoStartConfiguration] Start configuration
2025-05-27 04:32:25.383: [INFO][Sync] Configure, desired: Bookmarks, Preferences, Passwords, Autofill Profiles, Autofill, Extensions, Sessions, Extension settings, History Delete Directives, Device Info, User Consents, Send Tab To Self, Web Apps, History, Saved Tab Group, Collection, Edge E Drop, Edge Hub App Usage, Edge Tab Group, Edge Wallet, Encryption Keys; Allow fail: 
2025-05-27 04:32:25.383: [INFO][Sync] Loading: Bookmarks
2025-05-27 04:32:25.383: [INFO][Sync] Loading: Preferences
2025-05-27 04:32:25.383: [INFO][Sync] Loading: Passwords
2025-05-27 04:32:25.383: [INFO][Sync] Loading: Autofill Profiles
2025-05-27 04:32:25.383: [INFO][Sync] Loading: Autofill
2025-05-27 04:32:25.383: [INFO][Sync] Loading: Extensions
2025-05-27 04:32:25.383: [INFO][Sync] Loading: Sessions
2025-05-27 04:32:25.383: [INFO][Sync] Loading: Extension settings
2025-05-27 04:32:25.383: [INFO][Sync] Loading: History Delete Directives
2025-05-27 04:32:25.383: [INFO][Sync] Loading: Device Info
2025-05-27 04:32:25.383: [INFO][Sync] Loading: User Consents
2025-05-27 04:32:25.383: [INFO][Sync] Loading: Send Tab To Self
2025-05-27 04:32:25.383: [INFO][Sync] Loading: Web Apps
2025-05-27 04:32:25.383: [INFO][Sync] Loading: History
2025-05-27 04:32:25.383: [INFO][Sync] Loading: Saved Tab Group
2025-05-27 04:32:25.383: [INFO][Sync] Loading: Collection
2025-05-27 04:32:25.383: [INFO][Sync] Loading: Edge E Drop
2025-05-27 04:32:25.383: [INFO][Sync] Loading: Edge Hub App Usage
2025-05-27 04:32:25.383: [INFO][Sync] Loading: Edge Tab Group
2025-05-27 04:32:25.383: [INFO][Sync] Loading: Edge Wallet
2025-05-27 04:32:25.387: [INFO][Sync] All data types are ready for configure.
2025-05-27 04:32:25.388: [INFO][SyncManagerImpl::ConfigureSyncer] Types to download:  with reason: 4
2025-05-27 04:32:25.388: [INFO][SyncEngineBackend::DoFinishConfigureDataTypes] Failed to download types:  and succeeded types: 
2025-05-27 04:32:25.388: [INFO][Sync] ConfigurationDone, failed: , succeeded: , remaining count: 4
2025-05-27 04:32:25.388: [INFO][SyncManagerImpl::ConfigureSyncer] Types to download:  with reason: 4
2025-05-27 04:32:25.388: [INFO][SyncEngineBackend::DoFinishConfigureDataTypes] Failed to download types:  and succeeded types: 
2025-05-27 04:32:25.388: [INFO][Sync] ConfigurationDone, failed: , succeeded: , remaining count: 3
2025-05-27 04:32:25.388: [INFO][SyncManagerImpl::ConfigureSyncer] Types to download:  with reason: 4
2025-05-27 04:32:25.388: [INFO][SyncEngineBackend::DoFinishConfigureDataTypes] Failed to download types:  and succeeded types: 
2025-05-27 04:32:25.388: [INFO][Sync] ConfigurationDone, failed: , succeeded: , remaining count: 2
2025-05-27 04:32:25.388: [INFO][SyncManagerImpl::ConfigureSyncer] Types to download:  with reason: 4
2025-05-27 04:32:25.388: [INFO][SyncEngineBackend::DoFinishConfigureDataTypes] Failed to download types:  and succeeded types: 
2025-05-27 04:32:25.388: [INFO][Sync] ConfigurationDone, failed: , succeeded: , remaining count: 1
2025-05-27 04:32:25.390: [INFO][SyncManagerImpl::ConfigureSyncer] Types to download:  with reason: 4
2025-05-27 04:32:25.390: [INFO][SyncEngineBackend::DoFinishConfigureDataTypes] Failed to download types:  and succeeded types: 
2025-05-27 04:32:25.395: [INFO][Sync] ConfigurationDone, failed: , succeeded: , remaining count: 0
2025-05-27 04:32:25.396: [INFO][Sync]     Configuration completed, state: 3
2025-05-27 04:32:25.396: [INFO][Sync] Configured DataTypeManager: Ok
2025-05-27 04:32:25.399: [INFO][SyncEngineBackend::DoStartSyncing] Start syncing
2025-05-27 04:36:11.294: [INFO][Sync] Reset engine, reason: 0
2025-05-27 04:36:11.294: [INFO][Sync] Reset engine with reason: 0
2025-05-27 04:36:39.294: [INFO][Sync] SyncState after authenticated was: FeatureCanStart
2025-05-27 04:36:39.704: [INFO][Sync] Try to start sync engine
2025-05-27 04:36:39.709: [INFO][SyncManagerImpl::NudgeForInitialDownload] Initial download nudge for Encryption Keys
2025-05-27 04:36:39.709: [INFO][SyncEngineBackend::LoadAndConnectNigoriController] Load and connect Nigori controller
2025-05-27 04:36:39.709: [INFO][SyncEngineBackend::DoInitialize] Control Types added: Encryption Keys
2025-05-27 04:36:39.709: [INFO][SyncManagerImpl::ConfigureSyncer] Types to download: Encryption Keys with reason: 3
2025-05-27 04:36:39.709: [INFO][SyncSchedulerImpl::DoConfigurationSyncCycleJob] Configure job was blocked
2025-05-27 04:36:39.712: [INFO][SyncAuthManager::SetLastAuthError] Current auth error: None
2025-05-27 04:36:39.712: [INFO][SyncAuthManager::EdgeLogTokenErrorState] Token error with: None for account type: AAD
2025-05-27 04:36:39.712: [INFO][Sync] Credentials changed for: EdgeSyncKeyDataScope
2025-05-27 04:36:39.712: [INFO][SyncEngineBackend::DoUpdateKeyDataCredentials] Update key data credentials
2025-05-27 04:36:39.764: [INFO][SyncAuthManager::SetLastAuthError] Current auth error: None
2025-05-27 04:36:39.764: [INFO][SyncAuthManager::EdgeLogTokenErrorState] Token error with: None for account type: AAD
2025-05-27 04:36:39.764: [INFO][Sync] Credentials changed for: EdgeSyncScopeNew
2025-05-27 04:36:39.764: [INFO][SyncEngineBackend::DoUpdateCredentials] Update credentials
2025-05-27 04:36:39.764: [INFO][SyncSchedulerImpl::DoConfigurationSyncCycleJob] Blocked types:  and types to download: Encryption Keys
2025-05-27 04:36:41.285: [INFO][SyncEngineBackend::DoUpdateKeyDataCredentials] Update key data credentials
2025-05-27 04:36:41.288: [INFO][Sync] Started DataTypeManager configuration, reason: 4
2025-05-27 04:36:41.288: [INFO][Sync] Configuring for: Bookmarks, Preferences, Passwords, Autofill Profiles, Autofill, Extensions, Sessions, Extension settings, History Delete Directives, Device Info, User Consents, Send Tab To Self, Web Apps, History, Saved Tab Group, Collection, Edge E Drop, Edge Hub App Usage, Edge Tab Group, Edge Wallet, Encryption Keys, reason: 4, current state: 0
2025-05-27 04:36:41.288: [INFO][SyncEngineBackend::DoStartConfiguration] Start configuration
2025-05-27 04:36:41.290: [INFO][Sync] Configure, desired: Bookmarks, Preferences, Passwords, Autofill Profiles, Autofill, Extensions, Sessions, Extension settings, History Delete Directives, Device Info, User Consents, Send Tab To Self, Web Apps, History, Saved Tab Group, Collection, Edge E Drop, Edge Hub App Usage, Edge Tab Group, Edge Wallet, Encryption Keys; Allow fail: 
2025-05-27 04:36:41.290: [INFO][Sync] Loading: Bookmarks
2025-05-27 04:36:41.290: [INFO][Sync] Loading: Preferences
2025-05-27 04:36:41.290: [INFO][Sync] Loading: Passwords
2025-05-27 04:36:41.290: [INFO][Sync] Loading: Autofill Profiles
2025-05-27 04:36:41.290: [INFO][Sync] Loading: Autofill
2025-05-27 04:36:41.290: [INFO][Sync] Loading: Extensions
2025-05-27 04:36:41.290: [INFO][Sync] Loading: Sessions
2025-05-27 04:36:41.290: [INFO][Sync] Loading: Extension settings
2025-05-27 04:36:41.290: [INFO][Sync] Loading: History Delete Directives
2025-05-27 04:36:41.290: [INFO][Sync] Loading: Device Info
2025-05-27 04:36:41.290: [INFO][Sync] Loading: User Consents
2025-05-27 04:36:41.290: [INFO][Sync] Loading: Send Tab To Self
2025-05-27 04:36:41.290: [INFO][Sync] Loading: Web Apps
2025-05-27 04:36:41.290: [INFO][Sync] Loading: History
2025-05-27 04:36:41.290: [INFO][Sync] Loading: Saved Tab Group
2025-05-27 04:36:41.290: [INFO][Sync] Loading: Collection
2025-05-27 04:36:41.290: [INFO][Sync] Loading: Edge E Drop
2025-05-27 04:36:41.290: [INFO][Sync] Loading: Edge Hub App Usage
2025-05-27 04:36:41.290: [INFO][Sync] Loading: Edge Tab Group
2025-05-27 04:36:41.290: [INFO][Sync] Loading: Edge Wallet
2025-05-27 04:36:41.293: [INFO][Sync] All data types are ready for configure.
2025-05-27 04:36:41.294: [INFO][SyncManagerImpl::ConfigureSyncer] Types to download:  with reason: 4
2025-05-27 04:36:41.294: [INFO][SyncEngineBackend::DoFinishConfigureDataTypes] Failed to download types:  and succeeded types: 
2025-05-27 04:36:41.294: [INFO][Sync] ConfigurationDone, failed: , succeeded: , remaining count: 4
2025-05-27 04:36:41.294: [INFO][SyncManagerImpl::ConfigureSyncer] Types to download:  with reason: 4
2025-05-27 04:36:41.294: [INFO][SyncEngineBackend::DoFinishConfigureDataTypes] Failed to download types:  and succeeded types: 
2025-05-27 04:36:41.294: [INFO][Sync] ConfigurationDone, failed: , succeeded: , remaining count: 3
2025-05-27 04:36:41.294: [INFO][SyncManagerImpl::ConfigureSyncer] Types to download:  with reason: 4
2025-05-27 04:36:41.294: [INFO][SyncEngineBackend::DoFinishConfigureDataTypes] Failed to download types:  and succeeded types: 
2025-05-27 04:36:41.294: [INFO][Sync] ConfigurationDone, failed: , succeeded: , remaining count: 2
2025-05-27 04:36:41.294: [INFO][SyncManagerImpl::ConfigureSyncer] Types to download:  with reason: 4
2025-05-27 04:36:41.294: [INFO][SyncEngineBackend::DoFinishConfigureDataTypes] Failed to download types:  and succeeded types: 
2025-05-27 04:36:41.294: [INFO][Sync] ConfigurationDone, failed: , succeeded: , remaining count: 1
2025-05-27 04:36:41.296: [INFO][SyncManagerImpl::ConfigureSyncer] Types to download:  with reason: 4
2025-05-27 04:36:41.296: [INFO][SyncEngineBackend::DoFinishConfigureDataTypes] Failed to download types:  and succeeded types: 
2025-05-27 04:36:41.296: [INFO][Sync] ConfigurationDone, failed: , succeeded: , remaining count: 0
2025-05-27 04:36:41.297: [INFO][Sync]     Configuration completed, state: 3
2025-05-27 04:36:41.297: [INFO][Sync] Configured DataTypeManager: Ok
2025-05-27 04:36:41.299: [INFO][SyncEngineBackend::DoStartSyncing] Start syncing
2025-05-27 04:44:03.472: [INFO][Sync] Reset engine, reason: 0
2025-05-27 04:44:03.472: [INFO][Sync] Reset engine with reason: 0
2025-05-27 04:49:14.468: [INFO][Sync] SyncState after authenticated was: FeatureCanStart
2025-05-27 04:49:14.885: [INFO][Sync] Try to start sync engine
2025-05-27 04:49:14.890: [INFO][SyncManagerImpl::NudgeForInitialDownload] Initial download nudge for Encryption Keys
2025-05-27 04:49:14.890: [INFO][SyncEngineBackend::LoadAndConnectNigoriController] Load and connect Nigori controller
2025-05-27 04:49:14.890: [INFO][SyncEngineBackend::DoInitialize] Control Types added: Encryption Keys
2025-05-27 04:49:14.890: [INFO][SyncManagerImpl::ConfigureSyncer] Types to download: Encryption Keys with reason: 3
2025-05-27 04:49:14.890: [INFO][SyncSchedulerImpl::DoConfigurationSyncCycleJob] Configure job was blocked
2025-05-27 04:49:14.978: [INFO][SyncAuthManager::SetLastAuthError] Current auth error: None
2025-05-27 04:49:14.978: [INFO][SyncAuthManager::EdgeLogTokenErrorState] Token error with: None for account type: AAD
2025-05-27 04:49:14.978: [INFO][Sync] Credentials changed for: EdgeSyncKeyDataScope
2025-05-27 04:49:14.978: [INFO][SyncEngineBackend::DoUpdateKeyDataCredentials] Update key data credentials
2025-05-27 04:49:14.999: [INFO][SyncAuthManager::SetLastAuthError] Current auth error: None
2025-05-27 04:49:14.999: [INFO][SyncAuthManager::EdgeLogTokenErrorState] Token error with: None for account type: AAD
2025-05-27 04:49:14.999: [INFO][Sync] Credentials changed for: EdgeSyncScopeNew
2025-05-27 04:49:14.999: [INFO][SyncEngineBackend::DoUpdateCredentials] Update credentials
2025-05-27 04:49:14.999: [INFO][SyncSchedulerImpl::DoConfigurationSyncCycleJob] Blocked types:  and types to download: Encryption Keys
2025-05-27 04:49:18.564: [INFO][SyncEngineBackend::DoUpdateKeyDataCredentials] Update key data credentials
2025-05-27 04:49:18.567: [INFO][Sync] Started DataTypeManager configuration, reason: 4
2025-05-27 04:49:18.567: [INFO][Sync] Configuring for: Bookmarks, Preferences, Passwords, Autofill Profiles, Autofill, Extensions, Sessions, Extension settings, History Delete Directives, Device Info, User Consents, Send Tab To Self, Web Apps, History, Saved Tab Group, Collection, Edge E Drop, Edge Hub App Usage, Edge Tab Group, Edge Wallet, Encryption Keys, reason: 4, current state: 0
2025-05-27 04:49:18.567: [INFO][SyncEngineBackend::DoStartConfiguration] Start configuration
2025-05-27 04:49:18.569: [INFO][Sync] Configure, desired: Bookmarks, Preferences, Passwords, Autofill Profiles, Autofill, Extensions, Sessions, Extension settings, History Delete Directives, Device Info, User Consents, Send Tab To Self, Web Apps, History, Saved Tab Group, Collection, Edge E Drop, Edge Hub App Usage, Edge Tab Group, Edge Wallet, Encryption Keys; Allow fail: 
2025-05-27 04:49:18.569: [INFO][Sync] Loading: Bookmarks
2025-05-27 04:49:18.569: [INFO][Sync] Loading: Preferences
2025-05-27 04:49:18.569: [INFO][Sync] Loading: Passwords
2025-05-27 04:49:18.569: [INFO][Sync] Loading: Autofill Profiles
2025-05-27 04:49:18.569: [INFO][Sync] Loading: Autofill
2025-05-27 04:49:18.569: [INFO][Sync] Loading: Extensions
2025-05-27 04:49:18.569: [INFO][Sync] Loading: Sessions
2025-05-27 04:49:18.569: [INFO][Sync] Loading: Extension settings
2025-05-27 04:49:18.569: [INFO][Sync] Loading: History Delete Directives
2025-05-27 04:49:18.569: [INFO][Sync] Loading: Device Info
2025-05-27 04:49:18.569: [INFO][Sync] Loading: User Consents
2025-05-27 04:49:18.569: [INFO][Sync] Loading: Send Tab To Self
2025-05-27 04:49:18.569: [INFO][Sync] Loading: Web Apps
2025-05-27 04:49:18.569: [INFO][Sync] Loading: History
2025-05-27 04:49:18.569: [INFO][Sync] Loading: Saved Tab Group
2025-05-27 04:49:18.569: [INFO][Sync] Loading: Collection
2025-05-27 04:49:18.569: [INFO][Sync] Loading: Edge E Drop
2025-05-27 04:49:18.569: [INFO][Sync] Loading: Edge Hub App Usage
2025-05-27 04:49:18.569: [INFO][Sync] Loading: Edge Tab Group
2025-05-27 04:49:18.569: [INFO][Sync] Loading: Edge Wallet
2025-05-27 04:49:18.575: [INFO][Sync] All data types are ready for configure.
2025-05-27 04:49:18.576: [INFO][SyncManagerImpl::ConfigureSyncer] Types to download:  with reason: 4
2025-05-27 04:49:18.576: [INFO][SyncEngineBackend::DoFinishConfigureDataTypes] Failed to download types:  and succeeded types: 
2025-05-27 04:49:18.576: [INFO][Sync] ConfigurationDone, failed: , succeeded: , remaining count: 4
2025-05-27 04:49:18.576: [INFO][SyncManagerImpl::ConfigureSyncer] Types to download:  with reason: 4
2025-05-27 04:49:18.576: [INFO][SyncEngineBackend::DoFinishConfigureDataTypes] Failed to download types:  and succeeded types: 
2025-05-27 04:49:18.576: [INFO][Sync] ConfigurationDone, failed: , succeeded: , remaining count: 3
2025-05-27 04:49:18.576: [INFO][SyncManagerImpl::ConfigureSyncer] Types to download:  with reason: 4
2025-05-27 04:49:18.576: [INFO][SyncEngineBackend::DoFinishConfigureDataTypes] Failed to download types:  and succeeded types: 
2025-05-27 04:49:18.576: [INFO][Sync] ConfigurationDone, failed: , succeeded: , remaining count: 2
2025-05-27 04:49:18.576: [INFO][SyncManagerImpl::ConfigureSyncer] Types to download:  with reason: 4
2025-05-27 04:49:18.576: [INFO][SyncEngineBackend::DoFinishConfigureDataTypes] Failed to download types:  and succeeded types: 
2025-05-27 04:49:18.576: [INFO][Sync] ConfigurationDone, failed: , succeeded: , remaining count: 1
2025-05-27 04:49:18.578: [INFO][SyncManagerImpl::ConfigureSyncer] Types to download:  with reason: 4
2025-05-27 04:49:18.578: [INFO][SyncEngineBackend::DoFinishConfigureDataTypes] Failed to download types:  and succeeded types: 
2025-05-27 04:49:18.578: [INFO][Sync] ConfigurationDone, failed: , succeeded: , remaining count: 0
2025-05-27 04:49:18.580: [INFO][Sync]     Configuration completed, state: 3
2025-05-27 04:49:18.580: [INFO][Sync] Configured DataTypeManager: Ok
2025-05-27 04:49:18.581: [INFO][SyncEngineBackend::DoStartSyncing] Start syncing
2025-05-27 04:51:18.306: [INFO][Sync] Reset engine, reason: 0
2025-05-27 04:51:18.306: [INFO][Sync] Reset engine with reason: 0
2025-05-27 04:52:02.957: [INFO][Sync] SyncState after authenticated was: FeatureCanStart
2025-05-27 04:52:03.328: [INFO][Sync] Try to start sync engine
2025-05-27 04:52:03.331: [INFO][SyncAuthManager::SetLastAuthError] Current auth error: None
2025-05-27 04:52:03.331: [INFO][SyncAuthManager::EdgeLogTokenErrorState] Token error with: None for account type: AAD
2025-05-27 04:52:03.331: [INFO][Sync] Credentials changed for: EdgeSyncKeyDataScope
2025-05-27 04:52:03.336: [INFO][SyncManagerImpl::NudgeForInitialDownload] Initial download nudge for Encryption Keys
2025-05-27 04:52:03.336: [INFO][SyncEngineBackend::LoadAndConnectNigoriController] Load and connect Nigori controller
2025-05-27 04:52:03.336: [INFO][SyncEngineBackend::DoInitialize] Control Types added: Encryption Keys
2025-05-27 04:52:03.336: [INFO][SyncManagerImpl::ConfigureSyncer] Types to download: Encryption Keys with reason: 3
2025-05-27 04:52:03.336: [INFO][SyncEngineBackend::DoUpdateKeyDataCredentials] Update key data credentials
2025-05-27 04:52:03.336: [INFO][SyncSchedulerImpl::DoConfigurationSyncCycleJob] Configure job was blocked
2025-05-27 04:52:03.374: [INFO][SyncAuthManager::SetLastAuthError] Current auth error: None
2025-05-27 04:52:03.374: [INFO][SyncAuthManager::EdgeLogTokenErrorState] Token error with: None for account type: AAD
2025-05-27 04:52:03.374: [INFO][Sync] Credentials changed for: EdgeSyncScopeNew
2025-05-27 04:52:03.374: [INFO][SyncEngineBackend::DoUpdateCredentials] Update credentials
2025-05-27 04:52:03.374: [INFO][SyncSchedulerImpl::DoConfigurationSyncCycleJob] Blocked types:  and types to download: Encryption Keys
2025-05-27 04:52:05.559: [INFO][SyncEngineBackend::DoUpdateKeyDataCredentials] Update key data credentials
2025-05-27 04:52:05.561: [INFO][Sync] Started DataTypeManager configuration, reason: 4
2025-05-27 04:52:05.561: [INFO][Sync] Configuring for: Bookmarks, Preferences, Passwords, Autofill Profiles, Autofill, Extensions, Sessions, Extension settings, History Delete Directives, Device Info, User Consents, Send Tab To Self, Web Apps, History, Saved Tab Group, Collection, Edge E Drop, Edge Hub App Usage, Edge Tab Group, Edge Wallet, Encryption Keys, reason: 4, current state: 0
2025-05-27 04:52:05.561: [INFO][SyncEngineBackend::DoStartConfiguration] Start configuration
2025-05-27 04:52:05.563: [INFO][Sync] Configure, desired: Bookmarks, Preferences, Passwords, Autofill Profiles, Autofill, Extensions, Sessions, Extension settings, History Delete Directives, Device Info, User Consents, Send Tab To Self, Web Apps, History, Saved Tab Group, Collection, Edge E Drop, Edge Hub App Usage, Edge Tab Group, Edge Wallet, Encryption Keys; Allow fail: 
2025-05-27 04:52:05.563: [INFO][Sync] Loading: Bookmarks
2025-05-27 04:52:05.563: [INFO][Sync] Loading: Preferences
2025-05-27 04:52:05.563: [INFO][Sync] Loading: Passwords
2025-05-27 04:52:05.563: [INFO][Sync] Loading: Autofill Profiles
2025-05-27 04:52:05.563: [INFO][Sync] Loading: Autofill
2025-05-27 04:52:05.563: [INFO][Sync] Loading: Extensions
2025-05-27 04:52:05.563: [INFO][Sync] Loading: Sessions
2025-05-27 04:52:05.563: [INFO][Sync] Loading: Extension settings
2025-05-27 04:52:05.563: [INFO][Sync] Loading: History Delete Directives
2025-05-27 04:52:05.563: [INFO][Sync] Loading: Device Info
2025-05-27 04:52:05.563: [INFO][Sync] Loading: User Consents
2025-05-27 04:52:05.563: [INFO][Sync] Loading: Send Tab To Self
2025-05-27 04:52:05.563: [INFO][Sync] Loading: Web Apps
2025-05-27 04:52:05.563: [INFO][Sync] Loading: History
2025-05-27 04:52:05.563: [INFO][Sync] Loading: Saved Tab Group
2025-05-27 04:52:05.563: [INFO][Sync] Loading: Collection
2025-05-27 04:52:05.563: [INFO][Sync] Loading: Edge E Drop
2025-05-27 04:52:05.563: [INFO][Sync] Loading: Edge Hub App Usage
2025-05-27 04:52:05.563: [INFO][Sync] Loading: Edge Tab Group
2025-05-27 04:52:05.563: [INFO][Sync] Loading: Edge Wallet
2025-05-27 04:52:05.571: [INFO][Sync] All data types are ready for configure.
2025-05-27 04:52:05.572: [INFO][SyncManagerImpl::ConfigureSyncer] Types to download:  with reason: 4
2025-05-27 04:52:05.572: [INFO][SyncEngineBackend::DoFinishConfigureDataTypes] Failed to download types:  and succeeded types: 
2025-05-27 04:52:05.572: [INFO][Sync] ConfigurationDone, failed: , succeeded: , remaining count: 4
2025-05-27 04:52:05.572: [INFO][SyncManagerImpl::ConfigureSyncer] Types to download:  with reason: 4
2025-05-27 04:52:05.572: [INFO][SyncEngineBackend::DoFinishConfigureDataTypes] Failed to download types:  and succeeded types: 
2025-05-27 04:52:05.572: [INFO][Sync] ConfigurationDone, failed: , succeeded: , remaining count: 3
2025-05-27 04:52:05.572: [INFO][SyncManagerImpl::ConfigureSyncer] Types to download:  with reason: 4
2025-05-27 04:52:05.572: [INFO][SyncEngineBackend::DoFinishConfigureDataTypes] Failed to download types:  and succeeded types: 
2025-05-27 04:52:05.572: [INFO][Sync] ConfigurationDone, failed: , succeeded: , remaining count: 2
2025-05-27 04:52:05.572: [INFO][SyncManagerImpl::ConfigureSyncer] Types to download:  with reason: 4
2025-05-27 04:52:05.572: [INFO][SyncEngineBackend::DoFinishConfigureDataTypes] Failed to download types:  and succeeded types: 
2025-05-27 04:52:05.572: [INFO][Sync] ConfigurationDone, failed: , succeeded: , remaining count: 1
2025-05-27 04:52:05.574: [INFO][SyncManagerImpl::ConfigureSyncer] Types to download:  with reason: 4
2025-05-27 04:52:05.574: [INFO][SyncEngineBackend::DoFinishConfigureDataTypes] Failed to download types:  and succeeded types: 
2025-05-27 04:52:05.574: [INFO][Sync] ConfigurationDone, failed: , succeeded: , remaining count: 0
2025-05-27 04:52:05.575: [INFO][Sync]     Configuration completed, state: 3
2025-05-27 04:52:05.576: [INFO][Sync] Configured DataTypeManager: Ok
2025-05-27 04:52:05.577: [INFO][SyncEngineBackend::DoStartSyncing] Start syncing
2025-05-27 05:04:34.241: [INFO][Sync] SyncState after authenticated was: FeatureCanStart
2025-05-27 05:04:35.351: [INFO][Sync] Try to start sync engine
2025-05-27 05:04:35.354: [INFO][SyncManagerImpl::NudgeForInitialDownload] Initial download nudge for Encryption Keys
2025-05-27 05:04:35.354: [INFO][SyncEngineBackend::LoadAndConnectNigoriController] Load and connect Nigori controller
2025-05-27 05:04:35.354: [INFO][SyncEngineBackend::DoInitialize] Control Types added: Encryption Keys
2025-05-27 05:04:35.354: [INFO][SyncManagerImpl::ConfigureSyncer] Types to download: Encryption Keys with reason: 3
2025-05-27 05:04:35.355: [INFO][SyncSchedulerImpl::DoConfigurationSyncCycleJob] Configure job was blocked
2025-05-27 05:04:35.466: [INFO][SyncAuthManager::SetLastAuthError] Current auth error: None
2025-05-27 05:04:35.466: [INFO][SyncAuthManager::EdgeLogTokenErrorState] Token error with: None for account type: AAD
2025-05-27 05:04:35.466: [INFO][Sync] Credentials changed for: EdgeSyncKeyDataScope
2025-05-27 05:04:35.467: [INFO][SyncEngineBackend::DoUpdateKeyDataCredentials] Update key data credentials
2025-05-27 05:04:35.580: [INFO][SyncAuthManager::SetLastAuthError] Current auth error: None
2025-05-27 05:04:35.580: [INFO][SyncAuthManager::EdgeLogTokenErrorState] Token error with: None for account type: AAD
2025-05-27 05:04:35.580: [INFO][Sync] Credentials changed for: EdgeSyncScopeNew
2025-05-27 05:04:35.580: [INFO][SyncEngineBackend::DoUpdateCredentials] Update credentials
2025-05-27 05:04:35.581: [INFO][SyncEngineBackend::DoUpdateKeyDataCredentials] Update key data credentials
2025-05-27 05:04:35.581: [INFO][SyncSchedulerImpl::DoConfigurationSyncCycleJob] Blocked types:  and types to download: Encryption Keys
2025-05-27 05:04:38.696: [INFO][Sync] Started DataTypeManager configuration, reason: 4
2025-05-27 05:04:38.696: [INFO][Sync] Configuring for: Bookmarks, Preferences, Passwords, Autofill Profiles, Autofill, Extensions, Sessions, Extension settings, History Delete Directives, Device Info, User Consents, Send Tab To Self, Web Apps, History, Saved Tab Group, Collection, Edge E Drop, Edge Hub App Usage, Edge Tab Group, Edge Wallet, Encryption Keys, reason: 4, current state: 0
2025-05-27 05:04:38.696: [INFO][SyncEngineBackend::DoStartConfiguration] Start configuration
2025-05-27 05:04:38.700: [INFO][Sync] Configure, desired: Bookmarks, Preferences, Passwords, Autofill Profiles, Autofill, Extensions, Sessions, Extension settings, History Delete Directives, Device Info, User Consents, Send Tab To Self, Web Apps, History, Saved Tab Group, Collection, Edge E Drop, Edge Hub App Usage, Edge Tab Group, Edge Wallet, Encryption Keys; Allow fail: 
2025-05-27 05:04:38.701: [INFO][Sync] Loading: Bookmarks
2025-05-27 05:04:38.701: [INFO][Sync] Loading: Preferences
2025-05-27 05:04:38.701: [INFO][Sync] Loading: Passwords
2025-05-27 05:04:38.701: [INFO][Sync] Loading: Autofill Profiles
2025-05-27 05:04:38.701: [INFO][Sync] Loading: Autofill
2025-05-27 05:04:38.701: [INFO][Sync] Loading: Extensions
2025-05-27 05:04:38.701: [INFO][Sync] Loading: Sessions
2025-05-27 05:04:38.701: [INFO][Sync] Loading: Extension settings
2025-05-27 05:04:38.701: [INFO][Sync] Loading: History Delete Directives
2025-05-27 05:04:38.701: [INFO][Sync] Loading: Device Info
2025-05-27 05:04:38.701: [INFO][Sync] Loading: User Consents
2025-05-27 05:04:38.701: [INFO][Sync] Loading: Send Tab To Self
2025-05-27 05:04:38.701: [INFO][Sync] Loading: Web Apps
2025-05-27 05:04:38.701: [INFO][Sync] Loading: History
2025-05-27 05:04:38.702: [INFO][Sync] Loading: Saved Tab Group
2025-05-27 05:04:38.702: [INFO][Sync] Loading: Collection
2025-05-27 05:04:38.702: [INFO][Sync] Loading: Edge E Drop
2025-05-27 05:04:38.702: [INFO][Sync] Loading: Edge Hub App Usage
2025-05-27 05:04:38.702: [INFO][Sync] Loading: Edge Tab Group
2025-05-27 05:04:38.702: [INFO][Sync] Loading: Edge Wallet
2025-05-27 05:04:38.711: [INFO][Sync] All data types are ready for configure.
2025-05-27 05:04:38.712: [INFO][SyncManagerImpl::ConfigureSyncer] Types to download:  with reason: 4
2025-05-27 05:04:38.713: [INFO][SyncEngineBackend::DoFinishConfigureDataTypes] Failed to download types:  and succeeded types: 
2025-05-27 05:04:38.713: [INFO][Sync] ConfigurationDone, failed: , succeeded: , remaining count: 4
2025-05-27 05:04:38.713: [INFO][SyncManagerImpl::ConfigureSyncer] Types to download:  with reason: 4
2025-05-27 05:04:38.713: [INFO][SyncEngineBackend::DoFinishConfigureDataTypes] Failed to download types:  and succeeded types: 
2025-05-27 05:04:38.713: [INFO][Sync] ConfigurationDone, failed: , succeeded: , remaining count: 3
2025-05-27 05:04:38.713: [INFO][SyncManagerImpl::ConfigureSyncer] Types to download:  with reason: 4
2025-05-27 05:04:38.714: [INFO][SyncEngineBackend::DoFinishConfigureDataTypes] Failed to download types:  and succeeded types: 
2025-05-27 05:04:38.714: [INFO][Sync] ConfigurationDone, failed: , succeeded: , remaining count: 2
2025-05-27 05:04:38.714: [INFO][SyncManagerImpl::ConfigureSyncer] Types to download:  with reason: 4
2025-05-27 05:04:38.714: [INFO][SyncEngineBackend::DoFinishConfigureDataTypes] Failed to download types:  and succeeded types: 
2025-05-27 05:04:38.714: [INFO][Sync] ConfigurationDone, failed: , succeeded: , remaining count: 1
2025-05-27 05:04:38.720: [INFO][SyncManagerImpl::ConfigureSyncer] Types to download:  with reason: 4
2025-05-27 05:04:38.720: [INFO][SyncEngineBackend::DoFinishConfigureDataTypes] Failed to download types:  and succeeded types: 
2025-05-27 05:04:38.730: [INFO][Sync] ConfigurationDone, failed: , succeeded: , remaining count: 0
2025-05-27 05:04:38.732: [INFO][Sync]     Configuration completed, state: 3
2025-05-27 05:04:38.732: [INFO][Sync] Configured DataTypeManager: Ok
2025-05-27 05:04:38.737: [INFO][SyncEngineBackend::DoStartSyncing] Start syncing
2025-05-27 13:03:04.870: [INFO][Sync] SyncState after authenticated was: FeatureCanStart
2025-05-27 13:03:05.833: [INFO][Sync] Try to start sync engine
2025-05-27 13:03:05.843: [INFO][SyncManagerImpl::NudgeForInitialDownload] Initial download nudge for Encryption Keys
2025-05-27 13:03:05.843: [INFO][SyncEngineBackend::LoadAndConnectNigoriController] Load and connect Nigori controller
2025-05-27 13:03:05.843: [INFO][SyncEngineBackend::DoInitialize] Control Types added: Encryption Keys
2025-05-27 13:03:05.844: [INFO][SyncManagerImpl::ConfigureSyncer] Types to download: Encryption Keys with reason: 3
2025-05-27 13:03:05.844: [INFO][SyncSchedulerImpl::DoConfigurationSyncCycleJob] Configure job was blocked
2025-05-27 13:03:08.236: [INFO][SyncAuthManager::SetLastAuthError] Current auth error: None
2025-05-27 13:03:08.236: [INFO][SyncAuthManager::EdgeLogTokenErrorState] Token error with: None for account type: AAD
2025-05-27 13:03:08.236: [INFO][Sync] Credentials changed for: EdgeSyncKeyDataScope
2025-05-27 13:03:08.236: [INFO][SyncEngineBackend::DoUpdateKeyDataCredentials] Update key data credentials
2025-05-27 13:03:08.746: [INFO][SyncAuthManager::SetLastAuthError] Current auth error: None
2025-05-27 13:03:08.746: [INFO][SyncAuthManager::EdgeLogTokenErrorState] Token error with: None for account type: AAD
2025-05-27 13:03:08.747: [INFO][Sync] Credentials changed for: EdgeSyncScopeNew
2025-05-27 13:03:08.747: [INFO][SyncEngineBackend::DoUpdateCredentials] Update credentials
2025-05-27 13:03:08.747: [INFO][SyncEngineBackend::DoUpdateKeyDataCredentials] Update key data credentials
2025-05-27 13:03:08.747: [INFO][SyncSchedulerImpl::DoConfigurationSyncCycleJob] Blocked types:  and types to download: Encryption Keys
2025-05-27 13:03:10.312: [INFO][Sync] Started DataTypeManager configuration, reason: 4
2025-05-27 13:03:10.312: [INFO][Sync] Configuring for: Bookmarks, Preferences, Passwords, Autofill Profiles, Autofill, Extensions, Sessions, Extension settings, History Delete Directives, Device Info, User Consents, Send Tab To Self, Web Apps, History, Saved Tab Group, Collection, Edge E Drop, Edge Hub App Usage, Edge Tab Group, Edge Wallet, Encryption Keys, reason: 4, current state: 0
2025-05-27 13:03:10.312: [INFO][SyncEngineBackend::DoStartConfiguration] Start configuration
2025-05-27 13:03:10.313: [INFO][Sync] Configure, desired: Bookmarks, Preferences, Passwords, Autofill Profiles, Autofill, Extensions, Sessions, Extension settings, History Delete Directives, Device Info, User Consents, Send Tab To Self, Web Apps, History, Saved Tab Group, Collection, Edge E Drop, Edge Hub App Usage, Edge Tab Group, Edge Wallet, Encryption Keys; Allow fail: 
2025-05-27 13:03:10.313: [INFO][Sync] Loading: Bookmarks
2025-05-27 13:03:10.313: [INFO][Sync] Loading: Preferences
2025-05-27 13:03:10.313: [INFO][Sync] Loading: Passwords
2025-05-27 13:03:10.313: [INFO][Sync] Loading: Autofill Profiles
2025-05-27 13:03:10.313: [INFO][Sync] Loading: Autofill
2025-05-27 13:03:10.313: [INFO][Sync] Loading: Extensions
2025-05-27 13:03:10.313: [INFO][Sync] Loading: Sessions
2025-05-27 13:03:10.313: [INFO][Sync] Loading: Extension settings
2025-05-27 13:03:10.313: [INFO][Sync] Loading: History Delete Directives
2025-05-27 13:03:10.314: [INFO][Sync] Loading: Device Info
2025-05-27 13:03:10.314: [INFO][Sync] Loading: User Consents
2025-05-27 13:03:10.314: [INFO][Sync] Loading: Send Tab To Self
2025-05-27 13:03:10.314: [INFO][Sync] Loading: Web Apps
2025-05-27 13:03:10.314: [INFO][Sync] Loading: History
2025-05-27 13:03:10.314: [INFO][Sync] Loading: Saved Tab Group
2025-05-27 13:03:10.314: [INFO][Sync] Loading: Collection
2025-05-27 13:03:10.314: [INFO][Sync] Loading: Edge E Drop
2025-05-27 13:03:10.314: [INFO][Sync] Loading: Edge Hub App Usage
2025-05-27 13:03:10.314: [INFO][Sync] Loading: Edge Tab Group
2025-05-27 13:03:10.314: [INFO][Sync] Loading: Edge Wallet
2025-05-27 13:03:10.318: [INFO][Sync] All data types are ready for configure.
2025-05-27 13:03:10.319: [INFO][SyncManagerImpl::ConfigureSyncer] Types to download:  with reason: 4
2025-05-27 13:03:10.319: [INFO][SyncEngineBackend::DoFinishConfigureDataTypes] Failed to download types:  and succeeded types: 
2025-05-27 13:03:10.319: [INFO][Sync] ConfigurationDone, failed: , succeeded: , remaining count: 4
2025-05-27 13:03:10.319: [INFO][SyncManagerImpl::ConfigureSyncer] Types to download:  with reason: 4
2025-05-27 13:03:10.319: [INFO][SyncEngineBackend::DoFinishConfigureDataTypes] Failed to download types:  and succeeded types: 
2025-05-27 13:03:10.319: [INFO][Sync] ConfigurationDone, failed: , succeeded: , remaining count: 3
2025-05-27 13:03:10.319: [INFO][SyncManagerImpl::ConfigureSyncer] Types to download:  with reason: 4
2025-05-27 13:03:10.319: [INFO][SyncEngineBackend::DoFinishConfigureDataTypes] Failed to download types:  and succeeded types: 
2025-05-27 13:03:10.319: [INFO][Sync] ConfigurationDone, failed: , succeeded: , remaining count: 2
2025-05-27 13:03:10.319: [INFO][SyncManagerImpl::ConfigureSyncer] Types to download:  with reason: 4
2025-05-27 13:03:10.319: [INFO][SyncEngineBackend::DoFinishConfigureDataTypes] Failed to download types:  and succeeded types: 
2025-05-27 13:03:10.319: [INFO][Sync] ConfigurationDone, failed: , succeeded: , remaining count: 1
2025-05-27 13:03:10.320: [INFO][SyncManagerImpl::ConfigureSyncer] Types to download:  with reason: 4
2025-05-27 13:03:10.320: [INFO][SyncEngineBackend::DoFinishConfigureDataTypes] Failed to download types:  and succeeded types: 
2025-05-27 13:03:10.320: [INFO][Sync] ConfigurationDone, failed: , succeeded: , remaining count: 0
2025-05-27 13:03:10.321: [INFO][Sync]     Configuration completed, state: 3
2025-05-27 13:03:10.322: [INFO][Sync] Configured DataTypeManager: Ok
2025-05-27 13:03:10.323: [INFO][SyncEngineBackend::DoStartSyncing] Start syncing
